id_maquina,timestamp,falha_72h,probabilidade_v1,predicao_v1,probabilidade_v2,predicao_v2
M01,2026-06-08 00:00:00,0,0.006915516666666667,0,0.0,0
M02,2026-06-08 00:00:00,0,0.4691451499999999,0,0.4793624625,0
M03,2026-06-08 00:00:00,0,0.2964334666666666,0,0.23792416250000006,0
M04,2026-06-08 00:00:00,0,0.040819499999999995,0,0.0030626,0
M05,2026-06-08 00:00:00,0,0.41023229999999994,0,0.06824073750000001,0
M06,2026-06-08 00:00:00,0,0.21967553333333337,0,0.08834266250000002,0
M07,2026-06-08 00:00:00,0,0.023103733333333334,0,0.0045781375,0
M08,2026-06-08 00:00:00,0,0.0,0,0.0005434750000000001,0
M09,2026-06-08 00:00:00,0,0.06961518333333332,0,0.0005493875,0
M10,2026-06-08 00:00:00,0,0.3497629833333333,0,0.06899667500000002,0
M11,2026-06-08 00:00:00,1,0.6625236000000001,1,0.8102665625000001,1
M12,2026-06-08 00:00:00,0,0.027253083333333334,0,0.005116425,0
M13,2026-06-08 00:00:00,0,0.3147397166666666,0,0.2570287,0
M14,2026-06-08 00:00:00,0,0.0207533,0,0.0010988750000000002,0
M15,2026-06-08 00:00:00,0,0.12295723333333335,0,0.0432444375,0
M16,2026-06-08 00:00:00,0,0.015455266666666667,0,0.0035714250000000005,0
M17,2026-06-08 00:00:00,1,0.22400846666666668,0,0.11610197499999997,0
M18,2026-06-08 00:00:00,0,0.8631679166666666,1,0.6756624874999998,1
M19,2026-06-08 00:00:00,0,0.22416346666666664,0,0.03140705,0
M20,2026-06-08 00:00:00,0,0.08294531666666666,0,0.0127387625,0
M21,2026-06-08 00:00:00,1,0.6516801499999999,1,0.21925750000000002,0
M22,2026-06-08 00:00:00,0,0.16934438333333332,0,0.019062075000000005,0
M23,2026-06-08 00:00:00,0,0.7979105166666668,1,0.691056575,1
M24,2026-06-08 00:00:00,0,0.00043158333333333335,0,0.0008561625,0
M25,2026-06-08 00:00:00,0,0.7985050166666671,1,0.5491367374999998,1
M01,2026-06-08 01:00:00,0,0.023186233333333337,0,0.0020833375,0
M02,2026-06-08 01:00:00,0,0.42839525000000006,0,0.4480821375,0
M03,2026-06-08 01:00:00,0,0.7925857000000001,1,0.4477644499999999,0
M04,2026-06-08 01:00:00,0,0.021470200000000002,0,0.0038481624999999998,0
M05,2026-06-08 01:00:00,0,0.39802279999999995,0,0.05808468750000001,0
M06,2026-06-08 01:00:00,0,0.19623253333333338,0,0.11715793750000003,0
M07,2026-06-08 01:00:00,0,0.020800716666666667,0,0.0011200375000000001,0
M08,2026-06-08 01:00:00,0,0.0,0,0.0,0
M09,2026-06-08 01:00:00,0,0.16460625,0,0.06154255000000001,0
M10,2026-06-08 01:00:00,0,0.6119858499999999,1,0.22391513750000006,0
M11,2026-06-08 01:00:00,1,0.6556827166666668,1,0.5833681250000001,1
M12,2026-06-08 01:00:00,0,0.020219466666666668,0,0.0043037375,0
M13,2026-06-08 01:00:00,0,0.3971370166666667,0,0.3315383125,0
M14,2026-06-08 01:00:00,0,0.030172416666666663,0,0.0014655875000000001,0
M15,2026-06-08 01:00:00,0,0.06994041666666666,0,0.023967012500000003,0
M16,2026-06-08 01:00:00,0,0.014162416666666669,0,0.00321245,0
M17,2026-06-08 01:00:00,1,0.14995533333333333,0,0.09725644999999998,0
M18,2026-06-08 01:00:00,0,0.8587768333333332,1,0.7314294374999999,1
M19,2026-06-08 01:00:00,0,0.20388196666666664,0,0.010365625,0
M20,2026-06-08 01:00:00,0,0.09327971666666664,0,0.03409933750000001,0
M21,2026-06-08 01:00:00,1,0.8624988499999997,1,0.45324051249999986,0
M22,2026-06-08 01:00:00,0,0.08278046666666666,0,0.006695324999999999,0
M23,2026-06-08 01:00:00,0,0.7920207833333337,1,0.5391288875000002,1
M24,2026-06-08 01:00:00,0,0.005193133333333333,0,0.0004914625,0
M25,2026-06-08 01:00:00,0,0.7994636666666669,1,0.5234123999999999,1
M01,2026-06-08 02:00:00,0,0.023910716666666665,0,0.005662800000000001,0
M02,2026-06-08 02:00:00,0,0.3884382666666667,0,0.3766752375,0
M03,2026-06-08 02:00:00,0,0.8007091499999999,1,0.46243919999999983,0
M04,2026-06-08 02:00:00,0,0.0322566,0,0.009382962500000003,0
M05,2026-06-08 02:00:00,0,0.6363171833333331,1,0.0991758875,0
M06,2026-06-08 02:00:00,0,0.19088780000000002,0,0.062180400000000004,0
M07,2026-06-08 02:00:00,0,0.015745300000000004,0,0.0007268250000000001,0
M08,2026-06-08 02:00:00,0,0.0,0,0.0,0
M09,2026-06-08 02:00:00,0,0.07256193333333334,0,0.0058649125,0
M10,2026-06-08 02:00:00,0,0.5087660666666668,1,0.12392478750000005,0
M11,2026-06-08 02:00:00,1,0.6681958833333334,1,0.8596399375000001,1
M12,2026-06-08 02:00:00,0,0.0351112,0,0.0096072625,0
M13,2026-06-08 02:00:00,0,0.32606779999999996,0,0.18438834999999995,0
M14,2026-06-08 02:00:00,0,0.025316266666666667,0,0.0013487625,0
M15,2026-06-08 02:00:00,0,0.08261054999999999,0,0.0210467,0
M16,2026-06-08 02:00:00,0,0.050971,0,0.0075884,0
M17,2026-06-08 02:00:00,1,0.32568778333333326,0,0.23810366249999992,0
M18,2026-06-08 02:00:00,0,0.7951536666666665,1,0.5582119750000001,1
M19,2026-06-08 02:00:00,0,0.21987198333333333,0,0.0219937,0
M20,2026-06-08 02:00:00,0,0.052793049999999994,0,0.007840375,0
M21,2026-06-08 02:00:00,1,0.6623445500000001,1,0.30678183750000004,0
M22,2026-06-08 02:00:00,0,0.11097489999999999,0,0.0082719625,0
M23,2026-06-08 02:00:00,0,0.7587148333333336,1,0.42186238749999994,0
M24,2026-06-08 02:00:00,0,0.005193133333333333,0,0.0004914625,0
M25,2026-06-08 02:00:00,0,0.7674963500000004,1,0.5404219124999999,1
M01,2026-06-08 03:00:00,0,0.025847866666666663,0,8.9e-06,0
M02,2026-06-08 03:00:00,0,0.48883291666666656,0,0.440579325,0
M03,2026-06-08 03:00:00,0,0.7687859833333334,1,0.4571691749999999,0
M04,2026-06-08 03:00:00,0,0.027441966666666668,0,0.005913375,0
M05,2026-06-08 03:00:00,0,0.33589266666666673,0,0.0627917125,0
M06,2026-06-08 03:00:00,0,0.17851026666666672,0,0.055507825,0
M07,2026-06-08 03:00:00,0,0.03904265,0,0.023381325,0
M08,2026-06-08 03:00:00,0,0.0060041,0,0.001965725,0
M09,2026-06-08 03:00:00,0,0.06209351666666667,0,0.0027269250000000003,0
M10,2026-06-08 03:00:00,0,0.5175048000000001,1,0.12649987500000004,0
M11,2026-06-08 03:00:00,1,0.6683351166666667,1,0.6366983375,1
M12,2026-06-08 03:00:00,0,0.022268533333333337,0,0.0005434750000000001,0
M13,2026-06-08 03:00:00,0,0.3228746833333334,0,0.21387806250000002,0
M14,2026-06-08 03:00:00,0,0.0224912,0,0.0007805749999999999,0
M15,2026-06-08 03:00:00,0,0.09034146666666665,0,0.016047462499999998,0
M16,2026-06-08 03:00:00,0,0.050971,0,0.0075884,0
M17,2026-06-08 03:00:00,1,0.16838854999999997,0,0.059037525,0
M18,2026-06-08 03:00:00,0,0.8260471666666668,1,0.6336385250000001,1
M19,2026-06-08 03:00:00,0,0.44266775,0,0.111909375,0
M20,2026-06-08 03:00:00,0,0.05012486666666667,0,0.009790437499999999,0
M21,2026-06-08 03:00:00,1,0.8552465166666664,1,0.5042452249999998,1
M22,2026-06-08 03:00:00,0,0.11033433333333333,0,0.00484585,0
M23,2026-06-08 03:00:00,0,0.7781926833333334,1,0.43600079999999997,0
M24,2026-06-08 03:00:00,0,0.008130799999999999,0,0.00031099999999999997,0
M25,2026-06-08 03:00:00,0,0.779153166666667,1,0.5226373999999999,1
M01,2026-06-08 04:00:00,0,0.0224993,0,0.0019825875,0
M02,2026-06-08 04:00:00,0,0.8678783999999997,1,0.8388496874999998,1
M03,2026-06-08 04:00:00,0,0.7530529333333333,1,0.41841055000000005,0
M04,2026-06-08 04:00:00,0,0.04804894999999999,0,0.0026230000000000003,0
M05,2026-06-08 04:00:00,0,0.2487460833333333,0,0.05537497499999999,0
M06,2026-06-08 04:00:00,0,0.27417423333333335,0,0.106432225,0
M07,2026-06-08 04:00:00,0,0.027330583333333328,0,0.0017813,0
M08,2026-06-08 04:00:00,0,0.019431066666666667,0,0.003289475,0
M09,2026-06-08 04:00:00,0,0.09221255,0,0.0026503625000000005,0
M10,2026-06-08 04:00:00,0,0.58908615,1,0.14765388749999997,0
M11,2026-06-08 04:00:00,1,0.5938319333333333,1,0.7238693875,1
M12,2026-06-08 04:00:00,0,0.03578064999999999,0,0.0227145125,0
M13,2026-06-08 04:00:00,0,0.31173333333333336,0,0.19450698749999992,0
M14,2026-06-08 04:00:00,0,0.030715433333333333,0,0.0011871625,0
M15,2026-06-08 04:00:00,0,0.3027645666666666,0,0.013036875,0
M16,2026-06-08 04:00:00,0,0.023681766666666666,0,0.0063159375,0
M17,2026-06-08 04:00:00,1,0.36120204999999994,0,0.3427779125,0
M18,2026-06-08 04:00:00,0,0.7532073333333335,1,0.5616843125000001,1
M19,2026-06-08 04:00:00,0,0.3006916166666666,0,0.025919075000000003,0
M20,2026-06-08 04:00:00,0,0.06045438333333332,0,0.0109352625,0
M21,2026-06-08 04:00:00,1,0.8607133499999997,1,0.5596461374999998,1
M22,2026-06-08 04:00:00,0,0.13109563333333332,0,0.010811949999999999,0
M23,2026-06-08 04:00:00,0,0.8893981833333334,1,0.6074311499999999,1
M24,2026-06-08 04:00:00,0,0.005193133333333333,0,0.00031099999999999997,0
M25,2026-06-08 04:00:00,0,0.7717751000000004,1,0.5187560124999999,1
M01,2026-06-08 05:00:00,0,0.04660491666666666,0,0.00711435,0
M02,2026-06-08 05:00:00,0,0.8109045666666663,1,0.5364084499999999,1
M03,2026-06-08 05:00:00,0,0.7934566666666666,1,0.42375097500000003,0
M04,2026-06-08 05:00:00,0,0.029601183333333333,0,0.0046584375,0
M05,2026-06-08 05:00:00,0,0.2383302,0,0.0542522375,0
M06,2026-06-08 05:00:00,0,0.2895922,0,0.10829908749999999,0
M07,2026-06-08 05:00:00,0,0.20928686666666668,0,0.058558700000000005,0
M08,2026-06-08 05:00:00,0,0.0033108499999999997,0,0.0,0
M09,2026-06-08 05:00:00,0,0.062310250000000005,0,6.91875e-05,0
M10,2026-06-08 05:00:00,0,0.5815637166666667,1,0.16225192499999996,0
M11,2026-06-08 05:00:00,1,0.6651385333333334,1,0.8204741875000001,1
M12,2026-06-08 05:00:00,0,0.01580495,0,0.0223145125,0
M13,2026-06-08 05:00:00,0,0.47172896666666675,0,0.26544755,0
M14,2026-06-08 05:00:00,0,0.046233316666666656,0,0.0016319875,0
M15,2026-06-08 05:00:00,0,0.24246958333333335,0,0.026659937499999998,0
M16,2026-06-08 05:00:00,0,0.03297465,0,0.0009024875,0
M17,2026-06-08 05:00:00,1,0.3665642833333333,0,0.3613875250000001,0
M18,2026-06-08 05:00:00,0,0.8335757333333333,1,0.6405310749999998,1
M19,2026-06-08 05:00:00,0,0.4499400999999999,0,0.1037392375,0
M20,2026-06-08 05:00:00,0,0.07056698333333333,0,0.0175187625,0
M21,2026-06-08 05:00:00,1,0.8581767166666663,1,0.5634869749999998,1
M22,2026-06-08 05:00:00,0,0.09567496666666667,0,0.007693174999999998,0
M23,2026-06-08 05:00:00,0,0.8267350333333338,1,0.5643308499999999,1
M24,2026-06-08 05:00:00,0,0.005193133333333333,0,0.0006332125,0
M25,2026-06-08 05:00:00,0,0.7417418333333337,1,0.46517082500000007,0
M01,2026-06-08 06:00:00,0,0.03613581666666666,0,2.03e-05,0
M02,2026-06-08 06:00:00,0,0.7958456666666666,1,0.5773889874999998,1
M03,2026-06-08 06:00:00,0,0.7746117000000001,1,0.49884552499999996,0
M04,2026-06-08 06:00:00,0,0.024880233333333335,0,0.0035496,0
M05,2026-06-08 06:00:00,0,0.34303556666666674,0,0.043820149999999995,0
M06,2026-06-08 06:00:00,0,0.1723977833333334,0,0.0514072,0
M07,2026-06-08 06:00:00,0,0.17535360000000003,0,0.08223450000000002,0
M08,2026-06-08 06:00:00,0,0.0,0,0.0,0
M09,2026-06-08 06:00:00,0,0.08993003333333333,0,0.0404146125,0
M10,2026-06-08 06:00:00,0,0.8073503833333331,1,0.3871880999999999,0
M11,2026-06-08 06:00:00,1,0.666857,1,0.8622921875000001,1
M12,2026-06-08 06:00:00,0,0.026400216666666667,0,0.030375025,0
M13,2026-06-08 06:00:00,0,0.6734560166666671,1,0.38938933749999993,0
M14,2026-06-08 06:00:00,0,0.06059131666666666,0,0.0175009625,0
M15,2026-06-08 06:00:00,0,0.12486346666666663,0,0.0312341875,0
M16,2026-06-08 06:00:00,0,0.03329438333333334,0,0.0028933500000000003,0
M17,2026-06-08 06:00:00,1,0.7097306500000002,1,0.6197504374999999,1
M18,2026-06-08 06:00:00,0,0.8197413333333334,1,0.6509315250000001,1
M19,2026-06-08 06:00:00,0,0.5253551333333333,1,0.181440875,0
M20,2026-06-08 06:00:00,0,0.06525448333333332,0,0.0183843,0
M21,2026-06-08 06:00:00,1,0.8360257499999996,1,0.5509225749999999,1
M22,2026-06-08 06:00:00,0,0.10043378333333333,0,0.00890435,0
M23,2026-06-08 06:00:00,0,0.7748798500000003,1,0.4683190250000001,0
M24,2026-06-08 06:00:00,0,0.005193133333333333,0,0.00031099999999999997,0
M25,2026-06-08 06:00:00,0,0.772914966666667,1,0.53372095,1
M01,2026-06-08 07:00:00,0,0.022053733333333336,0,0.012973725,0
M02,2026-06-08 07:00:00,0,0.8624045499999995,1,0.641826575,1
M03,2026-06-08 07:00:00,0,0.90755435,1,0.6880688375000001,1
M04,2026-06-08 07:00:00,0,0.01840175,0,0.008760687500000001,0
M05,2026-06-08 07:00:00,0,0.3519359,0,0.056870387499999994,0
M06,2026-06-08 07:00:00,0,0.14316091666666664,0,0.06086308750000001,0
M07,2026-06-08 07:00:00,0,0.13167736666666666,0,0.0459473,0
M08,2026-06-08 07:00:00,0,0.00018446666666666666,0,0.0010064375,0
M09,2026-06-08 07:00:00,0,0.014656583333333332,0,0.0024550125,0
M10,2026-06-08 07:00:00,0,0.5571640833333334,1,0.21480291250000003,0
M11,2026-06-08 07:00:00,1,0.6519134833333333,1,0.6141203875000001,1
M12,2026-06-08 07:00:00,0,0.04129125,0,0.0223145125,0
M13,2026-06-08 07:00:00,0,0.6952233833333337,1,0.39100899999999994,0
M14,2026-06-08 07:00:00,0,0.11275326666666666,0,0.050881775,0
M15,2026-06-08 07:00:00,0,0.24232584999999998,0,0.0306023875,0
M16,2026-06-08 07:00:00,0,0.06844346666666666,0,0.0067228625,0
M17,2026-06-08 07:00:00,1,0.6924377500000001,1,0.48596255000000016,0
M18,2026-06-08 07:00:00,0,0.8902605500000002,1,0.6678455250000002,1
M19,2026-06-08 07:00:00,0,0.6353337833333332,1,0.37464119999999995,0
M20,2026-06-08 07:00:00,0,0.061539066666666656,0,0.0099633625,0
M21,2026-06-08 07:00:00,1,0.8720149166666662,1,0.591792525,1
M22,2026-06-08 07:00:00,0,0.13074135,0,0.007528749999999999,0
M23,2026-06-08 07:00:00,0,0.8327219166666671,1,0.6251930374999998,1
M24,2026-06-08 07:00:00,0,0.008692816666666667,0,0.006236500000000001,0
M25,2026-06-08 07:00:00,0,0.7590514833333338,1,0.48622960000000004,0
M01,2026-06-08 08:00:00,0,0.010956833333333334,0,0.0047822,0
M02,2026-06-08 08:00:00,0,0.8136075666666667,1,0.6834850749999997,1
M03,2026-06-08 08:00:00,0,0.8972455833333332,1,0.7160797874999999,1
M04,2026-06-08 08:00:00,0,0.03551654999999999,0,0.0105917,0
M05,2026-06-08 08:00:00,0,0.3168789833333333,0,0.04450075,0
M06,2026-06-08 08:00:00,0,0.11971676666666667,0,0.05765591250000002,0
M07,2026-06-08 08:00:00,0,0.09799001666666665,0,0.044141,0
M08,2026-06-08 08:00:00,0,0.0223451,0,0.0,0
M09,2026-06-08 08:00:00,0,0.10543226666666668,0,0.028125337500000007,0
M10,2026-06-08 08:00:00,0,0.5552135333333335,1,0.22205827500000005,0
M11,2026-06-08 08:00:00,1,0.666857,1,0.8599638875,1
M12,2026-06-08 08:00:00,0,0.022745583333333333,0,0.0392256625,0
M13,2026-06-08 08:00:00,0,0.7066982500000004,1,0.44209422499999984,0
M14,2026-06-08 08:00:00,0,0.06448473333333332,0,0.05559027500000001,0
M15,2026-06-08 08:00:00,0,0.3982265833333333,0,0.1080421375,0
M16,2026-06-08 08:00:00,0,0.047927716666666655,0,0.004104450000000001,0
M17,2026-06-08 08:00:00,1,0.6752900166666668,1,0.631637375,1
M18,2026-06-08 08:00:00,0,0.9065863333333332,1,0.6838780750000002,1
M19,2026-06-08 08:00:00,0,0.6140143333333332,1,0.37773118749999995,0
M20,2026-06-08 08:00:00,0,0.06321289999999999,0,0.015840899999999998,0
M21,2026-06-08 08:00:00,1,0.8704442999999995,1,0.564432175,1
M22,2026-06-08 08:00:00,0,0.12187743333333333,0,0.012784537500000002,0
M23,2026-06-08 08:00:00,0,0.8193983666666669,1,0.706637125,1
M24,2026-06-08 08:00:00,0,0.008692816666666667,0,0.0060560375,0
M25,2026-06-08 08:00:00,0,0.8673929999999999,1,0.6627209999999998,1
M01,2026-06-08 09:00:00,0,0.03593428333333334,0,0.0098294625,0
M02,2026-06-08 09:00:00,0,0.8256553833333334,1,0.7002208874999998,1
M03,2026-06-08 09:00:00,0,0.7513693499999999,1,0.4890429375,0
M04,2026-06-08 09:00:00,0,0.026058983333333334,0,0.0081104,0
M05,2026-06-08 09:00:00,0,0.38202118333333335,0,0.06402132499999999,0
M06,2026-06-08 09:00:00,0,0.1460685333333333,0,0.064947,0
M07,2026-06-08 09:00:00,0,0.10577556666666665,0,0.05319727500000001,0
M08,2026-06-08 09:00:00,0,0.0,0,0.0,0
M09,2026-06-08 09:00:00,0,0.03408390000000001,0,0.0026076874999999998,0
M10,2026-06-08 09:00:00,0,0.7695990333333333,1,0.439068525,0
M11,2026-06-08 09:00:00,1,0.6668025333333335,1,0.8288512375000001,1
M12,2026-06-08 09:00:00,0,0.025489516666666667,0,0.039542112500000004,0
M13,2026-06-08 09:00:00,0,0.6511186166666669,1,0.34917391249999996,0
M14,2026-06-08 09:00:00,0,0.10311973333333334,0,0.066836925,0
M15,2026-06-08 09:00:00,0,0.3529821999999999,0,0.09949521250000001,0
M16,2026-06-08 09:00:00,0,0.05044056666666666,0,0.009458625000000002,0
M17,2026-06-08 09:00:00,1,0.5778487166666666,1,0.43905076249999997,0
M18,2026-06-08 09:00:00,0,0.8897419333333333,1,0.7019543250000002,1
M19,2026-06-08 09:00:00,0,0.5837236333333331,1,0.28637337500000004,0
M20,2026-06-08 09:00:00,0,0.07254025,0,0.0177400875,0
M21,2026-06-08 09:00:00,1,0.865545483333333,1,0.6630960249999999,1
M22,2026-06-08 09:00:00,0,0.13746175,0,0.011669675,0
M23,2026-06-08 09:00:00,0,0.8226455000000004,1,0.6540558874999999,1
M24,2026-06-08 09:00:00,0,0.008692816666666667,0,0.0060560375,0
M25,2026-06-08 09:00:00,0,0.7574598000000002,1,0.5492035374999998,1
M01,2026-06-08 10:00:00,0,0.019615933333333335,0,0.008608987500000002,0
M02,2026-06-08 10:00:00,0,0.7879129333333332,1,0.6713199999999996,1
M03,2026-06-08 10:00:00,0,0.7642813333333331,1,0.5094886499999999,1
M04,2026-06-08 10:00:00,0,0.02057223333333334,0,0.005002412500000001,0
M05,2026-06-08 10:00:00,0,0.4571484833333334,0,0.05681351250000001,0
M06,2026-06-08 10:00:00,0,0.1629101666666667,0,0.07119322500000003,0
M07,2026-06-08 10:00:00,0,0.0886386833333333,0,0.05554905,0
M08,2026-06-08 10:00:00,0,0.0,0,0.0,0
M09,2026-06-08 10:00:00,0,0.04102438333333333,0,0.0027016749999999997,0
M10,2026-06-08 10:00:00,0,0.5998275333333335,1,0.23961011250000008,0
M11,2026-06-08 10:00:00,1,0.6703169333333334,1,0.8519300000000001,1
M12,2026-06-08 10:00:00,0,0.04129125,0,0.024629325,0
M13,2026-06-08 10:00:00,0,0.8034054833333334,1,0.45816289999999993,0
M14,2026-06-08 10:00:00,0,0.09460344999999999,0,0.064336925,0
M15,2026-06-08 10:00:00,0,0.15857456666666667,0,0.017852175,0
M16,2026-06-08 10:00:00,0,0.037676016666666666,0,0.0044800875,0
M17,2026-06-08 10:00:00,1,0.6442336166666667,1,0.4760027375000001,0
M18,2026-06-08 10:00:00,0,0.9505550500000001,1,0.8172943250000001,1
M19,2026-06-08 10:00:00,0,0.8266349333333332,1,0.5671983249999999,1
M20,2026-06-08 10:00:00,0,0.1094330333333333,0,0.0181985125,0
M21,2026-06-08 10:00:00,1,0.8712765499999997,1,0.6502305874999997,1
M22,2026-06-08 10:00:00,0,0.12411828333333333,0,0.0100881,0
M23,2026-06-08 10:00:00,0,0.8162247000000004,1,0.6514243124999999,1
M24,2026-06-08 10:00:00,0,0.008692816666666667,0,0.0118139625,0
M25,2026-06-08 10:00:00,0,0.8183376,1,0.5699277875,1
M01,2026-06-08 11:00:00,0,0.011943600000000002,0,0.0080906875,0
M02,2026-06-08 11:00:00,0,0.7626633500000001,1,0.6307955249999997,1
M03,2026-06-08 11:00:00,0,0.7678101333333331,1,0.5037799749999998,1
M04,2026-06-08 11:00:00,0,0.02064095,0,0.004872200000000001,0
M05,2026-06-08 11:00:00,1,0.49070966666666654,0,0.22327853750000007,0
M06,2026-06-08 11:00:00,0,0.12498331666666666,0,0.05238558750000001,0
M07,2026-06-08 11:00:00,0,0.060033449999999995,0,0.0454349125,0
M08,2026-06-08 11:00:00,0,0.02229486666666667,0,0.0005208375000000001,0
M09,2026-06-08 11:00:00,0,0.04705333333333333,0,0.00278285,0
M10,2026-06-08 11:00:00,0,0.5506965166666669,1,0.22711393750000006,0
M11,2026-06-08 11:00:00,1,0.6662220666666667,1,0.8285739624999999,1
M12,2026-06-08 11:00:00,0,0.04129125,0,0.026415050000000002,0
M13,2026-06-08 11:00:00,0,0.8109522666666666,1,0.4734080625,0
M14,2026-06-08 11:00:00,0,0.06379693333333332,0,0.04291292499999999,0
M15,2026-06-08 11:00:00,0,0.16066455,0,0.0278543,0
M16,2026-06-08 11:00:00,0,0.060408149999999994,0,0.007160762500000001,0
M17,2026-06-08 11:00:00,1,0.6677563333333332,1,0.5762211500000001,1
M18,2026-06-08 11:00:00,0,0.9339223833333334,1,0.7971519875,1
M19,2026-06-08 11:00:00,0,0.5874825166666665,1,0.33582949999999995,0
M20,2026-06-08 11:00:00,0,0.07210721666666665,0,0.0238738625,0
M21,2026-06-08 11:00:00,1,0.8547522166666663,1,0.6202129499999998,1
M22,2026-06-08 11:00:00,0,0.11610996666666666,0,0.008889974999999998,0
M23,2026-06-08 11:00:00,0,0.7492638500000002,1,0.47154466250000004,0
M24,2026-06-08 11:00:00,0,0.008692816666666667,0,0.0089538875,0
M25,2026-06-08 11:00:00,0,0.8074225333333334,1,0.5857743249999998,1
M01,2026-06-08 12:00:00,0,0.017462900000000003,0,0.010043100000000001,0
M02,2026-06-08 12:00:00,0,0.7793091666666666,1,0.6562115624999997,1
M03,2026-06-08 12:00:00,0,0.7679058499999999,1,0.49338423749999993,0
M04,2026-06-08 12:00:00,0,0.019848750000000005,0,0.0081104,0
M05,2026-06-08 12:00:00,1,0.40239501666666666,0,0.12321441250000001,0
M06,2026-06-08 12:00:00,0,0.11646118333333333,0,0.0538207875,0
M07,2026-06-08 12:00:00,0,0.06663065,0,0.044347950000000004,0
M08,2026-06-08 12:00:00,0,0.0,0,0.0,0
M09,2026-06-08 12:00:00,0,0.033555433333333336,0,9.39875e-05,0
M10,2026-06-08 12:00:00,0,0.73652345,1,0.47859045,0
M11,2026-06-08 12:00:00,1,0.6608154666666665,1,0.672294725,1
M12,2026-06-08 12:00:00,0,0.042986383333333336,0,0.0227145125,0
M13,2026-06-08 12:00:00,0,0.860744366666667,1,0.7159139374999997,1
M14,2026-06-08 12:00:00,0,0.18858598333333335,0,0.18013492499999997,0
M15,2026-06-08 12:00:00,0,0.2212489,0,0.024318049999999997,0
M16,2026-06-08 12:00:00,0,0.05026545,0,0.003727875,0
M17,2026-06-08 12:00:00,1,0.61831305,1,0.5034123125,1
M18,2026-06-08 12:00:00,0,0.9779240666666666,1,0.9482694500000001,1
M19,2026-06-08 12:00:00,0,0.7984981666666664,1,0.4747288124999999,0
M20,2026-06-08 12:00:00,0,0.0702399,0,0.0169130625,0
M21,2026-06-08 12:00:00,1,0.7446509500000001,1,0.34634823750000004,0
M22,2026-06-08 12:00:00,0,0.08879071666666666,0,0.0041399,0
M23,2026-06-08 12:00:00,0,0.7130389666666669,1,0.43715911249999995,0
M24,2026-06-08 12:00:00,0,0.008692816666666667,0,0.0060560375,0
M25,2026-06-08 12:00:00,0,0.8021265666666668,1,0.5527761,1
M01,2026-06-08 13:00:00,0,0.025847866666666663,0,0.0001176,0
M02,2026-06-08 13:00:00,0,0.7811144833333336,1,0.6490256874999998,1
M03,2026-06-08 13:00:00,0,0.7513693499999999,1,0.4602446375000001,0
M04,2026-06-08 13:00:00,0,0.020010133333333336,0,0.0035496,0
M05,2026-06-08 13:00:00,1,0.34374246666666675,0,0.0771204375,0
M06,2026-06-08 13:00:00,0,0.1280052,0,0.0555893875,0
M07,2026-06-08 13:00:00,0,0.07123651666666665,0,0.04890051250000001,0
M08,2026-06-08 13:00:00,0,0.0,0,0.0,0
M09,2026-06-08 13:00:00,0,0.03468086666666667,0,0.0027016749999999997,0
M10,2026-06-08 13:00:00,0,0.7699272166666667,1,0.5680485875,1
M11,2026-06-08 13:00:00,1,0.66897805,1,0.8426515375000001,1
M12,2026-06-08 13:00:00,0,0.040236433333333335,0,0.0326791875,0
M13,2026-06-08 13:00:00,0,0.8975860333333335,1,0.8254449874999998,1
M14,2026-06-08 13:00:00,0,0.07252353333333333,0,0.06079065,0
M15,2026-06-08 13:00:00,0,0.5354434666666665,1,0.160440525,0
M16,2026-06-08 13:00:00,0,0.03550233333333333,0,0.0039702625,0
M17,2026-06-08 13:00:00,1,0.6512108,1,0.7386525749999999,1
M18,2026-06-08 13:00:00,0,0.9439527333333333,1,0.8409544624999998,1
M19,2026-06-08 13:00:00,0,0.4472704333333333,0,0.16900953749999997,0
M20,2026-06-08 13:00:00,0,0.08071811666666664,0,0.020761099999999998,0
M21,2026-06-08 13:00:00,1,0.8523719166666665,1,0.6220154999999999,1
M22,2026-06-08 13:00:00,0,0.10316431666666667,0,0.007202637499999999,0
M23,2026-06-08 13:00:00,0,0.7395002166666667,1,0.4573623499999999,0
M24,2026-06-08 13:00:00,0,0.008692816666666667,0,0.008912600000000001,0
M25,2026-06-08 13:00:00,0,0.8019492666666665,1,0.5470619,1
M01,2026-06-08 14:00:00,0,0.01877046666666667,0,0.0005376875000000001,0
M02,2026-06-08 14:00:00,0,0.7899969166666667,1,0.6259902999999998,1
M03,2026-06-08 14:00:00,0,0.7723132333333332,1,0.48535182499999996,0
M04,2026-06-08 14:00:00,0,0.02616266666666667,0,0.0098743625,0
M05,2026-06-08 14:00:00,1,0.6106282833333332,1,0.1778558125,0
M06,2026-06-08 14:00:00,0,0.24144593333333333,0,0.0740317875,0
M07,2026-06-08 14:00:00,0,0.10567225000000001,0,0.07940905000000001,0
M08,2026-06-08 14:00:00,0,0.0,0,0.0,0
M09,2026-06-08 14:00:00,0,0.026103233333333333,0,0.00462475,0
M10,2026-06-08 14:00:00,0,0.7667176666666666,1,0.6221023499999998,1
M11,2026-06-08 14:00:00,1,0.6689655666666667,1,0.860274375,1
M12,2026-06-08 14:00:00,0,0.028441800000000003,0,0.030375025,0
M13,2026-06-08 14:00:00,0,0.7792532333333337,1,0.4997939124999998,0
M14,2026-06-08 14:00:00,0,0.0759888,0,0.0554997375,0
M15,2026-06-08 14:00:00,0,0.22821916666666667,0,0.022257649999999997,0
M16,2026-06-08 14:00:00,0,0.045219899999999986,0,0.0095857,0
M17,2026-06-08 14:00:00,1,0.5011106166666666,1,0.3992438750000001,0
M18,2026-06-08 14:00:00,0,0.9485427166666668,1,0.8468292249999999,1
M19,2026-06-08 14:00:00,0,0.4491630833333333,0,0.16667126249999997,0
M20,2026-06-08 14:00:00,0,0.07567101666666666,0,0.019917424999999996,0
M21,2026-06-08 14:00:00,1,0.71578825,1,0.35879205,0
M22,2026-06-08 14:00:00,0,0.11763053333333333,0,0.0113075625,0
M23,2026-06-08 14:00:00,0,0.7076849333333334,1,0.4530534499999999,0
M24,2026-06-08 14:00:00,0,0.008692816666666667,0,0.006236500000000001,0
M25,2026-06-08 14:00:00,0,0.8126274499999998,1,0.5548941624999999,1
M01,2026-06-08 15:00:00,0,0.015538050000000001,0,0.0001580625,0
M02,2026-06-08 15:00:00,0,0.7771421833333333,1,0.5575336124999998,1
M03,2026-06-08 15:00:00,0,0.8216563333333333,1,0.5017422125000002,1
M04,2026-06-08 15:00:00,0,0.01984811666666667,0,0.0005180375,0
M05,2026-06-08 15:00:00,1,0.5798378999999999,1,0.2147679375,0
M06,2026-06-08 15:00:00,0,0.17741801666666668,0,0.0637971625,0
M07,2026-06-08 15:00:00,0,0.0648617,0,0.0511321875,0
M08,2026-06-08 15:00:00,0,0.0,0,0.0,0
M09,2026-06-08 15:00:00,0,0.053080733333333324,0,0.00278285,0
M10,2026-06-08 15:00:00,0,0.7434210666666666,1,0.579905625,1
M11,2026-06-08 15:00:00,1,0.6605104666666665,1,0.71697535,1
M12,2026-06-08 15:00:00,0,0.0339736,0,0.0353631875,0
M13,2026-06-08 15:00:00,0,0.8563073833333338,1,0.6716134874999997,1
M14,2026-06-08 15:00:00,0,0.09922034999999998,0,0.06826090000000001,0
M15,2026-06-08 15:00:00,0,0.2571427333333333,0,0.027680874999999994,0
M16,2026-06-08 15:00:00,0,0.07774643333333332,0,0.07452909999999999,0
M17,2026-06-08 15:00:00,1,0.51709705,1,0.44608605,0
M18,2026-06-08 15:00:00,0,0.9602570666666667,1,0.880137525,1
M19,2026-06-08 15:00:00,0,0.4977176333333333,0,0.22056282500000002,0
M20,2026-06-08 15:00:00,0,0.07515416666666665,0,0.02060025,0
M21,2026-06-08 15:00:00,1,0.8733320833333331,1,0.6225808374999999,1
M22,2026-06-08 15:00:00,0,0.09320486666666666,0,0.0083161125,0
M23,2026-06-08 15:00:00,0,0.6490931333333335,1,0.40964419999999996,0
M24,2026-06-08 15:00:00,0,0.05350318333333334,0,0.029290899999999998,0
M25,2026-06-08 15:00:00,0,0.8091781166666667,1,0.5483860750000001,1
M01,2026-06-08 16:00:00,0,0.06619396666666667,0,0.008636775,0
M02,2026-06-08 16:00:00,0,0.5148392333333336,1,0.49746827499999996,0
M03,2026-06-08 16:00:00,0,0.7918064666666665,1,0.49765457500000015,0
M04,2026-06-08 16:00:00,0,0.024875816666666665,0,0.0023318875,0
M05,2026-06-08 16:00:00,1,0.28233025,0,0.06985186250000001,0
M06,2026-06-08 16:00:00,0,0.3296977666666666,0,0.0947911875,0
M07,2026-06-08 16:00:00,0,0.12622713333333332,0,0.08683838749999999,0
M08,2026-06-08 16:00:00,0,0.0,0,0.0,0
M09,2026-06-08 16:00:00,0,0.09599376666666666,0,0.020062112500000003,0
M10,2026-06-08 16:00:00,0,0.7483171333333334,1,0.5517104,1
M11,2026-06-08 16:00:00,1,0.6683165833333333,1,0.8614287875000001,1
M12,2026-06-08 16:00:00,0,0.026552100000000002,0,0.0223145125,0
M13,2026-06-08 16:00:00,0,0.770292016666667,1,0.6031855749999998,1
M14,2026-06-08 16:00:00,0,0.15664569999999997,0,0.08549630000000001,0
M15,2026-06-08 16:00:00,0,0.3431186500000001,0,0.03132757499999999,0
M16,2026-06-08 16:00:00,0,0.07079143333333332,0,0.022177725000000002,0
M17,2026-06-08 16:00:00,0,0.26886078333333335,0,0.2507827875,0
M18,2026-06-08 16:00:00,0,0.9393381333333334,1,0.8311924124999999,1
M19,2026-06-08 16:00:00,0,0.7851840999999998,1,0.39614801250000004,0
M20,2026-06-08 16:00:00,0,0.18675111666666666,0,0.030623362500000008,0
M21,2026-06-08 16:00:00,1,0.8571943833333331,1,0.6338829875,1
M22,2026-06-08 16:00:00,0,0.07693971666666667,0,0.004054275,0
M23,2026-06-08 16:00:00,0,0.8302083499999999,1,0.4984356750000001,0
M24,2026-06-08 16:00:00,0,0.008692816666666667,0,0.006930950000000001,0
M25,2026-06-08 16:00:00,0,0.8107234000000002,1,0.5394365375000001,1
M01,2026-06-08 17:00:00,0,0.028227600000000002,0,0.010981975000000001,0
M02,2026-06-08 17:00:00,0,0.5256897166666669,1,0.47574008749999985,0
M03,2026-06-08 17:00:00,0,0.8017774333333332,1,0.48283256250000023,0
M04,2026-06-08 17:00:00,0,0.033971949999999994,0,0.0056834,0
M05,2026-06-08 17:00:00,1,0.6546373166666665,1,0.2282551,0
M06,2026-06-08 17:00:00,0,0.13633556666666669,0,0.056220487500000006,0
M07,2026-06-08 17:00:00,0,0.11802449999999999,0,0.05418611250000001,0
M08,2026-06-08 17:00:00,0,0.0,0,0.0,0
M09,2026-06-08 17:00:00,0,0.07790001666666667,0,0.030869200000000006,0
M10,2026-06-08 17:00:00,0,0.7507936,1,0.5577327000000001,1
M11,2026-06-08 17:00:00,1,0.6673120333333334,1,0.8381253124999999,1
M12,2026-06-08 17:00:00,0,0.03143498333333333,0,0.019997124999999998,0
M13,2026-06-08 17:00:00,0,0.7155153333333334,1,0.3667354875,0
M14,2026-06-08 17:00:00,0,0.10984746666666664,0,0.07708857500000002,0
M15,2026-06-08 17:00:00,0,0.3002012666666667,0,0.04160685,0
M16,2026-06-08 17:00:00,0,0.06215488333333332,0,0.0303042125,0
M17,2026-06-08 17:00:00,0,0.18219918333333332,0,0.12294275000000002,0
M18,2026-06-08 17:00:00,0,0.9327398666666668,1,0.849437625,1
M19,2026-06-08 17:00:00,0,0.5079029666666666,1,0.1872135,0
M20,2026-06-08 17:00:00,0,0.11654069999999997,0,0.029109875,0
M21,2026-06-08 17:00:00,1,0.7101635833333334,1,0.271257175,0
M22,2026-06-08 17:00:00,0,0.08257696666666667,0,0.0051412375000000005,0
M23,2026-06-08 17:00:00,0,0.6445047166666668,1,0.3771975125,0
M24,2026-06-08 17:00:00,0,0.015631383333333335,0,0.006750487500000001,0
M25,2026-06-08 17:00:00,0,0.8270796833333335,1,0.5673469,1
M01,2026-06-08 18:00:00,0,0.014589133333333337,0,0.0001783625,0
M02,2026-06-08 18:00:00,0,0.5280242833333335,1,0.4616187375,0
M03,2026-06-08 18:00:00,0,0.7759235166666667,1,0.45871028750000004,0
M04,2026-06-08 18:00:00,0,0.02903878333333333,0,0.005009462500000001,0
M05,2026-06-08 18:00:00,1,0.717859383333333,1,0.24684738749999996,0
M06,2026-06-08 18:00:00,0,0.1527191166666667,0,0.07623084999999999,0
M07,2026-06-08 18:00:00,0,0.11880389999999999,0,0.05911035000000001,0
M08,2026-06-08 18:00:00,0,0.0,0,0.0,0
M09,2026-06-08 18:00:00,0,0.02965175,0,0.004925975,0
M10,2026-06-08 18:00:00,0,0.7191760333333334,1,0.40780953749999993,0
M11,2026-06-08 18:00:00,1,0.6675025166666668,1,0.8408962624999999,1
M12,2026-06-08 18:00:00,0,0.028247233333333333,0,0.0227145125,0
M13,2026-06-08 18:00:00,0,0.8005505500000002,1,0.4155621625,0
M14,2026-06-08 18:00:00,0,0.06583834999999999,0,0.051931950000000004,0
M15,2026-06-08 18:00:00,0,0.28534489999999996,0,0.035377475,0
M16,2026-06-08 18:00:00,0,0.06215488333333332,0,0.0347577125,0
M17,2026-06-08 18:00:00,0,0.15626315,0,0.05427372500000001,0
M18,2026-06-08 18:00:00,0,0.9107614,1,0.788505075,1
M19,2026-06-08 18:00:00,0,0.43301171666666666,0,0.18053043749999997,0
M20,2026-06-08 18:00:00,0,0.19513868333333334,0,0.01710505,0
M21,2026-06-08 18:00:00,1,0.7359577666666668,1,0.3292219500000001,0
M22,2026-06-08 18:00:00,0,0.10216908333333334,0,0.015748675,0
M23,2026-06-08 18:00:00,0,0.7358891500000002,1,0.4612620999999999,0
M24,2026-06-08 18:00:00,0,0.015631383333333335,0,0.0075678875,0
M25,2026-06-08 18:00:00,0,0.9177158166666665,1,0.8148306624999998,1
M01,2026-06-08 19:00:00,0,0.025919716666666662,0,0.0001783625,0
M02,2026-06-08 19:00:00,0,0.7986815833333334,1,0.6889115374999997,1
M03,2026-06-08 19:00:00,0,0.7864061666666669,1,0.49337353749999996,0
M04,2026-06-08 19:00:00,0,0.060468499999999994,0,0.0027173875,0
M05,2026-06-08 19:00:00,1,0.608344733333333,1,0.202715275,0
M06,2026-06-08 19:00:00,0,0.16401088333333338,0,0.06328040000000001,0
M07,2026-06-08 19:00:00,0,0.07012851666666667,0,0.040364475,0
M08,2026-06-08 19:00:00,0,0.015811183333333333,0,0.0005208375000000001,0
M09,2026-06-08 19:00:00,0,0.047017949999999996,0,0.0038869374999999998,0
M10,2026-06-08 19:00:00,0,0.8344794999999998,1,0.491003175,0
M11,2026-06-08 19:00:00,1,0.6674900333333335,1,0.883307125,1
M12,2026-06-08 19:00:00,0,0.03791710000000001,0,0.024419062499999998,0
M13,2026-06-08 19:00:00,0,0.7892950000000003,1,0.43924343749999994,0
M14,2026-06-08 19:00:00,0,0.06607906666666666,0,0.052356200000000006,0
M15,2026-06-08 19:00:00,0,0.4725902833333332,0,0.20880748749999997,0
M16,2026-06-08 19:00:00,0,0.05432939999999999,0,0.0210287375,0
M17,2026-06-08 19:00:00,0,0.10451265000000001,0,0.0163842375,0
M18,2026-06-08 19:00:00,0,0.9109952333333333,1,0.7543209874999999,1
M19,2026-06-08 19:00:00,0,0.7851519833333332,1,0.43415800000000004,0
M20,2026-06-08 19:00:00,0,0.06717255,0,0.014829025,0
M21,2026-06-08 19:00:00,1,0.8706476666666664,1,0.6287842499999999,1
M22,2026-06-08 19:00:00,0,0.10381101666666666,0,0.00584555,0
M23,2026-06-08 19:00:00,0,0.8300031833333333,1,0.5704470124999999,1
M24,2026-06-08 19:00:00,0,0.018326133333333335,0,0.006930950000000001,0
M25,2026-06-08 19:00:00,0,0.8383080666666668,1,0.5676424375000002,1
M01,2026-06-08 20:00:00,0,0.015061733333333337,0,0.00028331250000000004,0
M02,2026-06-08 20:00:00,0,0.7953847000000001,1,0.6727766749999998,1
M03,2026-06-08 20:00:00,0,0.8494614166666666,1,0.5614185999999999,1
M04,2026-06-08 20:00:00,0,0.02719176666666667,0,0.0002475625,0
M05,2026-06-08 20:00:00,1,0.6886123166666663,1,0.22267026249999997,0
M06,2026-06-08 20:00:00,0,0.38239760000000006,0,0.0958090375,0
M07,2026-06-08 20:00:00,0,0.06413641666666665,0,0.0388515,0
M08,2026-06-08 20:00:00,0,0.04226211666666667,0,0.0005208375000000001,0
M09,2026-06-08 20:00:00,0,0.04454143333333333,0,0.0027356,0
M10,2026-06-08 20:00:00,0,0.4609277500000001,0,0.2852002625,0
M11,2026-06-08 20:00:00,1,0.6674900333333335,1,0.86721565,1
M12,2026-06-08 20:00:00,0,0.0739436,0,0.033704,0
M13,2026-06-08 20:00:00,0,0.7717438666666668,1,0.6360699124999999,1
M14,2026-06-08 20:00:00,0,0.07096141666666665,0,0.05951836250000001,0
M15,2026-06-08 20:00:00,0,0.40135143333333345,0,0.03349533750000001,0
M16,2026-06-08 20:00:00,0,0.062222049999999994,0,0.018521562499999998,0
M17,2026-06-08 20:00:00,0,0.08555598333333332,0,0.017195037500000003,0
M18,2026-06-08 20:00:00,0,0.9603107499999999,1,0.84748565,1
M19,2026-06-08 20:00:00,0,0.4657565333333334,0,0.1783686375,0
M20,2026-06-08 20:00:00,0,0.062084016666666665,0,0.0110995,0
M21,2026-06-08 20:00:00,1,0.8715960666666664,1,0.5951170749999999,1
M22,2026-06-08 20:00:00,0,0.11598496666666665,0,0.012129575,0
M23,2026-06-08 20:00:00,0,0.7841017000000001,1,0.47038976249999986,0
M24,2026-06-08 20:00:00,0,0.008692816666666667,0,0.006930950000000001,0
M25,2026-06-08 20:00:00,0,0.918370733333333,1,0.7852378124999999,1
M01,2026-06-08 21:00:00,0,0.012153916666666669,0,0.0003757125,0
M02,2026-06-08 21:00:00,0,0.9066599999999999,1,0.7726607999999999,1
M03,2026-06-08 21:00:00,0,0.8290298166666666,1,0.57133445,1
M04,2026-06-08 21:00:00,0,0.02719176666666667,0,0.0027475625,0
M05,2026-06-08 21:00:00,1,0.7242070166666662,1,0.26189987499999995,0
M06,2026-06-08 21:00:00,0,0.1504046666666667,0,0.0629591875,0
M07,2026-06-08 21:00:00,0,0.11142488333333332,0,0.042485725,0
M08,2026-06-08 21:00:00,0,0.03981223333333333,0,0.0020833375,0
M09,2026-06-08 21:00:00,0,0.036780066666666666,0,0.0084791625,0
M10,2026-06-08 21:00:00,0,0.556493766666667,1,0.31001538749999996,0
M11,2026-06-08 21:00:00,1,0.6416482666666667,1,0.62354275,1
M12,2026-06-08 21:00:00,0,0.03982926666666666,0,0.030301412500000003,0
M13,2026-06-08 21:00:00,0,0.8787811166666668,1,0.6939339624999998,1
M14,2026-06-08 21:00:00,0,0.16721443333333336,0,0.15265826249999997,0
M15,2026-06-08 21:00:00,0,0.2341709,0,0.018013425,0
M16,2026-06-08 21:00:00,0,0.05443254999999999,0,0.02366945,0
M17,2026-06-08 21:00:00,0,0.07160828333333334,0,0.013654512499999999,0
M18,2026-06-08 21:00:00,0,0.9723822666666665,1,0.9215823750000001,1
M19,2026-06-08 21:00:00,0,0.41892599999999997,0,0.17457402499999997,0
M20,2026-06-08 21:00:00,0,0.055768933333333326,0,0.010619225,0
M21,2026-06-08 21:00:00,1,0.7649939500000003,1,0.362175125,0
M22,2026-06-08 21:00:00,0,0.1079752,0,0.01038735,0
M23,2026-06-08 21:00:00,0,0.7538897333333333,1,0.4703322499999999,0
M24,2026-06-08 21:00:00,0,0.008692816666666667,0,0.006930950000000001,0
M25,2026-06-08 21:00:00,0,0.8461537500000001,1,0.580595225,1
M01,2026-06-08 22:00:00,0,0.028453649999999997,0,0.00041740000000000006,0
M02,2026-06-08 22:00:00,0,0.8134220999999999,1,0.6618304499999995,1
M03,2026-06-08 22:00:00,0,0.8887098333333333,1,0.6130299374999998,1
M04,2026-06-08 22:00:00,0,0.05037581666666666,0,0.0016256375,0
M05,2026-06-08 22:00:00,1,0.5058737666666667,1,0.09725550000000002,0
M06,2026-06-08 22:00:00,0,0.1637224666666667,0,0.060926637500000005,0
M07,2026-06-08 22:00:00,0,0.15917905,0,0.08009603750000001,0
M08,2026-06-08 22:00:00,0,0.0,0,0.0,0
M09,2026-06-08 22:00:00,0,0.0278983,0,0.0060148,0
M10,2026-06-08 22:00:00,0,0.6250219166666667,1,0.3450542,0
M11,2026-06-08 22:00:00,1,0.6674900333333335,1,0.8747656750000001,1
M12,2026-06-08 22:00:00,0,0.0579183,0,0.0269831625,0
M13,2026-06-08 22:00:00,0,0.8585818333333338,1,0.7238242624999998,1
M14,2026-06-08 22:00:00,0,0.09940223333333333,0,0.06278733750000001,0
M15,2026-06-08 22:00:00,0,0.24793476666666664,0,0.0316352625,0
M16,2026-06-08 22:00:00,0,0.05846281666666665,0,0.0210287375,0
M17,2026-06-08 22:00:00,0,0.06325073333333334,0,0.011557737500000002,0
M18,2026-06-08 22:00:00,0,0.9170497000000002,1,0.7998357249999999,1
M19,2026-06-08 22:00:00,0,0.4257650333333334,0,0.20978281250000003,0
M20,2026-06-08 22:00:00,0,0.03927964999999999,0,0.008748112499999999,0
M21,2026-06-08 22:00:00,1,0.901039333333333,1,0.6790201624999999,1
M22,2026-06-08 22:00:00,0,0.10285093333333334,0,0.010802125,0
M23,2026-06-08 22:00:00,0,0.9413994833333333,1,0.8252103624999998,1
M24,2026-06-08 22:00:00,0,0.013553933333333334,0,0.009787512500000001,0
M25,2026-06-08 22:00:00,0,0.8039595833333333,1,0.48189265000000014,0
M01,2026-06-08 23:00:00,0,0.029007216666666665,0,0.00529385,0
M02,2026-06-08 23:00:00,0,0.7909408833333332,1,0.6626907124999997,1
M03,2026-06-08 23:00:00,0,0.8753087999999999,1,0.6515732749999998,1
M04,2026-06-08 23:00:00,0,0.0339868,0,0.0054993,0
M05,2026-06-08 23:00:00,1,0.4722106000000001,0,0.07791105000000001,0
M06,2026-06-08 23:00:00,0,0.14657553333333334,0,0.040863487500000004,0
M07,2026-06-08 23:00:00,0,0.10083503333333334,0,0.05319727500000001,0
M08,2026-06-08 23:00:00,0,0.04226211666666667,0,0.0005208375000000001,0
M09,2026-06-08 23:00:00,0,0.05806376666666666,0,0.0008321749999999999,0
M10,2026-06-08 23:00:00,0,0.7006785666666666,1,0.40691538750000006,0
M11,2026-06-08 23:00:00,1,0.6809571499999999,1,0.6024435125000003,1
M12,2026-06-08 23:00:00,0,0.04146541666666666,0,0.022883975,0
M13,2026-06-08 23:00:00,0,0.8777942333333334,1,0.8031821249999999,1
M14,2026-06-08 23:00:00,0,0.07992553333333331,0,0.06290751250000001,0
M15,2026-06-08 23:00:00,0,0.3299551333333334,0,0.037540487500000004,0
M16,2026-06-08 23:00:00,0,0.06844218333333331,0,0.0244315125,0
M17,2026-06-08 23:00:00,0,0.06325073333333334,0,0.0111545125,0
M18,2026-06-08 23:00:00,0,0.9228503500000002,1,0.8213294374999999,1
M19,2026-06-08 23:00:00,0,0.30671878333333336,0,0.19351938750000003,0
M20,2026-06-08 23:00:00,0,0.0229011,0,0.010161149999999999,0
M21,2026-06-08 23:00:00,1,0.7007293833333333,1,0.3156851,0
M22,2026-06-08 23:00:00,0,0.27404329999999993,0,0.06218543749999998,0
M23,2026-06-08 23:00:00,0,0.8221499666666668,1,0.6505969875000001,1
M24,2026-06-08 23:00:00,0,0.039564100000000005,0,0.030256187499999997,0
M25,2026-06-08 23:00:00,0,0.7809955166666668,1,0.551613775,1
M01,2026-06-09 00:00:00,0,0.04108803333333332,0,0.0020118375,0
M02,2026-06-09 00:00:00,0,0.7880575000000003,1,0.6354703249999998,1
M03,2026-06-09 00:00:00,0,0.8312919000000001,1,0.5799693875,1
M04,2026-06-09 00:00:00,0,0.06044065,0,0.002994675,0
M05,2026-06-09 00:00:00,1,0.6808119666666664,1,0.1925760125,0
M06,2026-06-09 00:00:00,0,0.15386456666666665,0,0.05285295000000001,0
M07,2026-06-09 00:00:00,0,0.10796946666666667,0,0.058057912499999996,0
M08,2026-06-09 00:00:00,0,0.0,0,0.0,0
M09,2026-06-09 00:00:00,0,0.14066725,0,0.0359585375,0
M10,2026-06-09 00:00:00,0,0.7128804333333333,1,0.45728776250000003,0
M11,2026-06-09 00:00:00,1,0.5582928333333333,1,0.7845065875000001,1
M12,2026-06-09 00:00:00,0,0.02458016666666667,0,0.0251848,0
M13,2026-06-09 00:00:00,0,0.8732078333333334,1,0.7889877125000001,1
M14,2026-06-09 00:00:00,0,0.10046936666666666,0,0.0722930625,0
M15,2026-06-09 00:00:00,0,0.4389272833333334,0,0.06032545,0
M16,2026-06-09 00:00:00,0,0.05336746666666666,0,0.025970275000000004,0
M17,2026-06-09 00:00:00,0,0.0092055,0,0.0,0
M18,2026-06-09 00:00:00,0,0.9354784333333331,1,0.8742038624999999,1
M19,2026-06-09 00:00:00,0,0.2962369833333333,0,0.1912819125,0
M20,2026-06-09 00:00:00,0,0.02360895,0,0.0106241125,0
M21,2026-06-09 00:00:00,1,0.7454726833333335,1,0.3555191999999999,0
M22,2026-06-09 00:00:00,0,0.11914963333333332,0,0.008433362499999998,0
M23,2026-06-09 00:00:00,0,0.7948790666666666,1,0.5856115625,1
M24,2026-06-09 00:00:00,0,0.013739433333333332,0,0.006236500000000001,0
M25,2026-06-09 00:00:00,0,0.6731983333333332,1,0.529550725,1
M01,2026-06-09 01:00:00,0,0.015113516666666667,0,0.000135125,0
M02,2026-06-09 01:00:00,0,0.7751283499999998,1,0.6047988999999996,1
M03,2026-06-09 01:00:00,0,0.8360276166666666,1,0.574297775,1
M04,2026-06-09 01:00:00,0,0.03588943333333334,0,0.000640325,0
M05,2026-06-09 01:00:00,1,0.48193146666666664,0,0.08132138750000001,0
M06,2026-06-09 01:00:00,0,0.14602656666666666,0,0.043943475,0
M07,2026-06-09 01:00:00,0,0.10425223333333333,0,0.06786077500000001,0
M08,2026-06-09 01:00:00,0,0.0008424,0,0.0,0
M09,2026-06-09 01:00:00,0,0.05545853333333333,0,0.010515912499999999,0
M10,2026-06-09 01:00:00,0,0.7348407333333333,1,0.5573347624999999,1
M11,2026-06-09 01:00:00,1,0.6508837999999998,1,0.648826925,1
M12,2026-06-09 01:00:00,0,0.0516599,0,0.024188525,0
M13,2026-06-09 01:00:00,0,0.7341003333333336,1,0.5384732624999999,1
M14,2026-06-09 01:00:00,0,0.11991708333333333,0,0.07060580000000001,0
M15,2026-06-09 01:00:00,0,0.4172343333333333,0,0.058166437500000015,0
M16,2026-06-09 01:00:00,0,0.06529928333333332,0,0.0235485375,0
M17,2026-06-09 01:00:00,0,0.05683988333333333,0,0.003125,0
M18,2026-06-09 01:00:00,0,0.9725095999999999,1,0.9050464875000002,1
M19,2026-06-09 01:00:00,0,0.48294034999999996,0,0.19055143749999998,0
M20,2026-06-09 01:00:00,0,0.09030936666666664,0,0.0215418125,0
M21,2026-06-09 01:00:00,1,0.8351367333333328,1,0.45952326250000003,0
M22,2026-06-09 01:00:00,0,0.10689396666666666,0,0.00787895,0
M23,2026-06-09 01:00:00,0,0.8018588666666668,1,0.6325344625,1
M24,2026-06-09 01:00:00,0,0.07684158333333332,0,0.03955877499999999,0
M25,2026-06-09 01:00:00,0,0.7747834833333334,1,0.5535513125,1
M01,2026-06-09 02:00:00,0,0.009529333333333334,0,0.0002931875,0
M02,2026-06-09 02:00:00,0,0.7884722833333334,1,0.6418932249999996,1
M03,2026-06-09 02:00:00,0,0.8217042499999999,1,0.6332310624999999,1
M04,2026-06-09 02:00:00,0,0.04610411666666667,0,0.002282,0
M05,2026-06-09 02:00:00,1,0.3567696666666667,0,0.053231362500000004,0
M06,2026-06-09 02:00:00,0,0.25058946666666665,0,0.0770471625,0
M07,2026-06-09 02:00:00,0,0.12101291666666665,0,0.0740973375,0
M08,2026-06-09 02:00:00,0,0.04672166666666667,0,0.0005208375000000001,0
M09,2026-06-09 02:00:00,0,0.09831126666666669,0,0.0055484374999999996,0
M10,2026-06-09 02:00:00,0,0.7482743833333333,1,0.6434179624999998,1
M11,2026-06-09 02:00:00,1,0.6508837999999998,1,0.6591778,1
M12,2026-06-09 02:00:00,0,0.04081638333333334,0,0.021367825,0
M13,2026-06-09 02:00:00,0,0.9380028499999999,1,0.8551217750000003,1
M14,2026-06-09 02:00:00,0,0.09162014999999998,0,0.07086425,0
M15,2026-06-09 02:00:00,0,0.2902362666666667,0,0.040862187499999994,0
M16,2026-06-09 02:00:00,0,0.03686115,0,0.0216537375,0
M17,2026-06-09 02:00:00,0,0.0092055,0,0.0,0
M18,2026-06-09 02:00:00,0,0.9178339333333334,1,0.7757661250000003,1
M19,2026-06-09 02:00:00,0,0.4976955166666666,0,0.1913235375,0
M20,2026-06-09 02:00:00,0,0.1365324,0,0.0177001,0
M21,2026-06-09 02:00:00,1,0.8573474999999996,1,0.5849398625,1
M22,2026-06-09 02:00:00,0,0.11588169999999999,0,0.0073941625,0
M23,2026-06-09 02:00:00,0,0.815279,1,0.7723877874999999,1
M24,2026-06-09 02:00:00,0,0.018658849999999998,0,0.0073397875,0
M25,2026-06-09 02:00:00,0,0.7721936666666668,1,0.5227047875,1
M01,2026-06-09 03:00:00,0,0.006341583333333334,0,0.00028331250000000004,0
M02,2026-06-09 03:00:00,0,0.7809077500000001,1,0.6342763624999996,1
M03,2026-06-09 03:00:00,0,0.72070365,1,0.6169156249999999,1
M04,2026-06-09 03:00:00,0,0.038843916666666665,0,0.0002933875,0
M05,2026-06-09 03:00:00,1,0.7478094333333328,1,0.2658005,0
M06,2026-06-09 03:00:00,0,0.18335613333333337,0,0.0668679625,0
M07,2026-06-09 03:00:00,0,0.05130676666666667,0,0.04633810000000001,0
M08,2026-06-09 03:00:00,0,0.0,0,0.0,0
M09,2026-06-09 03:00:00,0,0.04807313333333333,0,0.0030698374999999995,0
M10,2026-06-09 03:00:00,0,0.7270361333333334,1,0.5672894125,1
M11,2026-06-09 03:00:00,1,0.6704283666666666,1,0.830857125,1
M12,2026-06-09 03:00:00,0,0.02458016666666667,0,0.0251848,0
M13,2026-06-09 03:00:00,0,0.9307049499999998,1,0.8598460375000002,1
M14,2026-06-09 03:00:00,0,0.09930144999999999,0,0.071237125,0
M15,2026-06-09 03:00:00,0,0.33675606666666674,0,0.0556754375,0
M16,2026-06-09 03:00:00,0,0.05229166666666665,0,0.023954562500000002,0
M17,2026-06-09 03:00:00,0,0.03252556666666667,0,0.0015602,0
M18,2026-06-09 03:00:00,0,0.8800633666666666,1,0.6648023750000001,1
M19,2026-06-09 03:00:00,0,0.5124683833333331,1,0.21066351249999998,0
M20,2026-06-09 03:00:00,0,0.10661863333333331,0,0.0174380375,0
M21,2026-06-09 03:00:00,1,0.8228390666666663,1,0.48349893749999995,0
M22,2026-06-09 03:00:00,0,0.12617898333333333,0,0.007315262499999998,0
M23,2026-06-09 03:00:00,0,0.8206718333333336,1,0.643017325,1
M24,2026-06-09 03:00:00,0,0.06814445,0,0.02813709999999999,0
M25,2026-06-09 03:00:00,0,0.7931092166666667,1,0.5379293625000001,1
M01,2026-06-09 04:00:00,0,0.013115983333333336,0,0.00028331250000000004,0
M02,2026-06-09 04:00:00,0,0.7573284833333335,1,0.5910277124999996,1
M03,2026-06-09 04:00:00,0,0.9058709166666665,1,0.6807969624999999,1
M04,2026-06-09 04:00:00,0,0.05404744999999999,0,0.002123775,0
M05,2026-06-09 04:00:00,1,0.6586867666666664,1,0.23512485,0
M06,2026-06-09 04:00:00,0,0.2824223166666667,0,0.06926815,0
M07,2026-06-09 04:00:00,0,0.03633703333333334,0,0.03517065,0
M08,2026-06-09 04:00:00,0,0.0,0,0.0,0
M09,2026-06-09 04:00:00,0,0.06812583333333334,0,0.0036922500000000002,0
M10,2026-06-09 04:00:00,0,0.70732665,1,0.5114110124999999,1
M11,2026-06-09 04:00:00,1,0.6691069166666668,1,0.8321541125000002,1
M12,2026-06-09 04:00:00,0,0.02288808333333333,0,0.00028331250000000004,0
M13,2026-06-09 04:00:00,0,0.9339807833333335,1,0.8577506125000001,1
M14,2026-06-09 04:00:00,0,0.09901738333333333,0,0.05935402500000001,0
M15,2026-06-09 04:00:00,0,0.30366029999999994,0,0.066578225,0
M16,2026-06-09 04:00:00,0,0.08686078333333332,0,0.07141447499999998,0
M17,2026-06-09 04:00:00,0,0.0092055,0,0.000403225,0
M18,2026-06-09 04:00:00,0,0.8783602833333333,1,0.6424633,1
M19,2026-06-09 04:00:00,0,0.45367814999999995,0,0.18025708750000002,0
M20,2026-06-09 04:00:00,0,0.0952431333333333,0,0.014026587499999998,0
M21,2026-06-09 04:00:00,1,0.848609533333333,1,0.6260759375,1
M22,2026-06-09 04:00:00,0,0.10355435,0,0.007319574999999999,0
M23,2026-06-09 04:00:00,0,0.91607215,1,0.7026343374999997,1
M24,2026-06-09 04:00:00,0,0.0166771,0,0.0090956375,0
M25,2026-06-09 04:00:00,0,0.7728961666666666,1,0.6922646875,1
M01,2026-06-09 05:00:00,0,0.019265883333333334,0,0.001627075,0
M02,2026-06-09 05:00:00,0,0.9095496666666665,1,0.7607336124999997,1
M03,2026-06-09 05:00:00,1,0.9045933999999999,1,0.6463075125,1
M04,2026-06-09 05:00:00,0,0.058860133333333335,0,0.0007412750000000001,0
M05,2026-06-09 05:00:00,1,0.4880265999999999,0,0.13747602499999997,0
M06,2026-06-09 05:00:00,0,0.17610783333333335,0,0.0305192375,0
M07,2026-06-09 05:00:00,0,0.08838251666666667,0,0.055360737500000014,0
M08,2026-06-09 05:00:00,0,0.0008424,0,0.0,0
M09,2026-06-09 05:00:00,0,0.10713723333333335,0,0.022128362500000002,0
M10,2026-06-09 05:00:00,0,0.7288875333333332,1,0.5681761124999999,1
M11,2026-06-09 05:00:00,1,0.6524605499999999,1,0.6618871500000001,1
M12,2026-06-09 05:00:00,0,0.021326583333333336,0,0.00028331250000000004,0
M13,2026-06-09 05:00:00,0,0.87099495,1,0.7613837375,1
M14,2026-06-09 05:00:00,0,0.07571523333333333,0,0.05645251250000001,0
M15,2026-06-09 05:00:00,0,0.2932024833333333,0,0.025984937500000006,0
M16,2026-06-09 05:00:00,0,0.07958801666666666,0,0.0171672,0
M17,2026-06-09 05:00:00,0,0.013921733333333334,0,0.000403225,0
M18,2026-06-09 05:00:00,0,0.83186865,1,0.6802599249999999,1
M19,2026-06-09 05:00:00,0,0.4823396833333333,0,0.1492693875,0
M20,2026-06-09 05:00:00,0,0.10955086666666664,0,0.0167019125,0
M21,2026-06-09 05:00:00,1,0.7796889000000001,1,0.4715972,0
M22,2026-06-09 05:00:00,0,0.10779326666666665,0,0.0039157875,0
M23,2026-06-09 05:00:00,0,0.6352304333333334,1,0.46590325000000005,0
M24,2026-06-09 05:00:00,0,0.024543066666666665,0,0.007015187500000001,0
M25,2026-06-09 05:00:00,0,0.8682557666666667,1,0.6905541874999999,1
M01,2026-06-09 06:00:00,0,0.02823543333333333,0,0.00028331250000000004,0
M02,2026-06-09 06:00:00,0,0.7939392666666669,1,0.6611738874999997,1
M03,2026-06-09 06:00:00,1,0.9068526666666663,1,0.6559875499999998,1
M04,2026-06-09 06:00:00,0,0.04636873333333333,0,0.0039094875,0
M05,2026-06-09 06:00:00,1,0.750528483333333,1,0.31463556249999997,0
M06,2026-06-09 06:00:00,0,0.14939046666666667,0,0.026885525,0
M07,2026-06-09 06:00:00,0,0.04962356666666667,0,0.038683625000000006,0
M08,2026-06-09 06:00:00,0,0.004013466666666667,0,0.0,0
M09,2026-06-09 06:00:00,0,0.04417946666666666,0,0.0036805250000000005,0
M10,2026-06-09 06:00:00,0,0.7153883,1,0.4950746125,0
M11,2026-06-09 06:00:00,1,0.6691069166666668,1,0.8342374500000002,1
M12,2026-06-09 06:00:00,0,0.04167949999999999,0,0.0021137000000000005,0
M13,2026-06-09 06:00:00,0,0.8606368500000003,1,0.723960275,1
M14,2026-06-09 06:00:00,0,0.06630456666666666,0,0.0407306125,0
M15,2026-06-09 06:00:00,0,0.24549426666666668,0,0.044446462500000006,0
M16,2026-06-09 06:00:00,0,0.026583033333333336,0,0.011355,0
M17,2026-06-09 06:00:00,0,0.0092055,0,0.000403225,0
M18,2026-06-09 06:00:00,0,0.7994858500000002,1,0.6854558,1
M19,2026-06-09 06:00:00,0,0.5173293499999999,1,0.2193675,0
M20,2026-06-09 06:00:00,0,0.10729881666666664,0,0.0174935375,0
M21,2026-06-09 06:00:00,1,0.9123892499999998,1,0.7120604125000001,1
M22,2026-06-09 06:00:00,0,0.07467826666666667,0,0.0016356750000000003,0
M23,2026-06-09 06:00:00,0,0.6056257666666667,1,0.4325666375000001,0
M24,2026-06-09 06:00:00,0,0.022861049999999997,0,0.0073397875,0
M25,2026-06-09 06:00:00,0,0.7857910333333334,1,0.535293125,1
M01,2026-06-09 07:00:00,0,0.0145428,0,0.0081857625,0
M02,2026-06-09 07:00:00,0,0.7512153833333335,1,0.573077975,1
M03,2026-06-09 07:00:00,1,0.8499023333333332,1,0.5967388999999999,1
M04,2026-06-09 07:00:00,0,0.057767383333333325,0,0.0018322125000000001,0
M05,2026-06-09 07:00:00,1,0.7457122999999997,1,0.3170388375,0
M06,2026-06-09 07:00:00,0,0.1441580833333333,0,0.0253399875,0
M07,2026-06-09 07:00:00,0,0.06503633333333332,0,0.0410569375,0
M08,2026-06-09 07:00:00,0,0.004013466666666667,0,0.0,0
M09,2026-06-09 07:00:00,0,0.07202393333333332,0,0.0020132875,0
M10,2026-06-09 07:00:00,0,0.71936225,1,0.5640969000000001,1
M11,2026-06-09 07:00:00,1,0.6678518333333334,1,0.8263713750000001,1
M12,2026-06-09 07:00:00,0,0.02239055,0,0.005362862500000001,0
M13,2026-06-09 07:00:00,0,0.8799723166666666,1,0.76528155,1
M14,2026-06-09 07:00:00,0,0.07890968333333333,0,0.0421051625,0
M15,2026-06-09 07:00:00,0,0.21168601666666664,0,0.031945225,0
M16,2026-06-09 07:00:00,0,0.048358966666666676,0,0.027031787500000005,0
M17,2026-06-09 07:00:00,0,0.0238931,0,0.007786137500000001,0
M18,2026-06-09 07:00:00,0,0.8826496833333335,1,0.7147345125000001,1
M19,2026-06-09 07:00:00,0,0.4719400833333332,0,0.18867043749999998,0
M20,2026-06-09 07:00:00,0,0.11276528333333329,0,0.0181215375,0
M21,2026-06-09 07:00:00,1,0.8792158,1,0.7050481875000001,1
M22,2026-06-09 07:00:00,0,0.10994993333333333,0,0.0049607625,0
M23,2026-06-09 07:00:00,0,0.8028010166666667,1,0.7056828374999997,1
M24,2026-06-09 07:00:00,0,0.0219833,0,0.0061738,0
M25,2026-06-09 07:00:00,0,0.8081162833333335,1,0.5584089125,1
M01,2026-06-09 08:00:00,0,0.014324583333333333,0,0.0091681125,0
M02,2026-06-09 08:00:00,0,0.44382761666666676,0,0.4715053125,0
M03,2026-06-09 08:00:00,1,0.8343075833333332,1,0.5289489749999999,1
M04,2026-06-09 08:00:00,0,0.039927833333333336,0,0.0004516125,0
M05,2026-06-09 08:00:00,1,0.4134489333333333,0,0.10721853750000002,0
M06,2026-06-09 08:00:00,0,0.2669610666666667,0,0.05377928750000001,0
M07,2026-06-09 08:00:00,0,0.04322185,0,0.0266718375,0
M08,2026-06-09 08:00:00,0,0.004013466666666667,0,0.0,0
M09,2026-06-09 08:00:00,0,0.12835711666666666,0,0.011838600000000001,0
M10,2026-06-09 08:00:00,0,0.6889151666666665,1,0.39716617499999995,0
M11,2026-06-09 08:00:00,1,0.6499781999999998,1,0.6516159750000001,1
M12,2026-06-09 08:00:00,0,0.017636333333333334,0,0.0095773375,0
M13,2026-06-09 08:00:00,0,0.8795253833333333,1,0.7494684249999998,1
M14,2026-06-09 08:00:00,0,0.05888296666666666,0,0.051835950000000006,0
M15,2026-06-09 08:00:00,0,0.4204304666666667,0,0.0395750125,0
M16,2026-06-09 08:00:00,0,0.05158218333333333,0,0.024638112499999996,0
M17,2026-06-09 08:00:00,0,0.027809333333333335,0,0.0019242375000000003,0
M18,2026-06-09 08:00:00,0,0.8829433000000001,1,0.6909859875000001,1
M19,2026-06-09 08:00:00,0,0.40622471666666665,0,0.14669935,0
M20,2026-06-09 08:00:00,0,0.07183231666666666,0,0.0135553375,0
M21,2026-06-09 08:00:00,1,0.9069701999999998,1,0.7291422250000001,1
M22,2026-06-09 08:00:00,0,0.09590190000000001,0,0.003222225,0
M23,2026-06-09 08:00:00,0,0.7478786833333333,1,0.5076176374999999,1
M24,2026-06-09 08:00:00,0,0.0266845,0,0.0088911875,0
M25,2026-06-09 08:00:00,0,0.7688141500000001,1,0.5365091124999999,1
M01,2026-06-09 09:00:00,0,0.030346800000000004,0,0.0075327375,0
M02,2026-06-09 09:00:00,0,0.49466976666666684,0,0.478692625,0
M03,2026-06-09 09:00:00,1,0.8621350000000001,1,0.6422862749999999,1
M04,2026-06-09 09:00:00,0,0.031165200000000004,0,0.00020375000000000002,0
M05,2026-06-09 09:00:00,1,0.4859883499999999,0,0.181112,0
M06,2026-06-09 09:00:00,0,0.14616566666666667,0,0.029705375,0
M07,2026-06-09 09:00:00,0,0.10385863333333333,0,0.0636237875,0
M08,2026-06-09 09:00:00,0,0.004013466666666667,0,0.0020833375,0
M09,2026-06-09 09:00:00,0,0.09294118333333333,0,0.010190312499999998,0
M10,2026-06-09 09:00:00,0,0.6948754666666664,1,0.3831150375,0
M11,2026-06-09 09:00:00,1,0.6672028500000001,1,0.7985499875000002,1
M12,2026-06-09 09:00:00,0,0.02172781666666667,0,0.005282737500000001,0
M13,2026-06-09 09:00:00,0,0.737937166666667,1,0.5517345375,1
M14,2026-06-09 09:00:00,0,0.06373444999999998,0,0.051817625,0
M15,2026-06-09 09:00:00,0,0.6470026666666666,1,0.18966452499999994,0
M16,2026-06-09 09:00:00,0,0.045183933333333336,0,0.0244538125,0
M17,2026-06-09 09:00:00,0,0.0092055,0,0.000403225,0
M18,2026-06-09 09:00:00,0,0.9119984,1,0.7168332125,1
M19,2026-06-09 09:00:00,0,0.41149003333333334,0,0.186934725,0
M20,2026-06-09 09:00:00,0,0.05269758333333333,0,0.007488575000000002,0
M21,2026-06-09 09:00:00,1,0.7135678166666668,1,0.4563795249999999,0
M22,2026-06-09 09:00:00,0,0.09983790000000001,0,0.0025908500000000004,0
M23,2026-06-09 09:00:00,0,0.7916089000000002,1,0.5252338125,1
M24,2026-06-09 09:00:00,0,0.021765083333333334,0,0.0061738,0
M25,2026-06-09 09:00:00,0,0.78564225,1,0.5179268874999999,1
M01,2026-06-09 10:00:00,0,0.0145428,0,0.003852225,0
M02,2026-06-09 10:00:00,0,0.2892121666666666,0,0.4183528249999998,0
M03,2026-06-09 10:00:00,1,0.8968138333333331,1,0.6646607875,1
M04,2026-06-09 10:00:00,0,0.04527400000000001,0,0.0019420875,0
M05,2026-06-09 10:00:00,1,0.40202879999999985,0,0.1813103875,0
M06,2026-06-09 10:00:00,0,0.1321218833333333,0,0.0215123875,0
M07,2026-06-09 10:00:00,0,0.04956433333333333,0,0.0456480375,0
M08,2026-06-09 10:00:00,0,0.004013466666666667,0,0.0,0
M09,2026-06-09 10:00:00,0,0.08896214999999999,0,0.0102505875,0
M10,2026-06-09 10:00:00,0,0.60430245,1,0.5753536625000001,1
M11,2026-06-09 10:00:00,1,0.6514068833333332,1,0.6842331374999999,1
M12,2026-06-09 10:00:00,0,0.02277565,0,0.0008372875,0
M13,2026-06-09 10:00:00,0,0.8463565833333336,1,0.6802085625,1
M14,2026-06-09 10:00:00,0,0.06346466666666666,0,0.045024474999999994,0
M15,2026-06-09 10:00:00,0,0.3389939666666668,0,0.030379587499999992,0
M16,2026-06-09 10:00:00,0,0.04203988333333333,0,0.0244538125,0
M17,2026-06-09 10:00:00,0,0.0092055,0,0.0,0
M18,2026-06-09 10:00:00,0,0.9522173333333332,1,0.82308655,1
M19,2026-06-09 10:00:00,0,0.3885626833333333,0,0.1795732625,0
M20,2026-06-09 10:00:00,0,0.05335278333333335,0,0.0079170875,0
M21,2026-06-09 10:00:00,1,0.9035433833333333,1,0.7212991625,1
M22,2026-06-09 10:00:00,0,0.11222136666666666,0,0.0061855124999999995,0
M23,2026-06-09 10:00:00,0,0.8336708666666669,1,0.6355088000000002,1
M24,2026-06-09 10:00:00,0,0.02682415,0,0.0058515875,0
M25,2026-06-09 10:00:00,0,0.80621325,1,0.5355653125000002,1
M01,2026-06-09 11:00:00,0,0.013487983333333335,0,0.0036348375000000003,0
M02,2026-06-09 11:00:00,0,0.8859112499999997,1,0.7681178249999997,1
M03,2026-06-09 11:00:00,1,0.8810774833333331,1,0.701982475,1
M04,2026-06-09 11:00:00,0,0.06451413333333332,0,0.0099290125,0
M05,2026-06-09 11:00:00,1,0.39045024999999994,0,0.13833702500000006,0
M06,2026-06-09 11:00:00,0,0.1348327,0,0.041400775,0
M07,2026-06-09 11:00:00,0,0.07617226666666667,0,0.0323816,0
M08,2026-06-09 11:00:00,0,0.0,0,0.0,0
M09,2026-06-09 11:00:00,0,0.09666476666666667,0,0.0032825499999999995,0
M10,2026-06-09 11:00:00,0,0.7250142833333333,1,0.523207575,1
M11,2026-06-09 11:00:00,1,0.5503545166666667,1,0.737531875,1
M12,2026-06-09 11:00:00,0,0.021128916666666667,0,0.0035310375000000005,0
M13,2026-06-09 11:00:00,0,0.8762697500000003,1,0.7039727749999998,1
M14,2026-06-09 11:00:00,0,0.054083916666666655,0,0.05188578749999999,0
M15,2026-06-09 11:00:00,0,0.44010913333333346,0,0.05796845000000002,0
M16,2026-06-09 11:00:00,0,0.051094883333333334,0,0.022152987500000002,0
M17,2026-06-09 11:00:00,0,0.0092055,0,0.0025460875,0
M18,2026-06-09 11:00:00,0,0.9418581166666667,1,0.8176668250000001,1
M19,2026-06-09 11:00:00,0,0.49326173333333323,0,0.17803580000000002,0
M20,2026-06-09 11:00:00,0,0.05604768333333333,0,0.009742499999999998,0
M21,2026-06-09 11:00:00,1,0.8430978499999997,1,0.5608890625,1
M22,2026-06-09 11:00:00,0,0.11489948333333332,0,0.005792737500000001,0
M23,2026-06-09 11:00:00,0,0.7397010666666668,1,0.5319050249999999,1
M24,2026-06-09 11:00:00,0,0.016214066666666666,0,0.00852285,0
M25,2026-06-09 11:00:00,0,0.8945477999999996,1,0.79373775,1
M01,2026-06-09 12:00:00,0,0.03387885,0,0.0039622875,0
M02,2026-06-09 12:00:00,0,0.8144379000000002,1,0.6496368749999999,1
M03,2026-06-09 12:00:00,1,0.8251086,1,0.576648775,1
M04,2026-06-09 12:00:00,0,0.046881099999999995,0,0.0055991875,0
M05,2026-06-09 12:00:00,1,0.29759965000000005,0,0.11885272500000003,0
M06,2026-06-09 12:00:00,0,0.17661418333333334,0,0.041063525000000003,0
M07,2026-06-09 12:00:00,0,0.12014846666666665,0,0.05346696250000001,0
M08,2026-06-09 12:00:00,0,0.0029376666666666666,0,0.0,0
M09,2026-06-09 12:00:00,0,0.06268526666666666,0,0.007669037499999999,0
M10,2026-06-09 12:00:00,0,0.7215557166666666,1,0.5251329625000001,1
M11,2026-06-09 12:00:00,1,0.63930355,1,0.5879725875000001,1
M12,2026-06-09 12:00:00,0,0.024253850000000004,0,0.0034337375000000002,0
M13,2026-06-09 12:00:00,0,0.8178652500000001,1,0.8062383749999998,1
M14,2026-06-09 12:00:00,0,0.07814725,0,0.063793525,0
M15,2026-06-09 12:00:00,0,0.7363486666666663,1,0.30125710000000006,0
M16,2026-06-09 12:00:00,0,0.07448156666666667,0,0.0257836,0
M17,2026-06-09 12:00:00,0,0.01668121666666667,0,0.009127375,0
M18,2026-06-09 12:00:00,0,0.9369796833333334,1,0.8364626000000002,1
M19,2026-06-09 12:00:00,0,0.5721008333333333,1,0.32856547500000005,0
M20,2026-06-09 12:00:00,0,0.047845050000000014,0,0.0077082,0
M21,2026-06-09 12:00:00,1,0.7432501666666667,1,0.42929548749999996,0
M22,2026-06-09 12:00:00,0,0.11539465,0,0.007711649999999999,0
M23,2026-06-09 12:00:00,0,0.8411489333333334,1,0.654073225,1
M24,2026-06-09 12:00:00,0,0.018908816666666665,0,0.0058054625,0
M25,2026-06-09 12:00:00,0,0.8076901166666667,1,0.5430990125,1
M01,2026-06-09 13:00:00,0,0.014618283333333338,0,0.000123725,0
M02,2026-06-09 13:00:00,0,0.9223222333333329,1,0.7694502375,1
M03,2026-06-09 13:00:00,1,0.8001767333333333,1,0.5013884125000001,1
M04,2026-06-09 13:00:00,0,0.04474316666666667,0,0.0103525,0
M05,2026-06-09 13:00:00,1,0.3940945999999999,0,0.12047091250000001,0
M06,2026-06-09 13:00:00,0,0.114255,0,0.0185704875,0
M07,2026-06-09 13:00:00,0,0.07323786666666667,0,0.0400559,0
M08,2026-06-09 13:00:00,0,0.01016565,0,0.0026926125,0
M09,2026-06-09 13:00:00,0,0.06504536666666666,0,0.008717975,0
M10,2026-06-09 13:00:00,0,0.7062157666666666,1,0.5022037625,1
M11,2026-06-09 13:00:00,1,0.6626163166666666,1,0.78889045,1
M12,2026-06-09 13:00:00,0,0.02239055,0,0.001860125,0
M13,2026-06-09 13:00:00,0,0.9260281000000001,1,0.827105625,1
M14,2026-06-09 13:00:00,0,0.06193879999999999,0,0.04195877499999999,0
M15,2026-06-09 13:00:00,0,0.7363486666666663,1,0.3071656125000001,0
M16,2026-06-09 13:00:00,0,0.08337076666666667,0,0.022930037500000004,0
M17,2026-06-09 13:00:00,0,0.0092055,0,0.0,0
M18,2026-06-09 13:00:00,0,0.9394785999999998,1,0.8412680499999998,1
M19,2026-06-09 13:00:00,0,0.5911943999999999,1,0.3241129125,0
M20,2026-06-09 13:00:00,0,0.05463085,0,0.0124092625,0
M21,2026-06-09 13:00:00,1,0.8822733666666662,1,0.642725525,1
M22,2026-06-09 13:00:00,0,0.08536601666666668,0,0.019359262500000002,0
M23,2026-06-09 13:00:00,0,0.7736800166666669,1,0.546292,1
M24,2026-06-09 13:00:00,0,0.031124433333333337,0,0.011306150000000001,0
M25,2026-06-09 13:00:00,0,0.8822840666666666,1,0.7744811249999998,1
M01,2026-06-09 14:00:00,0,0.0216109,0,0.000135125,0
M02,2026-06-09 14:00:00,0,0.8067239499999999,1,0.6344334249999996,1
M03,2026-06-09 14:00:00,1,0.9059063833333332,1,0.6240939999999998,1
M04,2026-06-09 14:00:00,0,0.055974449999999995,0,0.006795825,0
M05,2026-06-09 14:00:00,1,0.4283862833333333,0,0.1241743,0
M06,2026-06-09 14:00:00,0,0.13414906666666665,0,0.036584475000000005,0
M07,2026-06-09 14:00:00,0,0.13133933333333334,0,0.07151164999999998,0
M08,2026-06-09 14:00:00,0,0.0014203166666666668,0,0.00020605,0
M09,2026-06-09 14:00:00,0,0.08683496666666665,0,0.0129610625,0
M10,2026-06-09 14:00:00,0,0.7170024166666665,1,0.48182305000000014,0
M11,2026-06-09 14:00:00,0,0.4656938833333334,0,0.32708381249999996,0
M12,2026-06-09 14:00:00,0,0.017096383333333336,0,0.0047619,0
M13,2026-06-09 14:00:00,0,0.8324587166666667,1,0.566716225,1
M14,2026-06-09 14:00:00,0,0.06291901666666665,0,0.051591987500000006,0
M15,2026-06-09 14:00:00,0,0.5755406999999998,1,0.20293981249999998,0
M16,2026-06-09 14:00:00,0,0.09237496666666666,0,0.0428507875,0
M17,2026-06-09 14:00:00,0,0.0,0,0.000403225,0
M18,2026-06-09 14:00:00,0,0.9328909166666667,1,0.7922247624999998,1
M19,2026-06-09 14:00:00,0,0.5745952833333333,1,0.30972071250000005,0
M20,2026-06-09 14:00:00,0,0.15050789999999997,0,0.010480924999999999,0
M21,2026-06-09 14:00:00,1,0.7580332666666666,1,0.46043476249999993,0
M22,2026-06-09 14:00:00,0,0.16936808333333334,0,0.04378948750000001,0
M23,2026-06-09 14:00:00,0,0.7729312833333334,1,0.539882975,1
M24,2026-06-09 14:00:00,0,0.026605933333333335,0,0.0058515875,0
M25,2026-06-09 14:00:00,0,0.6395765666666666,1,0.5723891250000002,1
M01,2026-06-09 15:00:00,0,0.01972381666666667,0,0.0056007374999999995,0
M02,2026-06-09 15:00:00,0,0.8053935333333333,1,0.6261364874999995,1
M03,2026-06-09 15:00:00,1,0.9225353833333331,1,0.7224344125,1
M04,2026-06-09 15:00:00,0,0.056643599999999995,0,0.00527495,0
M05,2026-06-09 15:00:00,1,0.19309949999999995,0,0.0973597375,0
M06,2026-06-09 15:00:00,0,0.1670152166666667,0,0.024009237500000002,0
M07,2026-06-09 15:00:00,0,0.13260808333333332,0,0.05461607500000001,0
M08,2026-06-09 15:00:00,0,0.005433783333333333,0,0.000609275,0
M09,2026-06-09 15:00:00,0,0.1065808833333333,0,0.0100301625,0
M10,2026-06-09 15:00:00,0,0.8693667166666665,1,0.7388269374999998,1
M11,2026-06-09 15:00:00,0,0.19799738333333336,0,0.1787712125,0
M12,2026-06-09 15:00:00,0,0.015594750000000001,0,0.004977150000000001,0
M13,2026-06-09 15:00:00,0,0.8726509166666669,1,0.7620923999999999,1
M14,2026-06-09 15:00:00,0,0.20157176666666668,0,0.1376633625,0
M15,2026-06-09 15:00:00,0,0.4120713666666667,0,0.039391187499999994,0
M16,2026-06-09 15:00:00,0,0.12470141666666666,0,0.06799838750000001,0
M17,2026-06-09 15:00:00,0,0.019013933333333333,0,0.012090337499999998,0
M18,2026-06-09 15:00:00,0,0.93518525,1,0.8215696750000001,1
M19,2026-06-09 15:00:00,0,0.5993426833333332,1,0.3826459750000001,0
M20,2026-06-09 15:00:00,0,0.06035036666666668,0,0.0100647125,0
M21,2026-06-09 15:00:00,1,0.9145175833333331,1,0.7059337749999999,1
M22,2026-06-09 15:00:00,0,0.13785076666666668,0,0.018206450000000006,0
M23,2026-06-09 15:00:00,0,0.7865206666666668,1,0.5185559624999998,1
M24,2026-06-09 15:00:00,0,0.016214066666666666,0,0.008220625,0
M25,2026-06-09 15:00:00,0,0.8092789333333333,1,0.5816873625000001,1
M01,2026-06-09 16:00:00,0,0.02691876666666667,0,0.0047249625,0
M02,2026-06-09 16:00:00,0,0.7888557499999997,1,0.6508787374999997,1
M03,2026-06-09 16:00:00,1,0.922074083333333,1,0.7105389375000001,1
M04,2026-06-09 16:00:00,0,0.05634086666666667,0,0.00034781250000000003,0
M05,2026-06-09 16:00:00,1,0.5586222666666665,1,0.14053932499999996,0
M06,2026-06-09 16:00:00,0,0.13582971666666666,0,0.024559687500000003,0
M07,2026-06-09 16:00:00,0,0.13009383333333333,0,0.056653425,0
M08,2026-06-09 16:00:00,0,0.0014203166666666668,0,0.0015949375000000002,0
M09,2026-06-09 16:00:00,0,0.08488354999999999,0,0.018398037500000002,0
M10,2026-06-09 16:00:00,0,0.6807355666666665,1,0.4606106500000002,0
M11,2026-06-09 16:00:00,0,0.14134723333333332,0,0.1277076125,0
M12,2026-06-09 16:00:00,0,0.0312389,0,0.0091083625,0
M13,2026-06-09 16:00:00,0,0.8783832333333336,1,0.7887082500000001,1
M14,2026-06-09 16:00:00,0,0.07354761666666665,0,0.063513625,0
M15,2026-06-09 16:00:00,0,0.28120635,0,0.0357848,0
M16,2026-06-09 16:00:00,0,0.1202805,0,0.1043704875,0
M17,2026-06-09 16:00:00,0,0.008453983333333333,0,0.000857375,0
M18,2026-06-09 16:00:00,0,0.9083733833333334,1,0.8018374499999998,1
M19,2026-06-09 16:00:00,0,0.6341978333333333,1,0.3958440125,0
M20,2026-06-09 16:00:00,0,0.04139933333333333,0,0.0050984624999999995,0
M21,2026-06-09 16:00:00,1,0.8407980499999997,1,0.5181115625,1
M22,2026-06-09 16:00:00,0,0.10569893333333331,0,0.024597700000000004,0
M23,2026-06-09 16:00:00,0,0.8109999833333335,1,0.5323502999999997,1
M24,2026-06-09 16:00:00,0,0.07050203333333334,0,0.012456587500000001,0
M25,2026-06-09 16:00:00,0,0.7960247999999999,1,0.51685315,1
M01,2026-06-09 17:00:00,0,0.02419651666666667,0,0.0046687874999999995,0
M02,2026-06-09 17:00:00,0,0.7774749166666666,1,0.6215792124999998,1
M03,2026-06-09 17:00:00,1,0.9010655499999999,1,0.6245304875,1
M04,2026-06-09 17:00:00,0,0.03406025,0,0.0015040875000000003,0
M05,2026-06-09 17:00:00,1,0.47218081666666667,0,0.1431255375,0
M06,2026-06-09 17:00:00,0,0.14214611666666668,0,0.0239722125,0
M07,2026-06-09 17:00:00,0,0.29083856666666663,0,0.0986671375,0
M08,2026-06-09 17:00:00,0,0.005433783333333333,0,0.0022893875,0
M09,2026-06-09 17:00:00,0,0.08498126666666667,0,0.010260637500000001,0
M10,2026-06-09 17:00:00,0,0.8679054666666665,1,0.7035297374999998,1
M11,2026-06-09 17:00:00,0,0.07642753333333333,0,0.007588287500000001,0
M12,2026-06-09 17:00:00,0,0.024253850000000004,0,0.008633400000000001,0
M13,2026-06-09 17:00:00,0,0.8789158333333335,1,0.7900621250000002,1
M14,2026-06-09 17:00:00,0,0.06805641666666666,0,0.053523762499999995,0
M15,2026-06-09 17:00:00,0,0.23125386666666664,0,0.049088525,0
M16,2026-06-09 17:00:00,0,0.09522133333333334,0,0.08666153749999998,0
M17,2026-06-09 17:00:00,0,0.0014203166666666668,0,0.00020605,0
M18,2026-06-09 17:00:00,0,0.9386472166666664,1,0.8284096,1
M19,2026-06-09 17:00:00,0,0.6345439499999999,1,0.35306005000000007,0
M20,2026-06-09 17:00:00,0,0.034194999999999996,0,0.0040609375,0
M21,2026-06-09 17:00:00,0,0.40093421666666657,0,0.2885611875,0
M22,2026-06-09 17:00:00,0,0.08358575,0,0.026124062499999996,0
M23,2026-06-09 17:00:00,0,0.8377792000000001,1,0.6420149500000001,1
M24,2026-06-09 17:00:00,0,0.02682415,0,0.008879412500000001,0
M25,2026-06-09 17:00:00,0,0.7385239000000001,1,0.4856131625000001,0
M01,2026-06-09 18:00:00,0,0.015582400000000003,0,0.002910775,0
M02,2026-06-09 18:00:00,0,0.7793917833333333,1,0.6447141124999997,1
M03,2026-06-09 18:00:00,1,0.799605033333333,1,0.4550269125,0
M04,2026-06-09 18:00:00,0,0.04003075,0,0.0026654375000000003,0
M05,2026-06-09 18:00:00,1,0.48666686666666664,0,0.17845066250000002,0
M06,2026-06-09 18:00:00,0,0.14978604999999998,0,0.027742012500000003,0
M07,2026-06-09 18:00:00,0,0.24411003333333336,0,0.075427575,0
M08,2026-06-09 18:00:00,0,0.0014203166666666668,0,0.000609275,0
M09,2026-06-09 18:00:00,0,0.07814725,0,0.015726200000000003,0
M10,2026-06-09 18:00:00,0,0.69885115,1,0.5003821624999999,1
M11,2026-06-09 18:00:00,0,0.04159053333333333,0,0.0056474125,0
M12,2026-06-09 18:00:00,0,0.02337885,0,0.007266575,0
M13,2026-06-09 18:00:00,0,0.8896755833333334,1,0.7713048250000001,1
M14,2026-06-09 18:00:00,0,0.07215778333333334,0,0.0695887,0
M15,2026-06-09 18:00:00,0,0.19642735000000003,0,0.0385339125,0
M16,2026-06-09 18:00:00,0,0.08115211666666666,0,0.0180417,0
M17,2026-06-09 18:00:00,0,0.011059700000000002,0,0.000857375,0
M18,2026-06-09 18:00:00,0,0.9232995999999998,1,0.8450012249999999,1
M19,2026-06-09 18:00:00,0,0.6277620333333332,1,0.3696786375000001,0
M20,2026-06-09 18:00:00,0,0.13351871666666662,0,0.0029828625,0
M21,2026-06-09 18:00:00,0,0.08799533333333333,0,0.08636696249999998,0
M22,2026-06-09 18:00:00,0,0.24448305000000004,0,0.099003975,0
M23,2026-06-09 18:00:00,0,0.9452695833333333,1,0.8414303624999999,1
M24,2026-06-09 18:00:00,0,0.016214066666666666,0,0.00602285,0
M25,2026-06-09 18:00:00,0,0.6707303,1,0.5398371250000001,1
M01,2026-06-09 19:00:00,0,0.04446256666666667,0,0.0049852375,0
M02,2026-06-09 19:00:00,0,0.8883015666666663,1,0.6482915875,1
M03,2026-06-09 19:00:00,1,0.7257847166666667,1,0.47429093750000006,0
M04,2026-06-09 19:00:00,0,0.047208133333333326,0,0.0079515375,0
M05,2026-06-09 19:00:00,1,0.43976668333333335,0,0.13355071250000003,0
M06,2026-06-09 19:00:00,0,0.12512116666666667,0,0.0243710875,0
M07,2026-06-09 19:00:00,0,0.20161754999999995,0,0.0825453625,0
M08,2026-06-09 19:00:00,0,0.0014203166666666668,0,0.00020605,0
M09,2026-06-09 19:00:00,0,0.0757467,0,0.014172575000000003,0
M10,2026-06-09 19:00:00,0,0.7006014,1,0.5096251125,1
M11,2026-06-09 19:00:00,0,0.029303650000000004,0,0.000493425,0
M12,2026-06-09 19:00:00,0,0.02288808333333333,0,0.0002931875,0
M13,2026-06-09 19:00:00,0,0.9408795500000001,1,0.809157875,1
M14,2026-06-09 19:00:00,0,0.052160233333333327,0,0.04592362499999998,0
M15,2026-06-09 19:00:00,0,0.41148783333333333,0,0.048126625,0
M16,2026-06-09 19:00:00,0,0.09801001666666666,0,0.0924651125,0
M17,2026-06-09 19:00:00,0,0.0014203166666666668,0,0.00020605,0
M18,2026-06-09 19:00:00,0,0.8767854833333332,1,0.6653367125,1
M19,2026-06-09 19:00:00,0,0.6239106166666665,1,0.368119625,0
M20,2026-06-09 19:00:00,0,0.021984900000000005,0,0.0032969500000000007,0
M21,2026-06-09 19:00:00,0,0.16443123333333334,0,0.0854761125,0
M22,2026-06-09 19:00:00,0,0.13409316666666665,0,0.024673287500000002,0
M23,2026-06-09 19:00:00,0,0.7748832500000001,1,0.5220639125,1
M24,2026-06-09 19:00:00,0,0.018682516666666663,0,0.008220625,0
M25,2026-06-09 19:00:00,0,0.6982117166666666,1,0.5637022,1
M01,2026-06-09 20:00:00,0,0.035174833333333336,0,0.0049852375,0
M02,2026-06-09 20:00:00,0,0.7866794666666668,1,0.6690170749999997,1
M03,2026-06-09 20:00:00,1,0.8287361,1,0.5293196250000001,1
M04,2026-06-09 20:00:00,0,0.04899995,0,0.0030941999999999996,0
M05,2026-06-09 20:00:00,1,0.5491674333333332,1,0.23848956249999995,0
M06,2026-06-09 20:00:00,0,0.09621923333333333,0,0.0239915125,0
M07,2026-06-09 20:00:00,0,0.06411413333333332,0,0.0395294125,0
M08,2026-06-09 20:00:00,0,0.0014203166666666668,0,0.00020605,0
M09,2026-06-09 20:00:00,0,0.07747558333333333,0,0.005589025,0
M10,2026-06-09 20:00:00,0,0.7071623499999998,1,0.5203463125000001,1
M11,2026-06-09 20:00:00,0,0.010747783333333333,0,0.00600695,0
M12,2026-06-09 20:00:00,0,0.026749433333333333,0,0.0036712625,0
M13,2026-06-09 20:00:00,0,0.8852760666666666,1,0.7725601500000001,1
M14,2026-06-09 20:00:00,0,0.06772971666666668,0,0.050257300000000005,0
M15,2026-06-09 20:00:00,0,0.39955896666666674,0,0.04035925,0
M16,2026-06-09 20:00:00,0,0.05807049999999999,0,0.0023273625,0
M17,2026-06-09 20:00:00,0,0.0014203166666666668,0,0.00020605,0
M18,2026-06-09 20:00:00,0,0.87752365,1,0.6911002625000001,1
M19,2026-06-09 20:00:00,0,0.6005865666666664,1,0.3311362000000001,0
M20,2026-06-09 20:00:00,0,0.05112801666666667,0,0.0053402375,0
M21,2026-06-09 20:00:00,0,0.06593948333333333,0,0.021814562499999995,0
M22,2026-06-09 20:00:00,0,0.23165453333333338,0,0.0845248,0
M23,2026-06-09 20:00:00,0,0.6987132166666669,1,0.4891434499999999,0
M24,2026-06-09 20:00:00,0,0.016214066666666666,0,0.0058054625,0
M25,2026-06-09 20:00:00,0,0.7975055333333335,1,0.5142840875000001,1
M01,2026-06-09 21:00:00,0,0.015873983333333338,0,0.00046058750000000005,0
M02,2026-06-09 21:00:00,0,0.6409510666666667,1,0.5289965374999999,1
M03,2026-06-09 21:00:00,1,0.6758324166666667,1,0.5567503749999999,1
M04,2026-06-09 21:00:00,0,0.053167783333333336,0,0.0022425500000000003,0
M05,2026-06-09 21:00:00,1,0.7139471833333331,1,0.29327361250000006,0
M06,2026-06-09 21:00:00,0,0.09359578333333332,0,0.023997250000000005,0
M07,2026-06-09 21:00:00,0,0.07992829999999998,0,0.045247712499999995,0
M08,2026-06-09 21:00:00,0,0.0014203166666666668,0,0.00020605,0
M09,2026-06-09 21:00:00,0,0.06760863333333332,0,0.0101356625,0
M10,2026-06-09 21:00:00,0,0.8822040666666665,1,0.7928891250000001,1
M11,2026-06-09 21:00:00,0,0.011358016666666667,0,0.00600695,0
M12,2026-06-09 21:00:00,0,0.0162827,0,0.0025610875,0
M13,2026-06-09 21:00:00,0,0.8813038833333332,1,0.7831150000000002,1
M14,2026-06-09 21:00:00,0,0.042391966666666656,0,0.012120075,0
M15,2026-06-09 21:00:00,0,0.40640981666666676,0,0.041023875,0
M16,2026-06-09 21:00:00,0,0.09178168333333334,0,0.009148875,0
M17,2026-06-09 21:00:00,0,0.012416783333333336,0,0.021510724999999998,0
M18,2026-06-09 21:00:00,0,0.920157,1,0.798048775,1
M19,2026-06-09 21:00:00,0,0.6302844833333332,1,0.36992202500000004,0
M20,2026-06-09 21:00:00,0,0.09437131666666664,0,0.016574175,0
M21,2026-06-09 21:00:00,0,0.0336921,0,0.008717475,0
M22,2026-06-09 21:00:00,0,0.08940803333333333,0,0.012342512499999998,0
M23,2026-06-09 21:00:00,0,0.6477493833333335,1,0.4654094999999999,0
M24,2026-06-09 21:00:00,0,0.027166100000000006,0,0.008892125,0
M25,2026-06-09 21:00:00,0,0.8224191333333333,1,0.544325375,1
M01,2026-06-09 22:00:00,0,0.04246173333333333,0,0.0443250125,0
M02,2026-06-09 22:00:00,1,0.9018894166666664,1,0.7194241625,1
M03,2026-06-09 22:00:00,1,0.8281655666666665,1,0.5613244500000001,1
M04,2026-06-09 22:00:00,0,0.02425626666666667,0,0.0037088375,0
M05,2026-06-09 22:00:00,1,0.5001011000000001,1,0.16104900000000003,0
M06,2026-06-09 22:00:00,0,0.23345648333333333,0,0.07153343749999999,0
M07,2026-06-09 22:00:00,0,0.08430699999999999,0,0.0443622875,0
M08,2026-06-09 22:00:00,0,0.015811183333333333,0,0.002875725,0
M09,2026-06-09 22:00:00,0,0.05339139999999999,0,0.010380975,0
M10,2026-06-09 22:00:00,0,0.6620431833333335,1,0.4615239250000001,0
M11,2026-06-09 22:00:00,0,0.049014833333333334,0,0.0078084750000000005,0
M12,2026-06-09 22:00:00,0,0.015785100000000003,0,0.0007627875,0
M13,2026-06-09 22:00:00,0,0.8887721833333333,1,0.7782270500000001,1
M14,2026-06-09 22:00:00,0,0.040131516666666665,0,0.0083284875,0
M15,2026-06-09 22:00:00,0,0.6644778666666664,1,0.278791475,0
M16,2026-06-09 22:00:00,0,0.06554565,0,0.01458625,0
M17,2026-06-09 22:00:00,0,0.011059700000000002,0,0.006625575,0
M18,2026-06-09 22:00:00,0,0.9091055499999999,1,0.7105912749999999,1
M19,2026-06-09 22:00:00,0,0.521798,1,0.18045241249999996,0
M20,2026-06-09 22:00:00,0,0.04969206666666667,0,0.007885975,0
M21,2026-06-09 22:00:00,0,0.02640731666666667,0,0.007676325,0
M22,2026-06-09 22:00:00,0,0.06414874999999999,0,0.013634349999999998,0
M23,2026-06-09 22:00:00,0,0.6071445166666667,1,0.4683937,0
M24,2026-06-09 22:00:00,0,0.024129400000000002,0,0.007817399999999999,0
M25,2026-06-09 22:00:00,0,0.85093885,1,0.5821264875,1
M01,2026-06-09 23:00:00,0,0.027858083333333335,0,0.0299473125,0
M02,2026-06-09 23:00:00,1,0.7679152499999999,1,0.6299916749999996,1
M03,2026-06-09 23:00:00,1,0.9087332499999997,1,0.7569899875,1
M04,2026-06-09 23:00:00,0,0.0523548,0,0.0165457125,0
M05,2026-06-09 23:00:00,1,0.8003909333333329,1,0.4142795375,0
M06,2026-06-09 23:00:00,0,0.22324138333333332,0,0.0516675875,0
M07,2026-06-09 23:00:00,0,0.10548963333333333,0,0.06623071250000001,0
M08,2026-06-09 23:00:00,0,0.005433783333333333,0,0.00020605,0
M09,2026-06-09 23:00:00,0,0.05771948333333332,0,0.0114933875,0
M10,2026-06-09 23:00:00,0,0.6946201166666667,1,0.5158611000000001,1
M11,2026-06-09 23:00:00,0,0.010747783333333333,0,0.00600695,0
M12,2026-06-09 23:00:00,0,0.024917799999999997,0,0.0023488625,0
M13,2026-06-09 23:00:00,0,0.8880513333333334,1,0.8002525125,1
M14,2026-06-09 23:00:00,0,0.06066966666666667,0,0.0159484375,0
M15,2026-06-09 23:00:00,0,0.39910763333333343,0,0.049332749999999995,0
M16,2026-06-09 23:00:00,0,0.05571415,0,0.015585637500000003,0
M17,2026-06-09 23:00:00,0,0.012416783333333336,0,0.021510724999999998,0
M18,2026-06-09 23:00:00,0,0.8139531833333333,1,0.6566493375,1
M19,2026-06-09 23:00:00,0,0.5448611833333332,1,0.254090125,0
M20,2026-06-09 23:00:00,0,0.09203739999999996,0,0.0120916625,0
M21,2026-06-09 23:00:00,0,0.015660166666666666,0,0.0044334000000000005,0
M22,2026-06-09 23:00:00,0,0.10463788333333333,0,0.0176159875,0
M23,2026-06-09 23:00:00,0,0.7250722666666668,1,0.4977474,0
M24,2026-06-09 23:00:00,0,0.024129400000000002,0,0.00603205,0
M25,2026-06-09 23:00:00,0,0.8924910999999998,1,0.8142532250000001,1
M01,2026-06-10 00:00:00,0,0.02538325,0,0.0350186125,0
M02,2026-06-10 00:00:00,1,0.8502608666666664,1,0.6641308375,1
M03,2026-06-10 00:00:00,1,0.7838640499999998,1,0.7196558375,1
M04,2026-06-10 00:00:00,0,0.023935283333333335,0,0.025247675000000004,0
M05,2026-06-10 00:00:00,1,0.5661472166666667,1,0.1804490375,0
M06,2026-06-10 00:00:00,0,0.08269223333333332,0,0.017893312499999998,0
M07,2026-06-10 00:00:00,0,0.08947768333333334,0,0.053123175,0
M08,2026-06-10 00:00:00,0,0.005433783333333333,0,0.00031099999999999997,0
M09,2026-06-10 00:00:00,0,0.11336023333333331,0,0.008094062499999999,0
M10,2026-06-10 00:00:00,0,0.8675375166666666,1,0.7894774875,1
M11,2026-06-10 00:00:00,0,0.025435383333333336,0,0.013389862499999999,0
M12,2026-06-10 00:00:00,0,0.019888933333333338,0,0.0006210250000000001,0
M13,2026-06-10 00:00:00,0,0.8689686500000003,1,0.7875186000000001,1
M14,2026-06-10 00:00:00,0,0.07628116666666666,0,0.03129778750000001,0
M15,2026-06-10 00:00:00,0,0.3935708833333334,0,0.039359774999999986,0
M16,2026-06-10 00:00:00,0,0.07318596666666667,0,0.06507078749999999,0
M17,2026-06-10 00:00:00,0,0.012416783333333336,0,0.0048887125,0
M18,2026-06-10 00:00:00,0,0.9187954333333332,1,0.6561518125,1
M19,2026-06-10 00:00:00,0,0.26919941666666664,0,0.18702033749999997,0
M20,2026-06-10 00:00:00,0,0.055981949999999996,0,0.007262625,0
M21,2026-06-10 00:00:00,0,0.022628866666666667,0,0.0058647000000000005,0
M22,2026-06-10 00:00:00,0,0.07050598333333333,0,0.0228801,0
M23,2026-06-10 00:00:00,0,0.6460665500000001,1,0.41424769999999994,0
M24,2026-06-10 00:00:00,0,0.03758173333333333,0,0.0096015875,0
M25,2026-06-10 00:00:00,0,0.8503433,1,0.5311098999999999,1
M01,2026-06-10 01:00:00,0,0.01387761666666667,0,0.031239849999999996,0
M02,2026-06-10 01:00:00,1,0.7288192333333332,1,0.5633088375000002,1
M03,2026-06-10 01:00:00,1,0.6954689666666667,1,0.611254,1
M04,2026-06-10 01:00:00,0,0.07507011666666667,0,0.013880187500000002,0
M05,2026-06-10 01:00:00,1,0.7826379833333329,1,0.5176116375000002,1
M06,2026-06-10 01:00:00,0,0.11212619999999998,0,0.016270975,0
M07,2026-06-10 01:00:00,0,0.12130556666666666,0,0.062481850000000005,0
M08,2026-06-10 01:00:00,0,0.022356250000000005,0,0.0032680875,0
M09,2026-06-10 01:00:00,0,0.08058163333333333,0,0.0047446875,0
M10,2026-06-10 01:00:00,0,0.8814889333333331,1,0.7558886124999998,1
M11,2026-06-10 01:00:00,0,0.014195416666666667,0,0.00600695,0
M12,2026-06-10 01:00:00,0,0.026346216666666665,0,0.0021986125,0
M13,2026-06-10 01:00:00,0,0.9314364499999999,1,0.8215896999999994,1
M14,2026-06-10 01:00:00,0,0.13158579999999998,0,0.039506162500000004,0
M15,2026-06-10 01:00:00,0,0.25565303333333333,0,0.041114725000000005,0
M16,2026-06-10 01:00:00,0,0.07861731666666666,0,0.020800150000000003,0
M17,2026-06-10 01:00:00,0,0.012416783333333336,0,0.00020605,0
M18,2026-06-10 01:00:00,0,0.85834425,1,0.6487307625,1
M19,2026-06-10 01:00:00,0,0.44916610000000007,0,0.17697183749999995,0
M20,2026-06-10 01:00:00,0,0.07355181666666666,0,0.008951887500000002,0
M21,2026-06-10 01:00:00,0,0.015660166666666666,0,0.0044334000000000005,0
M22,2026-06-10 01:00:00,0,0.22902083333333334,0,0.126880875,0
M23,2026-06-10 01:00:00,0,0.7758742166666669,1,0.5442729,1
M24,2026-06-10 01:00:00,0,0.03758173333333333,0,0.009375,0
M25,2026-06-10 01:00:00,0,0.8500944666666668,1,0.5439821375000001,1
M01,2026-06-10 02:00:00,0,0.026665333333333333,0,0.035767737499999994,0
M02,2026-06-10 02:00:00,1,0.8079014166666667,1,0.6178340625000001,1
M03,2026-06-10 02:00:00,1,0.8018557333333333,1,0.5746801125,1
M04,2026-06-10 02:00:00,0,0.046491349999999994,0,0.012688225000000001,0
M05,2026-06-10 02:00:00,1,0.7573488166666664,1,0.4388456250000001,0
M06,2026-06-10 02:00:00,0,0.10414448333333332,0,0.025195025,0
M07,2026-06-10 02:00:00,0,0.12612408333333333,0,0.08296981250000002,0
M08,2026-06-10 02:00:00,0,0.0014203166666666668,0,0.00031099999999999997,0
M09,2026-06-10 02:00:00,0,0.06062998333333333,0,0.009253425,0
M10,2026-06-10 02:00:00,0,0.7071623499999998,1,0.5322942625,1
M11,2026-06-10 02:00:00,0,0.014195416666666667,0,0.0077926625,0
M12,2026-06-10 02:00:00,0,0.019247750000000004,0,0.00021525,0
M13,2026-06-10 02:00:00,0,0.8698056166666672,1,0.6981470624999999,1
M14,2026-06-10 02:00:00,0,0.050000566666666656,0,0.00888225,0
M15,2026-06-10 02:00:00,0,0.42314918333333346,0,0.09708305000000002,0
M16,2026-06-10 02:00:00,0,0.05849161666666666,0,0.025758775,0
M17,2026-06-10 02:00:00,0,0.012416783333333336,0,0.00020605,0
M18,2026-06-10 02:00:00,0,0.8209245500000001,1,0.6515781374999998,1
M19,2026-06-10 02:00:00,0,0.21800191666666666,0,0.13447065,0
M20,2026-06-10 02:00:00,0,0.12999794999999997,0,0.0198443375,0
M21,2026-06-10 02:00:00,0,0.0966057,0,0.018493550000000004,0
M22,2026-06-10 02:00:00,0,0.22438398333333334,0,0.08974558749999997,0
M23,2026-06-10 02:00:00,0,0.8567865500000003,1,0.6531866874999999,1
M24,2026-06-10 02:00:00,0,0.04464431666666666,0,0.0109635875,0
M25,2026-06-10 02:00:00,0,0.8435036000000001,1,0.5375755000000001,1
M01,2026-06-10 03:00:00,0,0.04891226666666666,0,0.030981737500000002,0
M02,2026-06-10 03:00:00,1,0.8989750666666663,1,0.7209252625,1
M03,2026-06-10 03:00:00,1,0.9236658499999997,1,0.7491873499999999,1
M04,2026-06-10 03:00:00,0,0.0655149,0,0.008386099999999999,0
M05,2026-06-10 03:00:00,1,0.7565150166666664,1,0.36111875000000004,0
M06,2026-06-10 03:00:00,0,0.08995191666666665,0,0.017246900000000003,0
M07,2026-06-10 03:00:00,0,0.14487074999999996,0,0.118207675,0
M08,2026-06-10 03:00:00,0,0.014215433333333334,0,0.0032680875,0
M09,2026-06-10 03:00:00,0,0.05415683333333333,0,0.003097375,0
M10,2026-06-10 03:00:00,0,0.7055240333333334,1,0.530968725,1
M11,2026-06-10 03:00:00,0,0.010747783333333333,0,0.00600695,0
M12,2026-06-10 03:00:00,0,0.012794916666666666,0,0.00029335000000000006,0
M13,2026-06-10 03:00:00,0,0.8283999333333336,1,0.6272937874999999,1
M14,2026-06-10 03:00:00,0,0.041576249999999995,0,0.0010444249999999999,0
M15,2026-06-10 03:00:00,0,0.3309368500000001,0,0.056680949999999994,0
M16,2026-06-10 03:00:00,0,0.05116024999999999,0,0.0143645125,0
M17,2026-06-10 03:00:00,0,0.0,0,0.0,0
M18,2026-06-10 03:00:00,1,0.8864105666666667,1,0.7421400749999998,1
M19,2026-06-10 03:00:00,0,0.21556786666666666,0,0.146384325,0
M20,2026-06-10 03:00:00,0,0.17752246666666666,0,0.0317531875,0
M21,2026-06-10 03:00:00,0,0.06216485,0,0.04511733750000001,0
M22,2026-06-10 03:00:00,0,0.22697913333333333,0,0.11860465,0
M23,2026-06-10 03:00:00,0,0.8485440666666669,1,0.635604425,1
M24,2026-06-10 03:00:00,0,0.045165833333333336,0,0.01310595,0
M25,2026-06-10 03:00:00,0,0.8416793333333336,1,0.5265797625000002,1
M01,2026-06-10 04:00:00,0,0.012303866666666668,0,0.037114125,0
M02,2026-06-10 04:00:00,1,0.7676517666666665,1,0.5998501375,1
M03,2026-06-10 04:00:00,1,0.7039388499999999,1,0.61146855,1
M04,2026-06-10 04:00:00,0,0.049389166666666665,0,0.0295430375,0
M05,2026-06-10 04:00:00,1,0.7293605999999998,1,0.5533685000000002,1
M06,2026-06-10 04:00:00,0,0.0897189333333333,0,0.033619537500000005,0
M07,2026-06-10 04:00:00,0,0.09791611666666665,0,0.07294882500000001,0
M08,2026-06-10 04:00:00,0,0.005433783333333333,0,0.00031099999999999997,0
M09,2026-06-10 04:00:00,0,0.07192961666666667,0,0.0070489125,0
M10,2026-06-10 04:00:00,0,0.8796489499999998,1,0.7778012999999999,1
M11,2026-06-10 04:00:00,0,0.010747783333333333,0,0.00163195,0
M12,2026-06-10 04:00:00,0,0.012576700000000003,0,0.00029335000000000006,0
M13,2026-06-10 04:00:00,0,0.7295995833333335,1,0.6484100499999997,1
M14,2026-06-10 04:00:00,0,0.050311699999999994,0,0.0038880625,0
M15,2026-06-10 04:00:00,0,0.38913231666666664,0,0.06550086249999999,0
M16,2026-06-10 04:00:00,0,0.054402783333333336,0,0.006598524999999999,0
M17,2026-06-10 04:00:00,0,0.0,0,0.0,0
M18,2026-06-10 04:00:00,1,0.9178330499999998,1,0.7002739125,1
M19,2026-06-10 04:00:00,0,0.3766520333333334,0,0.1605596375,0
M20,2026-06-10 04:00:00,0,0.07355181666666666,0,0.0078213875,0
M21,2026-06-10 04:00:00,0,0.015660166666666666,0,0.0044334000000000005,0
M22,2026-06-10 04:00:00,0,0.08309163333333335,0,0.024349725,0
M23,2026-06-10 04:00:00,0,0.7213287333333335,1,0.6587825,1
M24,2026-06-10 04:00:00,0,0.03758173333333333,0,0.0096015875,0
M25,2026-06-10 04:00:00,0,0.8919565166666665,1,0.8094216124999999,1
M01,2026-06-10 05:00:00,0,0.020557866666666667,0,0.022422524999999995,0
M02,2026-06-10 05:00:00,1,0.9227942499999998,1,0.7419273000000001,1
M03,2026-06-10 05:00:00,1,0.9579654333333332,1,0.8203800124999999,1
M04,2026-06-10 05:00:00,0,0.040696616666666664,0,0.03467492500000001,0
M05,2026-06-10 05:00:00,1,0.6490414166666665,1,0.3502187125,0
M06,2026-06-10 05:00:00,0,0.09673369999999998,0,0.011927700000000001,0
M07,2026-06-10 05:00:00,0,0.155158,0,0.06748404999999999,0
M08,2026-06-10 05:00:00,0,0.0062761833333333334,0,0.0038824250000000005,0
M09,2026-06-10 05:00:00,0,0.09316746666666666,0,0.0074021749999999996,0
M10,2026-06-10 05:00:00,0,0.6924462833333332,1,0.500315275,1
M11,2026-06-10 05:00:00,0,0.010747783333333333,0,0.00089665,0
M12,2026-06-10 05:00:00,0,0.01956931666666667,0,0.00021525,0
M13,2026-06-10 05:00:00,0,0.7993327666666669,1,0.8362646625000002,1
M14,2026-06-10 05:00:00,0,0.06414096666666666,0,0.0048648125,0
M15,2026-06-10 05:00:00,0,0.42220723333333343,0,0.08195278749999999,0
M16,2026-06-10 05:00:00,0,0.03507813333333333,0,0.020242812500000002,0
M17,2026-06-10 05:00:00,0,0.0,0,0.0,0
M18,2026-06-10 05:00:00,1,0.8829250333333334,1,0.6705516875,1
M19,2026-06-10 05:00:00,0,0.4169515666666666,0,0.20466876250000002,0
M20,2026-06-10 05:00:00,0,0.1782443833333333,0,0.022077862499999996,0
M21,2026-06-10 05:00:00,0,0.019645633333333336,0,0.0052965125,0
M22,2026-06-10 05:00:00,0,0.056024366666666665,0,0.026733825,0
M23,2026-06-10 05:00:00,0,0.9483257333333334,1,0.8591241875000002,1
M24,2026-06-10 05:00:00,0,0.016214066666666666,0,0.008342387500000001,0
M25,2026-06-10 05:00:00,0,0.7776697166666665,1,0.7298598375,1
M01,2026-06-10 06:00:00,0,0.02348405,0,0.03463334999999999,0
M02,2026-06-10 06:00:00,1,0.8253532666666665,1,0.627107825,1
M03,2026-06-10 06:00:00,1,0.9342567833333332,1,0.7579092374999999,1
M04,2026-06-10 06:00:00,0,0.06956175,0,0.037562725,0
M05,2026-06-10 06:00:00,1,0.5070115666666667,1,0.2031485375,0
M06,2026-06-10 06:00:00,0,0.09790604999999998,0,0.012431587500000004,0
M07,2026-06-10 06:00:00,0,0.08953753333333332,0,0.0687904625,0
M08,2026-06-10 06:00:00,0,0.0014203166666666668,0,0.00031099999999999997,0
M09,2026-06-10 06:00:00,0,0.06262178333333332,0,0.0065675125,0
M10,2026-06-10 06:00:00,0,0.6927384166666665,1,0.523918875,1
M11,2026-06-10 06:00:00,0,0.010747783333333333,0,0.000493425,0
M12,2026-06-10 06:00:00,0,0.02823543333333333,0,0.0029129000000000004,0
M13,2026-06-10 06:00:00,0,0.8689304000000002,1,0.7336627874999999,1
M14,2026-06-10 06:00:00,0,0.057768599999999996,0,0.0017850874999999998,0
M15,2026-06-10 06:00:00,0,0.4599739833333333,0,0.1998970625,0
M16,2026-06-10 06:00:00,0,0.06841458333333332,0,0.008678112500000001,0
M17,2026-06-10 06:00:00,0,0.0,0,0.0,0
M18,2026-06-10 06:00:00,1,0.9615938333333333,1,0.871339525,1
M19,2026-06-10 06:00:00,0,0.28514281666666663,0,0.1268040875,0
M20,2026-06-10 06:00:00,0,0.09113291666666663,0,0.014473475,0
M21,2026-06-10 06:00:00,0,0.021675483333333335,0,0.0044334000000000005,0
M22,2026-06-10 06:00:00,0,0.2296527833333334,0,0.1006192875,0
M23,2026-06-10 06:00:00,0,0.8779761333333335,1,0.6996896125,1
M24,2026-06-10 06:00:00,0,0.0048281,0,0.0040628875,0
M25,2026-06-10 06:00:00,0,0.8282868666666665,1,0.5739751999999999,1
M01,2026-06-10 07:00:00,0,0.020891216666666667,0,0.029057337499999995,0
M02,2026-06-10 07:00:00,1,0.9003735333333333,1,0.757895425,1
M03,2026-06-10 07:00:00,1,0.8582600666666667,1,0.6322202375,1
M04,2026-06-10 07:00:00,0,0.053390216666666664,0,0.014585524999999998,0
M05,2026-06-10 07:00:00,1,0.5543666666666667,1,0.22520512499999995,0
M06,2026-06-10 07:00:00,0,0.06899314999999999,0,0.007743487500000003,0
M07,2026-06-10 07:00:00,0,0.12389091666666666,0,0.045388500000000005,0
M08,2026-06-10 07:00:00,0,0.009278566666666665,0,0.0038824250000000005,0
M09,2026-06-10 07:00:00,0,0.11329175,0,0.011038200000000001,0
M10,2026-06-10 07:00:00,0,0.6867652666666665,1,0.49456760000000005,0
M11,2026-06-10 07:00:00,0,0.049014833333333334,0,0.0020144375,0
M12,2026-06-10 07:00:00,0,0.012863266666666668,0,0.00011482500000000001,0
M13,2026-06-10 07:00:00,1,0.9463051,1,0.8921735750000002,1
M14,2026-06-10 07:00:00,0,0.07109688333333335,0,0.007295399999999999,0
M15,2026-06-10 07:00:00,0,0.36213920000000005,0,0.07118084999999999,0
M16,2026-06-10 07:00:00,0,0.038194733333333335,0,0.042998275,0
M17,2026-06-10 07:00:00,0,0.0014203166666666668,0,0.00020605,0
M18,2026-06-10 07:00:00,1,0.9744886166666666,1,0.9272828375000002,1
M19,2026-06-10 07:00:00,0,0.3859933,0,0.11287758749999999,0
M20,2026-06-10 07:00:00,0,0.1086878833333333,0,0.0167306625,0
M21,2026-06-10 07:00:00,0,0.019645633333333336,0,0.0052965125,0
M22,2026-06-10 07:00:00,0,0.04675806666666667,0,0.016121325,0
M23,2026-06-10 07:00:00,0,0.8795237333333333,1,0.7874637750000001,1
M24,2026-06-10 07:00:00,0,0.07184626666666666,0,0.011659300000000001,0
M25,2026-06-10 07:00:00,0,0.8253855166666665,1,0.5302172749999999,1
M01,2026-06-10 08:00:00,0,0.018405833333333337,0,0.0295307,0
M02,2026-06-10 08:00:00,1,0.9044150333333331,1,0.7396344125,1
M03,2026-06-10 08:00:00,1,0.9518656999999998,1,0.823983825,1
M04,2026-06-10 08:00:00,0,0.06475956666666666,0,0.028800312499999998,0
M05,2026-06-10 08:00:00,1,0.7769295166666663,1,0.4168168375,0
M06,2026-06-10 08:00:00,0,0.08784011666666668,0,0.006128574999999999,0
M07,2026-06-10 08:00:00,0,0.10346853333333335,0,0.0530845125,0
M08,2026-06-10 08:00:00,0,0.05486211666666666,0,0.00567005,0
M09,2026-06-10 08:00:00,0,0.09136968333333334,0,0.0051472625,0
M10,2026-06-10 08:00:00,0,0.6960788499999999,1,0.4852459875000001,0
M11,2026-06-10 08:00:00,0,0.010747783333333333,0,0.000493425,0
M12,2026-06-10 08:00:00,0,0.01484375,0,0.0028926,0
M13,2026-06-10 08:00:00,1,0.8910582333333334,1,0.8097417250000001,1
M14,2026-06-10 08:00:00,0,0.10985505,0,0.0167132875,0
M15,2026-06-10 08:00:00,0,0.42835995,0,0.040538737500000005,0
M16,2026-06-10 08:00:00,0,0.027964933333333337,0,0.017985725,0
M17,2026-06-10 08:00:00,0,0.0014203166666666668,0,0.00020605,0
M18,2026-06-10 08:00:00,1,0.93246195,1,0.8294560750000001,1
M19,2026-06-10 08:00:00,0,0.5537975833333334,1,0.286495575,0
M20,2026-06-10 08:00:00,0,0.08899911666666664,0,0.0236226625,0
M21,2026-06-10 08:00:00,0,0.021675483333333335,0,0.0044334000000000005,0
M22,2026-06-10 08:00:00,0,0.08724028333333335,0,0.022793149999999998,0
M23,2026-06-10 08:00:00,0,0.8798691166666667,1,0.7889332625000001,1
M24,2026-06-10 08:00:00,0,0.005193133333333333,0,0.0004914625,0
M25,2026-06-10 08:00:00,0,0.8268588499999999,1,0.5225063249999999,1
M01,2026-06-10 09:00:00,0,0.027951666666666666,0,0.028569162499999995,0
M02,2026-06-10 09:00:00,1,0.9177568666666662,1,0.7704923874999998,1
M03,2026-06-10 09:00:00,1,0.9544987999999998,1,0.824601125,1
M04,2026-06-10 09:00:00,0,0.051405999999999986,0,0.0163775375,0
M05,2026-06-10 09:00:00,1,0.5830724,1,0.13987573749999999,0
M06,2026-06-10 09:00:00,0,0.08477316666666666,0,0.014016887500000002,0
M07,2026-06-10 09:00:00,0,0.12445309999999998,0,0.10141335,0
M08,2026-06-10 09:00:00,0,0.0014203166666666668,0,0.00031099999999999997,0
M09,2026-06-10 09:00:00,0,0.10991133333333332,0,0.009713425,0
M10,2026-06-10 09:00:00,0,0.6753538499999999,1,0.37869749999999985,0
M11,2026-06-10 09:00:00,0,0.010747783333333333,0,0.000493425,0
M12,2026-06-10 09:00:00,0,0.02523243333333334,0,0.0119717375,0
M13,2026-06-10 09:00:00,1,0.88496345,1,0.7660706625,1
M14,2026-06-10 09:00:00,0,0.05398628333333333,0,0.0034015625,0
M15,2026-06-10 09:00:00,0,0.2277919,0,0.029198499999999995,0
M16,2026-06-10 09:00:00,0,0.030631283333333335,0,0.024734899999999997,0
M17,2026-06-10 09:00:00,0,0.008453983333333333,0,0.00414685,0
M18,2026-06-10 09:00:00,1,0.9159905833333332,1,0.8313231749999999,1
M19,2026-06-10 09:00:00,0,0.57811435,1,0.3329753875,0
M20,2026-06-10 09:00:00,0,0.06658919999999999,0,0.0223273375,0
M21,2026-06-10 09:00:00,0,0.06053061666666667,0,0.0149788875,0
M22,2026-06-10 09:00:00,0,0.07870311666666667,0,0.0243546125,0
M23,2026-06-10 09:00:00,0,0.9573783666666664,1,0.9491922,1
M24,2026-06-10 09:00:00,0,0.005193133333333333,0,0.00031099999999999997,0
M25,2026-06-10 09:00:00,0,0.8322499999999999,1,0.5896817500000001,1
M01,2026-06-10 10:00:00,0,0.032955983333333334,0,0.018425175,0
M02,2026-06-10 10:00:00,1,0.8980124833333331,1,0.7510010999999999,1
M03,2026-06-10 10:00:00,1,0.7851202666666667,1,0.5381465500000001,1
M04,2026-06-10 10:00:00,0,0.056357716666666655,0,0.008697762500000001,0
M05,2026-06-10 10:00:00,1,0.5403279833333332,1,0.10526475000000002,0
M06,2026-06-10 10:00:00,0,0.07545991666666667,0,0.0036885499999999996,0
M07,2026-06-10 10:00:00,0,0.10577443333333333,0,0.05721397500000001,0
M08,2026-06-10 10:00:00,0,0.00164555,0,0.0038824250000000005,0
M09,2026-06-10 10:00:00,0,0.09039655,0,0.011874949999999999,0
M10,2026-06-10 10:00:00,0,0.6881707666666668,1,0.4641897625000001,0
M11,2026-06-10 10:00:00,0,0.010747783333333333,0,0.000493425,0
M12,2026-06-10 10:00:00,0,0.014324583333333333,0,0.0081956375,0
M13,2026-06-10 10:00:00,1,0.7309233166666668,1,0.6986113374999998,1
M14,2026-06-10 10:00:00,0,0.07553906666666667,0,0.0023676,0
M15,2026-06-10 10:00:00,0,0.22953961666666664,0,0.0507172375,0
M16,2026-06-10 10:00:00,0,0.03606181666666667,0,0.023086537499999997,0
M17,2026-06-10 10:00:00,0,0.0014203166666666668,0,0.00020605,0
M18,2026-06-10 10:00:00,1,0.9811178833333333,1,0.9515071125000002,1
M19,2026-06-10 10:00:00,0,0.5610516666666665,1,0.275790875,0
M20,2026-06-10 10:00:00,0,0.15459453333333334,0,0.049989950000000005,0
M21,2026-06-10 10:00:00,0,0.019645633333333336,0,0.005461475,0
M22,2026-06-10 10:00:00,0,0.23248613333333334,0,0.10773196249999999,0
M23,2026-06-10 10:00:00,0,0.8808441833333335,1,0.7555375875000001,1
M24,2026-06-10 10:00:00,0,0.0048281,0,0.0004914625,0
M25,2026-06-10 10:00:00,0,0.8962615333333331,1,0.8092831125,1
M01,2026-06-10 11:00:00,0,0.021912866666666666,0,0.036135037499999995,0
M02,2026-06-10 11:00:00,1,0.7371609666666668,1,0.6185191624999998,1
M03,2026-06-10 11:00:00,1,0.9340129833333329,1,0.74419415,1
M04,2026-06-10 11:00:00,0,0.04180223333333333,0,0.012424625000000002,0
M05,2026-06-10 11:00:00,1,0.7990171499999997,1,0.3768924375000001,0
M06,2026-06-10 11:00:00,0,0.08553608333333335,0,0.0057937625,0
M07,2026-06-10 11:00:00,0,0.06277443333333334,0,0.05103872499999999,0
M08,2026-06-10 11:00:00,0,0.0210614,0,0.0054811125,0
M09,2026-06-10 11:00:00,0,0.10026539999999999,0,0.01134445,0
M10,2026-06-10 11:00:00,0,0.6872752333333331,1,0.4883251250000001,0
M11,2026-06-10 11:00:00,0,0.04271228333333334,0,0.0100148625,0
M12,2026-06-10 11:00:00,0,0.021836133333333334,0,0.000135125,0
M13,2026-06-10 11:00:00,1,0.8306572000000002,1,0.5247119000000001,1
M14,2026-06-10 11:00:00,0,0.06682621666666666,0,0.00631415,0
M15,2026-06-10 11:00:00,0,0.15979211666666665,0,0.035927812499999996,0
M16,2026-06-10 11:00:00,0,0.03855538333333333,0,0.0413479375,0
M17,2026-06-10 11:00:00,0,0.0014203166666666668,0,0.00020605,0
M18,2026-06-10 11:00:00,1,0.9774372999999998,1,0.9032517,1
M19,2026-06-10 11:00:00,0,0.50107675,1,0.19187548750000002,0
M20,2026-06-10 11:00:00,0,0.07129040000000002,0,0.0093601,0
M21,2026-06-10 11:00:00,0,0.015660166666666666,0,0.0044334000000000005,0
M22,2026-06-10 11:00:00,0,0.09434413333333334,0,0.025862474999999996,0
M23,2026-06-10 11:00:00,0,0.7486898500000001,1,0.7393346875,1
M24,2026-06-10 11:00:00,0,0.005193133333333333,0,0.0030333,0
M25,2026-06-10 11:00:00,0,0.8292820166666666,1,0.5891128875,1
M01,2026-06-10 12:00:00,0,0.030762866666666666,0,0.016228537499999997,0
M02,2026-06-10 12:00:00,1,0.8945685333333331,1,0.7488151874999999,1
M03,2026-06-10 12:00:00,1,0.8350003499999997,1,0.6172008250000001,1
M04,2026-06-10 12:00:00,0,0.08810886666666669,0,0.028551137500000007,0
M05,2026-06-10 12:00:00,1,0.7891272499999996,1,0.38326668750000004,0
M06,2026-06-10 12:00:00,0,0.055380266666666664,0,0.0024458000000000006,0
M07,2026-06-10 12:00:00,0,0.16352208333333332,0,0.14319137499999995,0
M08,2026-06-10 12:00:00,0,0.0014203166666666668,0,0.00031099999999999997,0
M09,2026-06-10 12:00:00,0,0.10720263333333332,0,0.013015375000000001,0
M10,2026-06-10 12:00:00,0,0.6941048666666665,1,0.47996100000000014,0
M11,2026-06-10 12:00:00,0,0.010747783333333333,0,0.00163195,0
M12,2026-06-10 12:00:00,0,0.025482516666666667,0,0.001632475,0
M13,2026-06-10 12:00:00,1,0.7999051166666669,1,0.4966204125000001,0
M14,2026-06-10 12:00:00,0,0.044715983333333334,0,0.0009544,0
M15,2026-06-10 12:00:00,0,0.2298071666666667,0,0.04361424999999999,0
M16,2026-06-10 12:00:00,0,0.03862663333333334,0,0.015599987499999999,0
M17,2026-06-10 12:00:00,0,0.0014203166666666668,0,0.00020605,0
M18,2026-06-10 12:00:00,1,0.9187254666666664,1,0.832753125,1
M19,2026-06-10 12:00:00,0,0.44742984999999996,0,0.22043990000000005,0
M20,2026-06-10 12:00:00,0,0.10863103333333332,0,0.0434950875,0
M21,2026-06-10 12:00:00,0,0.1166376,0,0.03554495,0
M22,2026-06-10 12:00:00,0,0.12154349999999997,0,0.0183863875,0
M23,2026-06-10 12:00:00,0,0.9019169833333334,1,0.65329785,1
M24,2026-06-10 12:00:00,0,0.010054249999999999,0,0.0040628875,0
M25,2026-06-10 12:00:00,0,0.7256465,1,0.552120975,1
M01,2026-06-10 13:00:00,0,0.015828300000000003,0,0.034314687499999996,0
M02,2026-06-10 13:00:00,1,0.9004170499999998,1,0.7244181874999999,1
M03,2026-06-10 13:00:00,1,0.8273925333333333,1,0.6037053374999999,1
M04,2026-06-10 13:00:00,0,0.05120069999999999,0,0.014503375000000002,0
M05,2026-06-10 13:00:00,1,0.7850737666666663,1,0.31896800000000003,0
M06,2026-06-10 13:00:00,0,0.20085424999999998,0,0.11971860000000001,0
M07,2026-06-10 13:00:00,0,0.11167148333333335,0,0.0632261875,0
M08,2026-06-10 13:00:00,0,0.0014203166666666668,0,0.00031099999999999997,0
M09,2026-06-10 13:00:00,0,0.08234984999999999,0,0.008295225,0
M10,2026-06-10 13:00:00,0,0.7735401,1,0.6802391750000001,1
M11,2026-06-10 13:00:00,0,0.010747783333333333,0,0.00600695,0
M12,2026-06-10 13:00:00,0,0.01736681666666667,0,0.0030595625,0
M13,2026-06-10 13:00:00,1,0.7401713500000001,1,0.4330233875,0
M14,2026-06-10 13:00:00,0,0.05117516666666666,0,0.0005511749999999999,0
M15,2026-06-10 13:00:00,0,0.4446908833333334,0,0.049159474999999994,0
M16,2026-06-10 13:00:00,0,0.025041966666666672,0,0.0130137,0
M17,2026-06-10 13:00:00,0,0.0014203166666666668,0,0.00020605,0
M18,2026-06-10 13:00:00,1,0.9391887833333334,1,0.8212709375000002,1
M19,2026-06-10 13:00:00,0,0.4024494666666666,0,0.18520844999999997,0
M20,2026-06-10 13:00:00,0,0.09726378333333331,0,0.0321199875,0
M21,2026-06-10 13:00:00,0,0.020376400000000003,0,0.0044334000000000005,0
M22,2026-06-10 13:00:00,0,0.1369900333333333,0,0.026237700000000003,0
M23,2026-06-10 13:00:00,0,0.77482755,1,0.4978990124999999,0
M24,2026-06-10 13:00:00,0,0.06758316666666667,0,0.012189600000000002,0
M25,2026-06-10 13:00:00,0,0.6963073333333333,1,0.5571522499999999,1
M01,2026-06-10 14:00:00,0,0.01814121666666667,0,0.028975475,0
M02,2026-06-10 14:00:00,1,0.6556190333333335,1,0.591447775,1
M03,2026-06-10 14:00:00,1,0.9302682166666665,1,0.7377197375000002,1
M04,2026-06-10 14:00:00,0,0.04270933333333333,0,0.022107599999999998,0
M05,2026-06-10 14:00:00,1,0.7697675999999997,1,0.32930665000000003,0
M06,2026-06-10 14:00:00,0,0.19007211666666662,0,0.08520347499999999,0
M07,2026-06-10 14:00:00,0,0.13990485,0,0.14021431250000002,0
M08,2026-06-10 14:00:00,0,0.0014203166666666668,0,0.00031099999999999997,0
M09,2026-06-10 14:00:00,0,0.23557665,0,0.14900494999999997,0
M10,2026-06-10 14:00:00,0,0.6933989166666666,1,0.47632268750000006,0
M11,2026-06-10 14:00:00,0,0.02857051666666667,0,0.009715350000000001,0
M12,2026-06-10 14:00:00,0,0.024667533333333335,0,0.0074123625,0
M13,2026-06-10 14:00:00,1,0.8105399666666667,1,0.47409666250000015,0
M14,2026-06-10 14:00:00,0,0.044715983333333334,0,0.0005511749999999999,0
M15,2026-06-10 14:00:00,0,0.25992225,0,0.03719045,0
M16,2026-06-10 14:00:00,0,0.04422061666666667,0,0.0206634375,0
M17,2026-06-10 14:00:00,0,0.0014203166666666668,0,0.00020605,0
M18,2026-06-10 14:00:00,1,0.9771282166666667,1,0.9170119624999999,1
M19,2026-06-10 14:00:00,0,0.25090301666666665,0,0.15922206249999998,0
M20,2026-06-10 14:00:00,0,0.0982042833333333,0,0.03487921249999999,0
M21,2026-06-10 14:00:00,0,0.019645633333333336,0,0.005461475,0
M22,2026-06-10 14:00:00,0,0.11410186666666668,0,0.015747825,0
M23,2026-06-10 14:00:00,0,0.6616451666666667,1,0.4687635124999999,0
M24,2026-06-10 14:00:00,0,0.10935666666666667,0,0.0190719875,0
M25,2026-06-10 14:00:00,0,0.8259347833333331,1,0.5347500749999999,1
M01,2026-06-10 15:00:00,0,0.03239338333333334,0,0.01721395,0
M02,2026-06-10 15:00:00,1,0.9131195833333332,1,0.752984925,1
M03,2026-06-10 15:00:00,1,0.9120755833333332,1,0.7498792000000001,1
M04,2026-06-10 15:00:00,0,0.04721169999999999,0,0.0113850125,0
M05,2026-06-10 15:00:00,1,0.7816618499999995,1,0.28925306249999994,0
M06,2026-06-10 15:00:00,0,0.21187658333333334,0,0.125267275,0
M07,2026-06-10 15:00:00,0,0.08862746666666667,0,0.04390705,0
M08,2026-06-10 15:00:00,0,0.0014203166666666668,0,0.00031099999999999997,0
M09,2026-06-10 15:00:00,0,0.08659483333333333,0,0.02058955,0
M10,2026-06-10 15:00:00,0,0.7336230999999999,1,0.46228271249999997,0
M11,2026-06-10 15:00:00,0,0.015824566666666668,0,0.021510724999999998,0
M12,2026-06-10 15:00:00,0,0.03657733333333333,0,0.0050975625,0
M13,2026-06-10 15:00:00,1,0.9243648166666668,1,0.7738606499999998,1
M14,2026-06-10 15:00:00,0,0.04915816666666666,0,0.001531225,0
M15,2026-06-10 15:00:00,0,0.7636732833333331,1,0.30592465,0
M16,2026-06-10 15:00:00,0,0.04629236666666667,0,0.022709487500000004,0
M17,2026-06-10 15:00:00,0,0.0014203166666666668,0,0.00020605,0
M18,2026-06-10 15:00:00,1,0.8253264666666665,1,0.8388808749999999,1
M19,2026-06-10 15:00:00,0,0.24219241666666666,0,0.1936643625,0
M20,2026-06-10 15:00:00,0,0.09057988333333332,0,0.04276795,0
M21,2026-06-10 15:00:00,0,0.006486500000000001,0,0.0156663375,0
M22,2026-06-10 15:00:00,0,0.11191185000000002,0,0.0147267625,0
M23,2026-06-10 15:00:00,0,0.8339967833333336,1,0.649732375,1
M24,2026-06-10 15:00:00,0,0.01729083333333333,0,0.0025034000000000002,0
M25,2026-06-10 15:00:00,0,0.8446441,1,0.5381871250000001,1
M01,2026-06-10 16:00:00,0,0.034065366666666666,0,0.020547875,0
M02,2026-06-10 16:00:00,1,0.774778166666667,1,0.5820282375,1
M03,2026-06-10 16:00:00,1,0.8205842333333333,1,0.6310534125,1
M04,2026-06-10 16:00:00,0,0.06360801666666667,0,0.014751874999999998,0
M05,2026-06-10 16:00:00,1,0.6496136666666665,1,0.34983603750000003,0
M06,2026-06-10 16:00:00,0,0.23869515,0,0.10834721249999998,0
M07,2026-06-10 16:00:00,0,0.06137625,0,0.0306498375,0
M08,2026-06-10 16:00:00,0,0.00164555,0,0.00031099999999999997,0
M09,2026-06-10 16:00:00,0,0.10125856666666663,0,0.012991075000000001,0
M10,2026-06-10 16:00:00,0,0.7208131666666665,1,0.4496328625,0
M11,2026-06-10 16:00:00,0,0.016434800000000003,0,0.021510724999999998,0
M12,2026-06-10 16:00:00,0,0.01400691666666667,0,0.000510575,0
M13,2026-06-10 16:00:00,1,0.8797851166666668,1,0.7735407375,1
M14,2026-06-10 16:00:00,0,0.07163448333333333,0,0.020038149999999998,0
M15,2026-06-10 16:00:00,0,0.5346000833333332,1,0.17596883749999997,0
M16,2026-06-10 16:00:00,0,0.05560909999999999,0,0.0125450125,0
M17,2026-06-10 16:00:00,0,0.015991733333333334,0,0.001482375,0
M18,2026-06-10 16:00:00,1,0.9239243,1,0.8119166874999999,1
M19,2026-06-10 16:00:00,0,0.35657030000000006,0,0.208715975,0
M20,2026-06-10 16:00:00,0,0.09004459999999997,0,0.0326289,0
M21,2026-06-10 16:00:00,0,0.006486500000000001,0,0.028541149999999998,0
M22,2026-06-10 16:00:00,0,0.10562226666666667,0,0.0186096,0
M23,2026-06-10 16:00:00,1,0.9132584833333333,1,0.6941930749999999,1
M24,2026-06-10 16:00:00,0,0.012743433333333333,0,0.0025034000000000002,0
M25,2026-06-10 16:00:00,0,0.7207179,1,0.5508408874999999,1
M01,2026-06-10 17:00:00,0,0.0306408,0,0.026549137500000004,0
M02,2026-06-10 17:00:00,1,0.6507433,1,0.5769153625000001,1
M03,2026-06-10 17:00:00,1,0.927537533333333,1,0.7554264500000001,1
M04,2026-06-10 17:00:00,0,0.06110341666666666,0,0.038430387499999996,0
M05,2026-06-10 17:00:00,1,0.5073581166666666,1,0.12071947499999998,0
M06,2026-06-10 17:00:00,0,0.2654715833333333,0,0.1404852875,0
M07,2026-06-10 17:00:00,0,0.06409056666666665,0,0.0304607375,0
M08,2026-06-10 17:00:00,0,0.0014203166666666668,0,0.00031099999999999997,0
M09,2026-06-10 17:00:00,0,0.10973098333333331,0,0.0106555375,0
M10,2026-06-10 17:00:00,0,0.7237737000000002,1,0.4455291625000001,0
M11,2026-06-10 17:00:00,0,0.017685516666666668,0,0.009715350000000001,0
M12,2026-06-10 17:00:00,0,0.002926716666666667,0,0.0019655125,0
M13,2026-06-10 17:00:00,1,0.9524632999999999,1,0.8748382625000002,1
M14,2026-06-10 17:00:00,0,0.05953583333333333,0,0.0016975750000000002,0
M15,2026-06-10 17:00:00,0,0.5212843666666667,1,0.16495147499999996,0
M16,2026-06-10 17:00:00,0,0.0641917,0,0.0219285,0
M17,2026-06-10 17:00:00,0,0.0014203166666666668,0,0.00020605,0
M18,2026-06-10 17:00:00,1,0.9794465833333332,1,0.9315937,1
M19,2026-06-10 17:00:00,0,0.5504573166666666,1,0.23698666249999997,0
M20,2026-06-10 17:00:00,0,0.10818051666666664,0,0.04255605,0
M21,2026-06-10 17:00:00,0,0.0371866,0,0.022568325,0
M22,2026-06-10 17:00:00,0,0.07888598333333334,0,0.0245259375,0
M23,2026-06-10 17:00:00,1,0.8600477000000002,1,0.6818334125,1
M24,2026-06-10 17:00:00,0,0.012743433333333333,0,0.0007180499999999999,0
M25,2026-06-10 17:00:00,0,0.8569423666666667,1,0.5775313,1
M01,2026-06-10 18:00:00,0,0.04771131666666666,0,0.0161487375,0
M02,2026-06-10 18:00:00,1,0.9193268499999996,1,0.730139075,1
M03,2026-06-10 18:00:00,1,0.8166846333333332,1,0.6180679,1
M04,2026-06-10 18:00:00,0,0.04271456666666666,0,0.0373463125,0
M05,2026-06-10 18:00:00,1,0.8100040999999997,1,0.5260669749999999,1
M06,2026-06-10 18:00:00,0,0.18044849999999998,0,0.0894748625,0
M07,2026-06-10 18:00:00,0,0.08596691666666664,0,0.0474439375,0
M08,2026-06-10 18:00:00,0,0.00164555,0,0.00031099999999999997,0
M09,2026-06-10 18:00:00,0,0.08531615,0,0.011084175,0
M10,2026-06-10 18:00:00,0,0.73662495,1,0.45883082500000016,0
M11,2026-06-10 18:00:00,0,0.015824566666666668,0,0.00031099999999999997,0
M12,2026-06-10 18:00:00,0,0.014992400000000001,0,0.004842025000000001,0
M13,2026-06-10 18:00:00,1,0.9523656166666669,1,0.8770172125000002,1
M14,2026-06-10 18:00:00,0,0.06281441666666666,0,0.0045531,0
M15,2026-06-10 18:00:00,0,0.5697570000000002,1,0.34510848749999995,0
M16,2026-06-10 18:00:00,0,0.06382853333333331,0,0.014878887500000002,0
M17,2026-06-10 18:00:00,0,0.0014203166666666668,0,0.00020605,0
M18,2026-06-10 18:00:00,1,0.9775630999999999,1,0.9238486,1
M19,2026-06-10 18:00:00,0,0.5494215166666667,1,0.25892355000000006,0
M20,2026-06-10 18:00:00,0,0.15138053333333332,0,0.0567576,0
M21,2026-06-10 18:00:00,0,0.025624566666666668,0,0.010944275,0
M22,2026-06-10 18:00:00,0,0.10617013333333335,0,0.032453724999999996,0
M23,2026-06-10 18:00:00,1,0.9511771499999999,1,0.9133748499999997,1
M24,2026-06-10 18:00:00,0,0.015780133333333335,0,0.0007180499999999999,0
M25,2026-06-10 18:00:00,0,0.8216393499999999,1,0.5596812125,1
M01,2026-06-10 19:00:00,0,0.028594666666666668,0,0.04183154999999999,0
M02,2026-06-10 19:00:00,1,0.9143877999999998,1,0.7242353249999998,1
M03,2026-06-10 19:00:00,1,0.8180906833333332,1,0.6139096500000001,1
M04,2026-06-10 19:00:00,0,0.041363566666666664,0,0.0343577375,0
M05,2026-06-10 19:00:00,1,0.7782081499999997,1,0.45028703750000015,0
M06,2026-06-10 19:00:00,0,0.18888319999999997,0,0.12229065000000001,0
M07,2026-06-10 19:00:00,0,0.039350866666666665,0,0.024121524999999998,0
M08,2026-06-10 19:00:00,0,0.0014203166666666668,0,0.00031099999999999997,0
M09,2026-06-10 19:00:00,0,0.09792871666666667,0,0.027214549999999997,0
M10,2026-06-10 19:00:00,0,0.7132252333333332,1,0.4577211250000001,0
M11,2026-06-10 19:00:00,0,0.015824566666666668,0,0.007374612499999998,0
M12,2026-06-10 19:00:00,0,0.022389700000000002,0,0.002356675,0
M13,2026-06-10 19:00:00,1,0.9440945333333332,1,0.8866006000000002,1
M14,2026-06-10 19:00:00,0,0.08469573333333334,0,0.010754050000000003,0
M15,2026-06-10 19:00:00,0,0.5113175166666667,1,0.208847425,0
M16,2026-06-10 19:00:00,0,0.16693166666666667,0,0.045569425000000004,0
M17,2026-06-10 19:00:00,0,0.0014203166666666668,0,0.00020605,0
M18,2026-06-10 19:00:00,1,0.9324698666666668,1,0.8475998375000001,1
M19,2026-06-10 19:00:00,0,0.5000985166666665,1,0.25423039999999997,0
M20,2026-06-10 19:00:00,0,0.11848334999999997,0,0.038300662500000006,0
M21,2026-06-10 19:00:00,0,0.046094833333333335,0,0.0222107625,0
M22,2026-06-10 19:00:00,0,0.08108321666666667,0,0.029193112499999996,0
M23,2026-06-10 19:00:00,1,0.8642492833333333,1,0.7392270125,1
M24,2026-06-10 19:00:00,0,0.015780133333333335,0,0.0007180499999999999,0
M25,2026-06-10 19:00:00,0,0.9036337666666664,1,0.7782356124999998,1
M01,2026-06-10 20:00:00,0,0.05431591666666666,0,0.020463912499999997,0
M02,2026-06-10 20:00:00,1,0.7723439499999998,1,0.5589537874999999,1
M03,2026-06-10 20:00:00,1,0.933866133333333,1,0.77041455,1
M04,2026-06-10 20:00:00,0,0.060816749999999996,0,0.0353889,0
M05,2026-06-10 20:00:00,1,0.8099158499999995,1,0.5197162374999998,1
M06,2026-06-10 20:00:00,0,0.17047641666666666,0,0.0966939375,0
M07,2026-06-10 20:00:00,0,0.14592333333333332,0,0.09136006249999999,0
M08,2026-06-10 20:00:00,0,0.0391644,0,0.0032680875,0
M09,2026-06-10 20:00:00,0,0.09930144999999999,0,0.014907400000000001,0
M10,2026-06-10 20:00:00,0,0.5339175333333334,1,0.3942978125,0
M11,2026-06-10 20:00:00,0,0.017685516666666668,0,0.009715350000000001,0
M12,2026-06-10 20:00:00,0,0.019654283333333338,0,3.0174999999999998e-05,0
M13,2026-06-10 20:00:00,1,0.9377861666666664,1,0.8727158000000002,1
M14,2026-06-10 20:00:00,0,0.12180168333333331,0,0.028632262500000005,0
M15,2026-06-10 20:00:00,0,0.8162161166666664,1,0.5978381625000001,1
M16,2026-06-10 20:00:00,0,0.06396396666666665,0,0.0122948125,0
M17,2026-06-10 20:00:00,0,0.0014203166666666668,0,0.00020605,0
M18,2026-06-10 20:00:00,1,0.9782317333333332,1,0.9166798999999999,1
M19,2026-06-10 20:00:00,0,0.4826429,0,0.233521075,0
M20,2026-06-10 20:00:00,0,0.13689761666666664,0,0.05155635000000001,0
M21,2026-06-10 20:00:00,0,0.04132435,0,0.004047725,0
M22,2026-06-10 20:00:00,0,0.08571276666666666,0,0.050841662499999996,0
M23,2026-06-10 20:00:00,1,0.9499993666666664,1,0.9134513625000003,1
M24,2026-06-10 20:00:00,0,0.012743433333333333,0,0.0007180499999999999,0
M25,2026-06-10 20:00:00,0,0.8331587333333333,1,0.5870797875000001,1
M01,2026-06-10 21:00:00,0,0.0275971,0,0.020408887499999997,0
M02,2026-06-10 21:00:00,1,0.9033429166666664,1,0.6923675374999998,1
M03,2026-06-10 21:00:00,1,0.8054907333333332,1,0.5825487750000001,1
M04,2026-06-10 21:00:00,0,0.03927978333333334,0,0.009897,0
M05,2026-06-10 21:00:00,1,0.5826444833333333,1,0.2503631625,0
M06,2026-06-10 21:00:00,0,0.18813418333333332,0,0.1110768875,0
M07,2026-06-10 21:00:00,0,0.09922211666666665,0,0.06025174999999999,0
M08,2026-06-10 21:00:00,0,0.0014203166666666668,0,0.00031099999999999997,0
M09,2026-06-10 21:00:00,0,0.12008581666666665,0,0.019362525000000002,0
M10,2026-06-10 21:00:00,0,0.6570152333333332,1,0.4425964375000001,0
M11,2026-06-10 21:00:00,0,0.0048281,0,0.00031099999999999997,0
M12,2026-06-10 21:00:00,0,0.01834751666666667,0,0.00030940000000000004,0
M13,2026-06-10 21:00:00,1,0.8261291833333334,1,0.8477097375000001,1
M14,2026-06-10 21:00:00,0,0.05006458333333332,0,0.0107743875,0
M15,2026-06-10 21:00:00,0,0.5618723166666667,1,0.21708344999999998,0
M16,2026-06-10 21:00:00,0,0.061764633333333326,0,0.023865499999999998,0
M17,2026-06-10 21:00:00,0,0.0014203166666666668,0,0.00020605,0
M18,2026-06-10 21:00:00,1,0.9800954833333333,1,0.9249206749999999,1
M19,2026-06-10 21:00:00,0,0.5461313499999999,1,0.251740425,0
M20,2026-06-10 21:00:00,0,0.1160775333333333,0,0.0159772375,0
M21,2026-06-10 21:00:00,0,0.05562563333333334,0,0.019300475,0
M22,2026-06-10 21:00:00,0,0.19756763333333333,0,0.10589801250000001,0
M23,2026-06-10 21:00:00,1,0.8787407166666668,1,0.7707806875000001,1
M24,2026-06-10 21:00:00,0,0.01602845,0,0.0065511125,0
M25,2026-06-10 21:00:00,0,0.7625616999999997,1,0.7705965000000001,1
M01,2026-06-10 22:00:00,0,0.025404083333333334,0,0.0065172500000000005,0
M02,2026-06-10 22:00:00,1,0.8925399499999996,1,0.6815565124999997,1
M03,2026-06-10 22:00:00,1,0.929316083333333,1,0.7588991,1
M04,2026-06-10 22:00:00,0,0.045492149999999995,0,0.012053225,0
M05,2026-06-10 22:00:00,1,0.7612991333333331,1,0.40191681249999983,0
M06,2026-06-10 22:00:00,0,0.17422046666666663,0,0.10739524999999998,0
M07,2026-06-10 22:00:00,0,0.07081696666666666,0,0.035047087500000004,0
M08,2026-06-10 22:00:00,0,0.0014203166666666668,0,0.00031099999999999997,0
M09,2026-06-10 22:00:00,0,0.12602258333333333,0,0.011425000000000001,0
M10,2026-06-10 22:00:00,0,0.6464425166666667,1,0.40934712500000014,0
M11,2026-06-10 22:00:00,0,0.0048281,0,0.00020605,0
M12,2026-06-10 22:00:00,0,0.04457755,0,0.042507,0
M13,2026-06-10 22:00:00,1,0.8984195666666667,1,0.8049415125000001,1
M14,2026-06-10 22:00:00,0,0.06342358333333334,0,0.009133012499999999,0
M15,2026-06-10 22:00:00,0,0.4986164666666667,0,0.16094552499999998,0
M16,2026-06-10 22:00:00,0,0.04678701666666666,0,0.018332424999999996,0
M17,2026-06-10 22:00:00,0,0.0014203166666666668,0,0.00020605,0
M18,2026-06-10 22:00:00,1,0.8060768833333333,1,0.8131663124999999,1
M19,2026-06-10 22:00:00,0,0.5256311666666666,1,0.217454825,0
M20,2026-06-10 22:00:00,0,0.10193699999999999,0,0.0124162125,0
M21,2026-06-10 22:00:00,0,0.022205850000000003,0,0.0185504625,0
M22,2026-06-10 22:00:00,0,0.09303291666666666,0,0.02494735,0
M23,2026-06-10 22:00:00,1,0.8805649833333333,1,0.7579394249999999,1
M24,2026-06-10 22:00:00,0,0.015219966666666668,0,0.0062381,0
M25,2026-06-10 22:00:00,0,0.8260021333333332,1,0.552236225,1
M01,2026-06-10 23:00:00,0,0.010001683333333334,0,0.00278765,0
M02,2026-06-10 23:00:00,1,0.8065546833333332,1,0.5473330375,1
M03,2026-06-10 23:00:00,1,0.9318843333333329,1,0.751506525,1
M04,2026-06-10 23:00:00,0,0.016438583333333333,0,0.001885875,0
M05,2026-06-10 23:00:00,1,0.7599859666666665,1,0.3478015624999999,0
M06,2026-06-10 23:00:00,0,0.17515165000000002,0,0.08626847499999998,0
M07,2026-06-10 23:00:00,0,0.1238081,0,0.05389000000000001,0
M08,2026-06-10 23:00:00,0,0.0014203166666666668,0,0.00031099999999999997,0
M09,2026-06-10 23:00:00,0,0.10097449999999998,0,0.0096044,0
M10,2026-06-10 23:00:00,0,0.6723812833333334,1,0.4588815500000001,0
M11,2026-06-10 23:00:00,0,0.043862283333333335,0,0.0105064,0
M12,2026-06-10 23:00:00,0,0.11449975,0,0.042461475000000005,0
M13,2026-06-10 23:00:00,1,0.9512706333333332,1,0.9082495750000001,1
M14,2026-06-10 23:00:00,0,0.06285238333333333,0,0.010071975,0
M15,2026-06-10 23:00:00,0,0.4581013,0,0.1536974,0
M16,2026-06-10 23:00:00,0,0.0142406,0,0.015059800000000002,0
M17,2026-06-10 23:00:00,0,0.0014203166666666668,0,0.00020605,0
M18,2026-06-10 23:00:00,1,0.9339330166666665,1,0.8235390249999999,1
M19,2026-06-10 23:00:00,0,0.4704848,0,0.24129143749999993,0
M20,2026-06-10 23:00:00,0,0.0955307833333333,0,0.037164425,0
M21,2026-06-10 23:00:00,0,0.02091555,0,0.0197107625,0
M22,2026-06-10 23:00:00,0,0.07665983333333333,0,0.0466892125,0
M23,2026-06-10 23:00:00,1,0.8908832,1,0.8183754249999999,1
M24,2026-06-10 23:00:00,0,0.0048281,0,0.00802345,0
M25,2026-06-10 23:00:00,0,0.8388742,1,0.5253686250000001,1
M01,2026-06-11 00:00:00,0,0.011061183333333335,0,0.0019082875000000002,0
M02,2026-06-11 00:00:00,1,0.5164847666666668,1,0.44357189999999996,0
M03,2026-06-11 00:00:00,1,0.9342339166666664,1,0.7423882125,1
M04,2026-06-11 00:00:00,0,0.06596643333333334,0,0.007203599999999999,0
M05,2026-06-11 00:00:00,1,0.7748512499999997,1,0.38119464999999997,0
M06,2026-06-11 00:00:00,0,0.20891906666666668,0,0.11536906250000001,0
M07,2026-06-11 00:00:00,0,0.05988433333333334,0,0.051323400000000005,0
M08,2026-06-11 00:00:00,0,0.0014203166666666668,0,0.00031099999999999997,0
M09,2026-06-11 00:00:00,0,0.09782756666666664,0,0.0044022,0
M10,2026-06-11 00:00:00,0,0.5496416166666669,1,0.4425831750000001,0
M11,2026-06-11 00:00:00,0,0.015824566666666668,0,0.021510724999999998,0
M12,2026-06-11 00:00:00,0,0.061382816666666666,0,0.04133535000000001,0
M13,2026-06-11 00:00:00,1,0.9537532833333332,1,0.875597175,1
M14,2026-06-11 00:00:00,0,0.11579113333333332,0,0.00777525,0
M15,2026-06-11 00:00:00,0,0.45903923333333335,0,0.13276346249999998,0
M16,2026-06-11 00:00:00,0,0.020379966666666673,0,0.015121262500000001,0
M17,2026-06-11 00:00:00,0,0.0014203166666666668,0,0.00020605,0
M18,2026-06-11 00:00:00,1,0.9762734666666666,1,0.91633785,1
M19,2026-06-11 00:00:00,0,0.5898581666666668,1,0.33458727499999996,0
M20,2026-06-11 00:00:00,0,0.09734626666666664,0,0.0344373625,0
M21,2026-06-11 00:00:00,0,0.054650483333333326,0,0.0025950875,0
M22,2026-06-11 00:00:00,0,0.06835793333333333,0,0.028273787499999998,0
M23,2026-06-11 00:00:00,1,0.9579315333333331,1,0.9273835625000002,1
M24,2026-06-11 00:00:00,0,0.0048281,0,0.0060115125,0
M25,2026-06-11 00:00:00,0,0.8249928000000001,1,0.540857875,1
M01,2026-06-11 01:00:00,0,0.009839016666666667,0,0.0024106125,0
M02,2026-06-11 01:00:00,1,0.8611064333333328,1,0.6664024124999999,1
M03,2026-06-11 01:00:00,1,0.8223220499999999,1,0.5758536625,1
M04,2026-06-11 01:00:00,0,0.03548641666666666,0,0.0032965,0
M05,2026-06-11 01:00:00,1,0.737589383333333,1,0.35624411249999993,0
M06,2026-06-11 01:00:00,0,0.20431206666666668,0,0.0959307125,0
M07,2026-06-11 01:00:00,0,0.2730357000000001,0,0.1062292,0
M08,2026-06-11 01:00:00,0,0.0014203166666666668,0,0.00031099999999999997,0
M09,2026-06-11 01:00:00,0,0.0817859,0,0.0080561625,0
M10,2026-06-11 01:00:00,0,0.6435994166666668,1,0.4139902749999999,0
M11,2026-06-11 01:00:00,0,0.017685516666666668,0,0.00869,0
M12,2026-06-11 01:00:00,0,0.05782958333333332,0,0.02942355,0
M13,2026-06-11 01:00:00,1,0.8815169499999999,1,0.7302374500000001,1
M14,2026-06-11 01:00:00,0,0.0768254,0,0.0075498125,0
M15,2026-06-11 01:00:00,0,0.41671695,0,0.11021679999999998,0
M16,2026-06-11 01:00:00,0,0.021689983333333336,0,0.0158198625,0
M17,2026-06-11 01:00:00,0,0.008453983333333333,0,0.0012606000000000002,0
M18,2026-06-11 01:00:00,1,0.9770250166666666,1,0.9275737625,1
M19,2026-06-11 01:00:00,0,0.5672909666666668,1,0.2746901625,0
M20,2026-06-11 01:00:00,0,0.10881649999999997,0,0.0344373625,0
M21,2026-06-11 01:00:00,0,0.02755891666666667,0,0.011653912499999999,0
M22,2026-06-11 01:00:00,0,0.07875588333333333,0,0.033609812499999996,0
M23,2026-06-11 01:00:00,1,0.9592392499999997,1,0.9486918875000001,1
M24,2026-06-11 01:00:00,0,0.0048281,0,0.0060115125,0
M25,2026-06-11 01:00:00,0,0.6868004333333332,1,0.583389275,1
M01,2026-06-11 02:00:00,0,0.017328233333333335,0,0.0055711125,0
M02,2026-06-11 02:00:00,1,0.2795125499999999,0,0.37002138749999997,0
M03,2026-06-11 02:00:00,1,0.9277618999999998,1,0.7519610249999998,1
M04,2026-06-11 02:00:00,0,0.04416148333333333,0,0.009041074999999999,0
M05,2026-06-11 02:00:00,1,0.7601593666666663,1,0.3433741,0
M06,2026-06-11 02:00:00,0,0.24905463333333333,0,0.11231782500000001,0
M07,2026-06-11 02:00:00,0,0.2698291,0,0.14240085000000005,0
M08,2026-06-11 02:00:00,0,0.00164555,0,0.00031099999999999997,0
M09,2026-06-11 02:00:00,0,0.08671074999999999,0,0.013859200000000002,0
M10,2026-06-11 02:00:00,0,0.5695928000000001,1,0.38187732500000005,0
M11,2026-06-11 02:00:00,0,0.015824566666666668,0,0.021510724999999998,0
M12,2026-06-11 02:00:00,0,0.06831856666666666,0,0.039763787499999995,0
M13,2026-06-11 02:00:00,1,0.8881110166666666,1,0.7783420750000001,1
M14,2026-06-11 02:00:00,0,0.20867683333333337,0,0.15527732499999997,0
M15,2026-06-11 02:00:00,0,0.28412478333333335,0,0.1218803875,0
M16,2026-06-11 02:00:00,0,0.016283416666666668,0,0.0033655499999999997,0
M17,2026-06-11 02:00:00,0,0.0014203166666666668,0,0.00020605,0
M18,2026-06-11 02:00:00,1,0.9293716833333333,1,0.8147239000000001,1
M19,2026-06-11 02:00:00,0,0.7971149,1,0.5426841,1
M20,2026-06-11 02:00:00,0,0.11267909999999998,0,0.04307847499999999,0
M21,2026-06-11 02:00:00,0,0.04153385,0,0.036605700000000005,0
M22,2026-06-11 02:00:00,0,0.09013346666666668,0,0.03435272500000001,0
M23,2026-06-11 02:00:00,1,0.9577023333333331,1,0.9273357750000001,1
M24,2026-06-11 02:00:00,0,0.0048281,0,0.0061561375000000005,0
M25,2026-06-11 02:00:00,0,0.8245126333333332,1,0.5619893750000001,1
M01,2026-06-11 03:00:00,0,0.0224223,0,0.00221835,0
M02,2026-06-11 03:00:00,1,0.44971933333333336,0,0.38100809999999996,0
M03,2026-06-11 03:00:00,1,0.8225770499999999,1,0.6344989249999998,1
M04,2026-06-11 03:00:00,0,0.018291583333333337,0,0.003962874999999999,0
M05,2026-06-11 03:00:00,1,0.6833047333333331,1,0.3602412625,0
M06,2026-06-11 03:00:00,0,0.2370520333333333,0,0.1299944375,0
M07,2026-06-11 03:00:00,0,0.26588281666666674,0,0.092003025,0
M08,2026-06-11 03:00:00,0,0.0022627166666666664,0,0.00031099999999999997,0
M09,2026-06-11 03:00:00,0,0.08642701666666666,0,0.009622074999999999,0
M10,2026-06-11 03:00:00,0,0.6813597833333334,1,0.4760697999999999,0
M11,2026-06-11 03:00:00,0,0.015824566666666668,0,0.021510724999999998,0
M12,2026-06-11 03:00:00,0,0.03262,0,0.03666955000000001,0
M13,2026-06-11 03:00:00,1,0.8949180333333333,1,0.7994790125000001,1
M14,2026-06-11 03:00:00,0,0.09668393333333332,0,0.0693705625,0
M15,2026-06-11 03:00:00,0,0.3957735166666667,0,0.12640731249999998,0
M16,2026-06-11 03:00:00,0,0.024963666666666662,0,0.0007283125,0
M17,2026-06-11 03:00:00,0,0.0014203166666666668,0,0.00020605,0
M18,2026-06-11 03:00:00,1,0.9329073333333333,1,0.8297522875000002,1
M19,2026-06-11 03:00:00,0,0.53068465,1,0.2573873125,0
M20,2026-06-11 03:00:00,0,0.09811219999999997,0,0.052300625,0
M21,2026-06-11 03:00:00,0,0.0410718,0,0.011889512500000001,0
M22,2026-06-11 03:00:00,0,0.07701073333333334,0,0.0412960125,0
M23,2026-06-11 03:00:00,1,0.9539758833333332,1,0.9200262625000002,1
M24,2026-06-11 03:00:00,0,0.015438183333333333,0,0.0062381,0
M25,2026-06-11 03:00:00,0,0.8958765666666664,1,0.7726977875,1
M01,2026-06-11 04:00:00,0,0.035969633333333334,0,0.009994062500000001,0
M02,2026-06-11 04:00:00,1,0.7326895833333329,1,0.6058312874999999,1
M03,2026-06-11 04:00:00,1,0.8291888333333334,1,0.5896779124999999,1
M04,2026-06-11 04:00:00,0,0.05462999999999998,0,0.0074143,0
M05,2026-06-11 04:00:00,1,0.5491561833333333,1,0.18885723749999997,0
M06,2026-06-11 04:00:00,0,0.2012819,0,0.09346602499999998,0
M07,2026-06-11 04:00:00,0,0.11206783333333331,0,0.06093554999999999,0
M08,2026-06-11 04:00:00,0,0.0022627166666666664,0,0.000714225,0
M09,2026-06-11 04:00:00,0,0.10707104999999999,0,0.007715162499999999,0
M10,2026-06-11 04:00:00,0,0.5936437833333332,1,0.4534749000000001,0
M11,2026-06-11 04:00:00,0,0.015824566666666668,0,0.021510724999999998,0
M12,2026-06-11 04:00:00,0,0.03839884999999999,0,0.0384474375,0
M13,2026-06-11 04:00:00,1,0.9500107,1,0.9202566500000003,1
M14,2026-06-11 04:00:00,0,0.06386984999999999,0,0.0427986375,0
M15,2026-06-11 04:00:00,0,0.47261785,0,0.15657422500000004,0
M16,2026-06-11 04:00:00,0,0.030632483333333335,0,0.005371162500000001,0
M17,2026-06-11 04:00:00,0,0.008453983333333333,0,0.0012606000000000002,0
M18,2026-06-11 04:00:00,1,0.9821659333333332,1,0.9623848625000001,1
M19,2026-06-11 04:00:00,0,0.5491643833333332,1,0.2761761375,0
M20,2026-06-11 04:00:00,0,0.1333818333333333,0,0.09326598750000001,0
M21,2026-06-11 04:00:00,0,0.024522866666666667,0,0.0185504625,0
M22,2026-06-11 04:00:00,0,0.07390350000000002,0,0.0595946875,0
M23,2026-06-11 04:00:00,1,0.9555225499999997,1,0.9491587750000002,1
M24,2026-06-11 04:00:00,0,0.015438183333333333,0,0.0062381,0
M25,2026-06-11 04:00:00,0,0.8289793333333333,1,0.5926162250000001,1
M01,2026-06-11 05:00:00,0,0.06577196666666667,0,0.016510275,0
M02,2026-06-11 05:00:00,1,0.7879568,1,0.57218275,1
M03,2026-06-11 05:00:00,1,0.7985716833333332,1,0.7165887124999999,1
M04,2026-06-11 05:00:00,0,0.035090449999999995,0,0.0023089375000000002,0
M05,2026-06-11 05:00:00,1,0.8197363166666665,1,0.5952262000000001,1
M06,2026-06-11 05:00:00,0,0.18285199999999996,0,0.0846161625,0
M07,2026-06-11 05:00:00,0,0.11734086666666665,0,0.04594777500000001,0
M08,2026-06-11 05:00:00,0,0.0014203166666666668,0,0.00031099999999999997,0
M09,2026-06-11 05:00:00,0,0.15353156666666662,0,0.0103307,0
M10,2026-06-11 05:00:00,0,0.5832191499999999,1,0.41653927500000004,0
M11,2026-06-11 05:00:00,0,0.018287966666666666,0,0.021510724999999998,0
M12,2026-06-11 05:00:00,0,0.052715599999999994,0,0.0345136875,0
M13,2026-06-11 05:00:00,1,0.94804105,1,0.9016354625,1
M14,2026-06-11 05:00:00,0,0.08720765,0,0.044130537500000004,0
M15,2026-06-11 05:00:00,0,0.45999615000000005,0,0.14953983749999994,0
M16,2026-06-11 05:00:00,0,0.028972816666666665,0,0.0169962625,0
M17,2026-06-11 05:00:00,0,0.0014203166666666668,0,0.00020605,0
M18,2026-06-11 05:00:00,1,0.93248745,1,0.8463916250000001,1
M19,2026-06-11 05:00:00,0,0.5500100333333333,1,0.24642397500000005,0
M20,2026-06-11 05:00:00,0,0.07843599999999999,0,0.04779467499999999,0
M21,2026-06-11 05:00:00,0,0.012386349999999999,0,0.011653912499999999,0
M22,2026-06-11 05:00:00,0,0.08947663333333335,0,0.0233491125,0
M23,2026-06-11 05:00:00,1,0.955256283333333,1,0.9216253125000003,1
M24,2026-06-11 05:00:00,0,0.0048281,0,0.0060115125,0
M25,2026-06-11 05:00:00,0,0.8224007166666666,1,0.5684651375000002,1
M01,2026-06-11 06:00:00,0,0.03840715000000001,0,0.019976774999999995,0
M02,2026-06-11 06:00:00,1,0.6897082833333336,1,0.5795781,1
M03,2026-06-11 06:00:00,1,0.6960919333333334,1,0.5701182625000002,1
M04,2026-06-11 06:00:00,0,0.021802583333333334,0,0.0022421,0
M05,2026-06-11 06:00:00,1,0.6093920999999999,1,0.4191727124999999,0
M06,2026-06-11 06:00:00,0,0.21950751666666665,0,0.1063223875,0
M07,2026-06-11 06:00:00,0,0.18362838333333334,0,0.0677457375,0
M08,2026-06-11 06:00:00,0,0.0022627166666666664,0,0.00031099999999999997,0
M09,2026-06-11 06:00:00,0,0.10557409999999999,0,0.0054990625000000005,0
M10,2026-06-11 06:00:00,0,0.6752021166666665,1,0.41504569999999996,0
M11,2026-06-11 06:00:00,0,0.0048281,0,0.00020605,0
M12,2026-06-11 06:00:00,0,0.03715443333333333,0,0.032054175000000004,0
M13,2026-06-11 06:00:00,1,0.9143154333333331,1,0.8531683250000004,1
M14,2026-06-11 06:00:00,0,0.07509506666666667,0,0.047245525,0
M15,2026-06-11 06:00:00,0,0.4484694666666666,0,0.1157989125,0
M16,2026-06-11 06:00:00,0,0.02053218333333333,0,0.002292775,0
M17,2026-06-11 06:00:00,0,0.0014203166666666668,0,0.00020605,0
M18,2026-06-11 06:00:00,1,0.9329123666666667,1,0.8866253374999999,1
M19,2026-06-11 06:00:00,0,0.5289013333333333,1,0.2227269375,0
M20,2026-06-11 06:00:00,0,0.24424638333333332,0,0.10390527499999998,0
M21,2026-06-11 06:00:00,0,0.02771061666666667,0,0.019443325,0
M22,2026-06-11 06:00:00,0,0.07836525,0,0.021163725,0
M23,2026-06-11 06:00:00,1,0.8902179833333335,1,0.820954175,1
M24,2026-06-11 06:00:00,0,0.015219966666666668,0,0.009098175,0
M25,2026-06-11 06:00:00,0,0.8964208499999998,1,0.8075999249999999,1
M01,2026-06-11 07:00:00,0,0.06308085,0,0.0071678875,0
M02,2026-06-11 07:00:00,1,0.8935681833333331,1,0.62865265,1
M03,2026-06-11 07:00:00,1,0.8800529999999999,1,0.7141761999999999,1
M04,2026-06-11 07:00:00,0,0.035303400000000006,0,0.0016739250000000002,0
M05,2026-06-11 07:00:00,1,0.8383862666666665,1,0.5915617750000001,1
M06,2026-06-11 07:00:00,0,0.18768649999999998,0,0.08581961249999999,0
M07,2026-06-11 07:00:00,0,0.11256386666666665,0,0.0499384625,0
M08,2026-06-11 07:00:00,0,0.0014203166666666668,0,0.00031099999999999997,0
M09,2026-06-11 07:00:00,0,0.12996046666666666,0,0.007039812499999999,0
M10,2026-06-11 07:00:00,0,0.6721209333333333,1,0.39650890000000005,0
M11,2026-06-11 07:00:00,0,0.0048281,0,0.00020605,0
M12,2026-06-11 07:00:00,0,0.0280374,0,0.032489762500000005,0
M13,2026-06-11 07:00:00,1,0.8640650333333334,1,0.7252296875,1
M14,2026-06-11 07:00:00,0,0.10912321666666665,0,0.075576625,0
M15,2026-06-11 07:00:00,0,0.4241770833333333,0,0.11575232500000002,0
M16,2026-06-11 07:00:00,0,0.01310395,0,0.012958062500000003,0
M17,2026-06-11 07:00:00,0,0.012841766666666667,0,0.003289475,0
M18,2026-06-11 07:00:00,1,0.9780485666666666,1,0.9277678250000001,1
M19,2026-06-11 07:00:00,0,0.42769035,0,0.1842174875,0
M20,2026-06-11 07:00:00,0,0.11059791666666664,0,0.0442628125,0
M21,2026-06-11 07:00:00,0,0.02755891666666667,0,0.011653912499999999,0
M22,2026-06-11 07:00:00,0,0.1318400833333333,0,0.0198748625,0
M23,2026-06-11 07:00:00,1,0.8774196000000001,1,0.8120633000000002,1
M24,2026-06-11 07:00:00,0,0.005418366666666666,0,0.010565287500000001,0
M25,2026-06-11 07:00:00,0,0.8402017833333334,1,0.5777862249999999,1
M01,2026-06-11 08:00:00,0,0.05180261666666666,0,0.020176262499999997,0
M02,2026-06-11 08:00:00,1,0.9011116666666664,1,0.7236681749999999,1
M03,2026-06-11 08:00:00,1,0.8913225499999998,1,0.7421932,1
M04,2026-06-11 08:00:00,0,0.027588066666666668,0,0.0028344375,0
M05,2026-06-11 08:00:00,1,0.8189087833333331,1,0.5741429125000003,1
M06,2026-06-11 08:00:00,0,0.21649934999999998,0,0.1348604,0
M07,2026-06-11 08:00:00,0,0.10016589999999999,0,0.0469047,0
M08,2026-06-11 08:00:00,0,0.0014203166666666668,0,0.00031099999999999997,0
M09,2026-06-11 08:00:00,0,0.09317456666666665,0,0.006035775,0
M10,2026-06-11 08:00:00,0,0.7087648666666666,1,0.564267025,1
M11,2026-06-11 08:00:00,0,0.01829575,0,0.002518575,0
M12,2026-06-11 08:00:00,0,0.021263,0,0.0330098125,0
M13,2026-06-11 08:00:00,1,0.8855246166666666,1,0.7102271249999997,1
M14,2026-06-11 08:00:00,0,0.13036981666666664,0,0.09662373750000003,0
M15,2026-06-11 08:00:00,0,0.49341868333333333,0,0.19077129999999998,0
M16,2026-06-11 08:00:00,0,0.030344133333333332,0,0.0024459875,0
M17,2026-06-11 08:00:00,0,0.0111532,0,0.0,0
M18,2026-06-11 08:00:00,1,0.9452195499999999,1,0.8271866874999999,1
M19,2026-06-11 08:00:00,0,0.4442602333333333,0,0.1653813375,0
M20,2026-06-11 08:00:00,0,0.21634965,0,0.07965933750000001,0
M21,2026-06-11 08:00:00,0,0.024522866666666667,0,0.021267849999999998,0
M22,2026-06-11 08:00:00,0,0.13673549999999998,0,0.02458855,0
M23,2026-06-11 08:00:00,1,0.888511,1,0.8107242875,1
M24,2026-06-11 08:00:00,0,0.005418366666666666,0,0.006333725,0
M25,2026-06-11 08:00:00,0,0.6843663499999998,1,0.5810888625000001,1
M01,2026-06-11 09:00:00,0,0.049213049999999994,0,0.01691515,0
M02,2026-06-11 09:00:00,1,0.922741483333333,1,0.737221475,1
M03,2026-06-11 09:00:00,1,0.8012192833333331,1,0.744742725,1
M04,2026-06-11 09:00:00,0,0.026380083333333335,0,0.0035893500000000003,0
M05,2026-06-11 09:00:00,1,0.7181938166666664,1,0.5631499000000001,1
M06,2026-06-11 09:00:00,0,0.18805818333333332,0,0.10905690000000001,0
M07,2026-06-11 09:00:00,0,0.08925893333333333,0,0.030669562499999997,0
M08,2026-06-11 09:00:00,0,0.0014203166666666668,0,0.00031099999999999997,0
M09,2026-06-11 09:00:00,0,0.10997646666666666,0,0.006721775000000001,0
M10,2026-06-11 09:00:00,0,0.6357278666666667,1,0.5490989874999997,1
M11,2026-06-11 09:00:00,0,0.0048281,0,0.00020605,0
M12,2026-06-11 09:00:00,0,0.044144649999999994,0,0.0505034875,0
M13,2026-06-11 09:00:00,1,0.6955419833333336,1,0.4255755749999999,0
M14,2026-06-11 09:00:00,0,0.09670223333333332,0,0.07861221250000001,0
M15,2026-06-11 09:00:00,0,0.4891296666666668,0,0.18271213749999998,0
M16,2026-06-11 09:00:00,0,0.0156641,0,0.0009690500000000002,0
M17,2026-06-11 09:00:00,0,0.0,0,0.0,0
M18,2026-06-11 09:00:00,1,0.9800867666666665,1,0.9158059000000002,1
M19,2026-06-11 09:00:00,0,0.633988,1,0.29372158750000005,0
M20,2026-06-11 09:00:00,0,0.13474678333333331,0,0.038214275,0
M21,2026-06-11 09:00:00,0,0.030248816666666668,0,0.013661662500000001,0
M22,2026-06-11 09:00:00,0,0.12297403333333336,0,0.026491237499999994,0
M23,2026-06-11 09:00:00,1,0.9487242166666666,1,0.9115837999999998,1
M24,2026-06-11 09:00:00,0,0.005418366666666666,0,0.006333725,0
M25,2026-06-11 09:00:00,0,0.8355160833333334,1,0.5884759749999999,1
M01,2026-06-11 10:00:00,0,0.03956121666666667,0,0.029627975,0
M02,2026-06-11 10:00:00,1,0.9363189999999996,1,0.7080771749999999,1
M03,2026-06-11 10:00:00,1,0.9305196666666663,1,0.7777109,1
M04,2026-06-11 10:00:00,0,0.027649350000000003,0,0.0008544875000000001,0
M05,2026-06-11 10:00:00,1,0.57620055,1,0.29834374999999985,0
M06,2026-06-11 10:00:00,0,0.17545634999999996,0,0.0783722875,0
M07,2026-06-11 10:00:00,0,0.1124387333333333,0,0.081998225,0
M08,2026-06-11 10:00:00,0,0.0014203166666666668,0,0.00031099999999999997,0
M09,2026-06-11 10:00:00,0,0.11674769999999998,0,0.0050223625000000004,0
M10,2026-06-11 10:00:00,0,0.7206258166666666,1,0.48731027499999985,0
M11,2026-06-11 10:00:00,0,0.005438333333333334,0,0.00020605,0
M12,2026-06-11 10:00:00,0,0.03582486666666667,0,0.029360087500000003,0
M13,2026-06-11 10:00:00,1,0.8868578666666667,1,0.7167655749999998,1
M14,2026-06-11 10:00:00,0,0.08724201666666666,0,0.08324482500000002,0
M15,2026-06-11 10:00:00,0,0.4768954000000001,0,0.19063749999999996,0
M16,2026-06-11 10:00:00,0,0.05144046666666667,0,0.0208876,0
M17,2026-06-11 10:00:00,0,0.0,0,0.0,0
M18,2026-06-11 10:00:00,1,0.9768730999999999,1,0.9278452500000002,1
M19,2026-06-11 10:00:00,0,0.27233446666666666,0,0.13619948750000002,0
M20,2026-06-11 10:00:00,0,0.10867301666666665,0,0.03354987499999999,0
M21,2026-06-11 10:00:00,0,0.04346596666666667,0,0.019142575000000002,0
M22,2026-06-11 10:00:00,0,0.13953481666666667,0,0.0357512625,0
M23,2026-06-11 10:00:00,1,0.9503430999999997,1,0.8830653500000001,1
M24,2026-06-11 10:00:00,0,0.0048281,0,0.006865837500000001,0
M25,2026-06-11 10:00:00,0,0.8833092999999997,1,0.7390848874999999,1
M01,2026-06-11 11:00:00,0,0.035924433333333325,0,0.035591500000000005,0
M02,2026-06-11 11:00:00,1,0.7909386000000002,1,0.6728827874999997,1
M03,2026-06-11 11:00:00,1,0.9337529333333331,1,0.76345835,1
M04,2026-06-11 11:00:00,0,0.10287991666666668,0,0.0079762,0
M05,2026-06-11 11:00:00,0,0.3194775,0,0.1897156375,0
M06,2026-06-11 11:00:00,0,0.21092114999999997,0,0.0939370625,0
M07,2026-06-11 11:00:00,0,0.12770706666666667,0,0.06067863750000001,0
M08,2026-06-11 11:00:00,0,0.0014203166666666668,0,0.00031099999999999997,0
M09,2026-06-11 11:00:00,0,0.1317037,0,0.03272573749999999,0
M10,2026-06-11 11:00:00,0,0.7361626833333332,1,0.45592602499999985,0
M11,2026-06-11 11:00:00,0,0.0048281,0,0.0038145625000000002,0
M12,2026-06-11 11:00:00,0,0.030855033333333334,0,0.0327959375,0
M13,2026-06-11 11:00:00,1,0.8327767000000001,1,0.5366042000000002,1
M14,2026-06-11 11:00:00,0,0.07953873333333332,0,0.05429261250000002,0
M15,2026-06-11 11:00:00,0,0.4572132,0,0.15396315,0
M16,2026-06-11 11:00:00,0,0.022503833333333334,0,0.016892637500000002,0
M17,2026-06-11 11:00:00,0,0.01653341666666667,0,0.0,0
M18,2026-06-11 11:00:00,1,0.9797257833333333,1,0.9239880375,1
M19,2026-06-11 11:00:00,0,0.5704028999999999,1,0.1708583125,0
M20,2026-06-11 11:00:00,0,0.12123028333333331,0,0.032612875,0
M21,2026-06-11 11:00:00,0,0.02755891666666667,0,0.011653912499999999,0
M22,2026-06-11 11:00:00,0,0.11965226666666666,0,0.027585287499999993,0
M23,2026-06-11 11:00:00,1,0.9494355499999999,1,0.8713468375,1
M24,2026-06-11 11:00:00,0,0.015438183333333333,0,0.009378875,0
M25,2026-06-11 11:00:00,0,0.6816713833333333,1,0.5531640874999999,1
M01,2026-06-11 12:00:00,0,0.06959393333333333,0,0.0308120875,0
M02,2026-06-11 12:00:00,1,0.9463234666666664,1,0.78977015,1
M03,2026-06-11 12:00:00,1,0.9335270999999997,1,0.7602987875,1
M04,2026-06-11 12:00:00,0,0.061574033333333326,0,0.022216037500000004,0
M05,2026-06-11 12:00:00,0,0.22895646666666666,0,0.1611522,0
M06,2026-06-11 12:00:00,0,0.17948344999999996,0,0.08418268749999999,0
M07,2026-06-11 12:00:00,0,0.15777193333333328,0,0.10621560000000001,0
M08,2026-06-11 12:00:00,0,0.0014203166666666668,0,0.00031099999999999997,0
M09,2026-06-11 12:00:00,0,0.07830625,0,0.04608203749999999,0
M10,2026-06-11 12:00:00,0,0.6201873333333334,1,0.4401307124999999,0
M11,2026-06-11 12:00:00,0,0.0048281,0,0.00020605,0
M12,2026-06-11 12:00:00,0,0.020965033333333334,0,0.0299458875,0
M13,2026-06-11 12:00:00,1,0.9474509666666667,1,0.8786838875,1
M14,2026-06-11 12:00:00,0,0.07273496666666665,0,0.04904252499999999,0
M15,2026-06-11 12:00:00,0,0.49810191666666676,0,0.18048651249999997,0
M16,2026-06-11 12:00:00,0,0.03461638333333332,0,0.023789474999999997,0
M17,2026-06-11 12:00:00,0,0.0014203166666666668,0,0.00020605,0
M18,2026-06-11 12:00:00,1,0.9208552666666665,1,0.7098222375000002,1
M19,2026-06-11 12:00:00,0,0.5522857666666666,1,0.1723951375,0
M20,2026-06-11 12:00:00,0,0.15841965,0,0.0463845,0
M21,2026-06-11 12:00:00,0,0.012386349999999999,0,8.9e-06,0
M22,2026-06-11 12:00:00,0,0.15532878333333333,0,0.0241150875,0
M23,2026-06-11 12:00:00,1,0.9515481999999997,1,0.8592731375,1
M24,2026-06-11 12:00:00,0,0.0048281,0,0.0060115125,0
M25,2026-06-11 12:00:00,0,0.8988442333333332,1,0.8187901624999998,1
M01,2026-06-11 13:00:00,0,0.06082861666666666,0,0.022058349999999997,0
M02,2026-06-11 13:00:00,1,0.83677345,1,0.7416648625,1
M03,2026-06-11 13:00:00,1,0.9338674166666665,1,0.7607493625,1
M04,2026-06-11 13:00:00,0,0.08325161666666667,0,0.028762200000000005,0
M05,2026-06-11 13:00:00,0,0.18591846666666667,0,0.08285462500000002,0
M06,2026-06-11 13:00:00,0,0.06860106666666667,0,0.0053845874999999994,0
M07,2026-06-11 13:00:00,0,0.031261750000000005,0,0.0346844375,0
M08,2026-06-11 13:00:00,0,0.0038887666666666664,0,0.00031099999999999997,0
M09,2026-06-11 13:00:00,0,0.084149,0,0.0223325625,0
M10,2026-06-11 13:00:00,0,0.8403281166666665,1,0.6468988874999999,1
M11,2026-06-11 13:00:00,0,0.0048281,0,0.00020605,0
M12,2026-06-11 13:00:00,0,0.05274778333333333,0,0.05793707500000002,0
M13,2026-06-11 13:00:00,1,0.9512706333333332,1,0.9141651125000001,1
M14,2026-06-11 13:00:00,0,0.09560439999999999,0,0.05957825000000001,0
M15,2026-06-11 13:00:00,0,0.5114875833333333,1,0.16036763750000002,0
M16,2026-06-11 13:00:00,0,0.010411116666666666,0,0.016906975,0
M17,2026-06-11 13:00:00,0,0.0014203166666666668,0,0.00020605,0
M18,2026-06-11 13:00:00,1,0.9416794999999997,1,0.8160760875000002,1
M19,2026-06-11 13:00:00,0,0.6222207833333331,1,0.3092395125,0
M20,2026-06-11 13:00:00,0,0.18140691666666664,0,0.0649123125,0
M21,2026-06-11 13:00:00,0,0.037884049999999996,0,0.0005,0
M22,2026-06-11 13:00:00,0,0.12421006666666669,0,0.0238394875,0
M23,2026-06-11 13:00:00,1,0.9021305500000001,1,0.833516625,1
M24,2026-06-11 13:00:00,0,0.01973846666666667,0,0.006403787499999999,0
M25,2026-06-11 13:00:00,0,0.8385892666666666,1,0.5622756125000001,1
M01,2026-06-11 14:00:00,0,0.021937933333333333,0,0.0337678125,0
M02,2026-06-11 14:00:00,1,0.8097117333333333,1,0.7294469500000001,1
M03,2026-06-11 14:00:00,1,0.9328216166666664,1,0.7549569000000002,1
M04,2026-06-11 14:00:00,0,0.11398093333333333,0,0.02729241250000001,0
M05,2026-06-11 14:00:00,0,0.13793173333333333,0,0.06875908750000001,0
M06,2026-06-11 14:00:00,0,0.19925379999999998,0,0.0927320375,0
M07,2026-06-11 14:00:00,0,0.17033219999999996,0,0.0836119125,0
M08,2026-06-11 14:00:00,0,0.004873616666666667,0,0.000714225,0
M09,2026-06-11 14:00:00,0,0.12412496666666663,0,0.0166443,0
M10,2026-06-11 14:00:00,0,0.6863436666666665,1,0.42915677500000005,0
M11,2026-06-11 14:00:00,0,0.00302745,0,0.0,0
M12,2026-06-11 14:00:00,0,0.06001164999999999,0,0.0381702125,0
M13,2026-06-11 14:00:00,1,0.9467869499999999,1,0.8450744625000001,1
M14,2026-06-11 14:00:00,0,0.07066773333333334,0,0.04612907499999999,0
M15,2026-06-11 14:00:00,0,0.5182554,1,0.16460837499999997,0
M16,2026-06-11 14:00:00,0,0.017611366666666666,0,0.018211724999999998,0
M17,2026-06-11 14:00:00,0,0.0014203166666666668,0,0.00020605,0
M18,2026-06-11 14:00:00,1,0.8172860166666663,1,0.7424740250000001,1
M19,2026-06-11 14:00:00,0,0.6665007666666667,1,0.32288095000000006,0
M20,2026-06-11 14:00:00,0,0.16418725,0,0.08565686249999999,0
M21,2026-06-11 14:00:00,0,0.04550908333333334,0,0.0005681875,0
M22,2026-06-11 14:00:00,0,0.18189178333333336,0,0.0814905375,0
M23,2026-06-11 14:00:00,1,0.8870828333333333,1,0.8004685125000002,1
M24,2026-06-11 14:00:00,0,0.015438183333333333,0,0.0006130999999999999,0
M25,2026-06-11 14:00:00,0,0.9026063499999998,1,0.785564525,1
M01,2026-06-11 15:00:00,0,0.05999505,0,0.017740650000000004,0
M02,2026-06-11 15:00:00,1,0.9418720833333332,1,0.7361748624999999,1
M03,2026-06-11 15:00:00,1,0.9217679999999997,1,0.7485493500000001,1
M04,2026-06-11 15:00:00,0,0.09555471666666665,0,0.0285878625,0
M05,2026-06-11 15:00:00,0,0.02694446666666667,0,0.0064780375000000005,0
M06,2026-06-11 15:00:00,0,0.18405026666666663,0,0.078759825,0
M07,2026-06-11 15:00:00,0,0.13937693333333329,0,0.054853125,0
M08,2026-06-11 15:00:00,0,0.0014203166666666668,0,0.00031099999999999997,0
M09,2026-06-11 15:00:00,0,0.0764677,0,0.025308900000000002,0
M10,2026-06-11 15:00:00,0,0.6926847499999998,1,0.38493247499999994,0
M11,2026-06-11 15:00:00,0,0.00302745,0,0.0,0
M12,2026-06-11 15:00:00,0,0.0228724,0,0.028719012500000002,0
M13,2026-06-11 15:00:00,1,0.9182235666666666,1,0.8236545249999999,1
M14,2026-06-11 15:00:00,0,0.15504418333333334,0,0.14280363749999997,0
M15,2026-06-11 15:00:00,0,0.6360897166666664,1,0.24802144999999998,0
M16,2026-06-11 15:00:00,0,0.013483516666666669,0,0.0172196625,0
M17,2026-06-11 15:00:00,0,0.0014203166666666668,0,0.00020605,0
M18,2026-06-11 15:00:00,1,0.9363139666666667,1,0.8216313999999997,1
M19,2026-06-11 15:00:00,0,0.5910737666666667,1,0.332882625,0
M20,2026-06-11 15:00:00,0,0.20256126666666666,0,0.07360544999999999,0
M21,2026-06-11 15:00:00,0,0.037884049999999996,0,8.9e-06,0
M22,2026-06-11 15:00:00,0,0.09199906666666666,0,0.0073154,0
M23,2026-06-11 15:00:00,1,0.8322585833333331,1,0.8855000625000002,1
M24,2026-06-11 15:00:00,0,0.015219966666666668,0,0.0006130999999999999,0
M25,2026-06-11 15:00:00,0,0.8615041499999997,1,0.8211954625000001,1
M01,2026-06-11 16:00:00,0,0.030124766666666667,0,0.031303912499999996,0
M02,2026-06-11 16:00:00,1,0.7993927999999997,1,0.5580984000000002,1
M03,2026-06-11 16:00:00,1,0.8202413333333334,1,0.61688215,1
M04,2026-06-11 16:00:00,0,0.10734481666666666,0,0.026923275000000003,0
M05,2026-06-11 16:00:00,0,0.03674500000000001,0,0.013432187500000001,0
M06,2026-06-11 16:00:00,0,0.18994666666666668,0,0.0840324125,0
M07,2026-06-11 16:00:00,0,0.2079018333333333,0,0.1108473875,0
M08,2026-06-11 16:00:00,0,0.004873616666666667,0,0.00031099999999999997,0
M09,2026-06-11 16:00:00,0,0.09832766666666666,0,0.0326641875,0
M10,2026-06-11 16:00:00,0,0.7110161999999999,1,0.5674673,1
M11,2026-06-11 16:00:00,0,0.00346005,0,0.0,0
M12,2026-06-11 16:00:00,0,0.03171645,0,0.034275475,0
M13,2026-06-11 16:00:00,1,0.8736243333333333,1,0.759182625,1
M14,2026-06-11 16:00:00,0,0.09624793333333333,0,0.071522575,0
M15,2026-06-11 16:00:00,0,0.46263156666666666,0,0.089112875,0
M16,2026-06-11 16:00:00,0,0.0231766,0,0.01568135,0
M17,2026-06-11 16:00:00,0,0.0014203166666666668,0,0.00020605,0
M18,2026-06-11 16:00:00,1,0.96433855,1,0.8921107499999998,1
M19,2026-06-11 16:00:00,0,0.6291633333333332,1,0.39555087499999997,0
M20,2026-06-11 16:00:00,0,0.19940875,0,0.0804672375,0
M21,2026-06-11 16:00:00,0,0.012386349999999999,0,0.0008422375000000001,0
M22,2026-06-11 16:00:00,0,0.21530488333333334,0,0.11863751250000001,0
M23,2026-06-11 16:00:00,1,0.7766679333333334,1,0.5053180125,1
M24,2026-06-11 16:00:00,0,0.12392596666666669,0,0.027022825,0
M25,2026-06-11 16:00:00,0,0.8402904833333333,1,0.6163980750000002,1
M01,2026-06-11 17:00:00,0,0.0278908,0,0.029647925,0
M02,2026-06-11 17:00:00,1,0.9050288166666663,1,0.7232449374999999,1
M03,2026-06-11 17:00:00,1,0.9335219833333332,1,0.7800027500000001,1
M04,2026-06-11 17:00:00,0,0.11394941666666665,0,0.026282825,0
M05,2026-06-11 17:00:00,0,0.014892733333333333,0,0.006813050000000001,0
M06,2026-06-11 17:00:00,0,0.17947631666666666,0,0.10953729999999999,0
M07,2026-06-11 17:00:00,0,0.12584949999999998,0,0.05244637499999999,0
M08,2026-06-11 17:00:00,0,0.0447568,0,0.000857375,0
M09,2026-06-11 17:00:00,0,0.05479471666666667,0,0.013080825,0
M10,2026-06-11 17:00:00,0,0.7498611166666667,1,0.5830564624999999,1
M11,2026-06-11 17:00:00,0,0.00346005,0,0.0,0
M12,2026-06-11 17:00:00,0,0.05842186666666667,0,0.0513637,0
M13,2026-06-11 17:00:00,1,0.9039067833333332,1,0.8211086999999999,1
M14,2026-06-11 17:00:00,0,0.0845841,0,0.04989995000000001,0
M15,2026-06-11 17:00:00,1,0.6357605166666664,1,0.21455942499999997,0
M16,2026-06-11 17:00:00,0,0.06382018333333331,0,0.017743412500000003,0
M17,2026-06-11 17:00:00,0,0.0060041,0,0.0028167500000000002,0
M18,2026-06-11 17:00:00,1,0.7978584166666668,1,0.8407048874999997,1
M19,2026-06-11 17:00:00,0,0.6322159833333333,1,0.38070670000000006,0
M20,2026-06-11 17:00:00,0,0.13943966666666666,0,0.0455151625,0
M21,2026-06-11 17:00:00,0,0.011787183333333333,0,0.0005681875,0
M22,2026-06-11 17:00:00,0,0.10547288333333334,0,0.0128576,0
M23,2026-06-11 17:00:00,1,0.8406243,1,0.5987885124999999,1
M24,2026-06-11 17:00:00,0,0.02072965,0,0.0009353125000000001,0
M25,2026-06-11 17:00:00,0,0.9033166999999996,1,0.8588257,1
M01,2026-06-11 18:00:00,0,0.08208668333333333,0,0.020271874999999998,0
M02,2026-06-11 18:00:00,1,0.899624333333333,1,0.6542830124999999,1
M03,2026-06-11 18:00:00,1,0.9132207499999996,1,0.7906787500000001,1
M04,2026-06-11 18:00:00,0,0.11181916666666666,0,0.0278804125,0
M05,2026-06-11 18:00:00,0,0.014892733333333333,0,0.006409825000000001,0
M06,2026-06-11 18:00:00,0,0.18061099999999994,0,0.08238062499999999,0
M07,2026-06-11 18:00:00,0,0.12709643333333334,0,0.0772207375,0
M08,2026-06-11 18:00:00,0,0.0043403,0,0.00031099999999999997,0
M09,2026-06-11 18:00:00,0,0.0833966,0,0.0401167,0
M10,2026-06-11 18:00:00,0,0.7002119666666666,1,0.5177728374999998,1
M11,2026-06-11 18:00:00,0,0.00346005,0,0.0024151625000000004,0
M12,2026-06-11 18:00:00,0,0.03262198333333333,0,0.0283102625,0
M13,2026-06-11 18:00:00,1,0.8306910999999999,1,0.48895565,0
M14,2026-06-11 18:00:00,0,0.08216101666666666,0,0.04739995000000001,0
M15,2026-06-11 18:00:00,1,0.4648898333333334,0,0.12645446249999998,0
M16,2026-06-11 18:00:00,0,0.0315567,0,0.0156047625,0
M17,2026-06-11 18:00:00,0,0.012416783333333336,0,0.00020605,0
M18,2026-06-11 18:00:00,1,0.9765391166666666,1,0.9386372375,1
M19,2026-06-11 18:00:00,0,0.6304801666666665,1,0.3816886500000001,0
M20,2026-06-11 18:00:00,0,0.12350008333333329,0,0.05382268750000001,0
M21,2026-06-11 18:00:00,0,0.009161216666666666,0,0.0008422375000000001,0
M22,2026-06-11 18:00:00,0,0.09457746666666665,0,0.0074012374999999995,0
M23,2026-06-11 18:00:00,1,0.7694122833333331,1,0.7363485125,1
M24,2026-06-11 18:00:00,0,0.014672383333333334,0,0.004506375,0
M25,2026-06-11 18:00:00,0,0.8404095166666665,1,0.586831925,1
M01,2026-06-11 19:00:00,0,0.058832483333333324,0,0.0402932,0
M02,2026-06-11 19:00:00,1,0.3649070666666667,0,0.36285534999999997,0
M03,2026-06-11 19:00:00,1,0.9413018666666667,1,0.8305816500000001,1
M04,2026-06-11 19:00:00,0,0.16730213333333335,0,0.0261006,0
M05,2026-06-11 19:00:00,0,0.035482183333333334,0,0.013322900000000002,0
M06,2026-06-11 19:00:00,0,0.16765758333333333,0,0.1074190375,0
M07,2026-06-11 19:00:00,0,0.14020259999999996,0,0.07423935000000001,0
M08,2026-06-11 19:00:00,0,0.002178866666666667,0,0.0038824250000000005,0
M09,2026-06-11 19:00:00,0,0.08179313333333332,0,0.04636244999999999,0
M10,2026-06-11 19:00:00,0,0.8843532000000001,1,0.78064795,1
M11,2026-06-11 19:00:00,0,0.00346005,0,0.0,0
M12,2026-06-11 19:00:00,0,0.0361987,0,0.037179250000000004,0
M13,2026-06-11 19:00:00,1,0.80533875,1,0.7840243749999999,1
M14,2026-06-11 19:00:00,0,0.2265622833333333,0,0.14711799999999994,0
M15,2026-06-11 19:00:00,1,0.47116191666666674,0,0.09494783749999999,0
M16,2026-06-11 19:00:00,0,0.06823185,0,0.0219318125,0
M17,2026-06-11 19:00:00,0,0.012416783333333336,0,0.00020605,0
M18,2026-06-11 19:00:00,1,0.9525929833333334,1,0.8721400375000001,1
M19,2026-06-11 19:00:00,0,0.5668367833333333,1,0.26022880000000004,0
M20,2026-06-11 19:00:00,0,0.09902038333333331,0,0.049966750000000004,0
M21,2026-06-11 19:00:00,0,0.009161216666666666,0,8.9e-06,0
M22,2026-06-11 19:00:00,0,0.08289403333333331,0,0.0327732,0
M23,2026-06-11 19:00:00,1,0.9037284499999999,1,0.8414441374999999,1
M24,2026-06-11 19:00:00,0,0.005418366666666666,0,0.000708725,0
M25,2026-06-11 19:00:00,0,0.8944954999999998,1,0.7956058875,1
M01,2026-06-11 20:00:00,0,0.0275971,0,0.0408140375,0
M02,2026-06-11 20:00:00,1,0.6279986333333333,1,0.5930723750000001,1
M03,2026-06-11 20:00:00,1,0.9381832833333331,1,0.818088975,1
M04,2026-06-11 20:00:00,0,0.06732194999999999,0,0.0159745125,0
M05,2026-06-11 20:00:00,0,0.02660808333333333,0,0.00849335,0
M06,2026-06-11 20:00:00,0,0.17545319999999995,0,0.0979503375,0
M07,2026-06-11 20:00:00,0,0.05588566666666666,0,0.04547915,0
M08,2026-06-11 20:00:00,0,0.004873616666666667,0,0.00031099999999999997,0
M09,2026-06-11 20:00:00,0,0.1200882,0,0.02744355,0
M10,2026-06-11 20:00:00,0,0.8849077666666666,1,0.8136344875000001,1
M11,2026-06-11 20:00:00,0,0.019910900000000002,0,0.0009723625,0
M12,2026-06-11 20:00:00,0,0.0414096,0,0.04041225,0
M13,2026-06-11 20:00:00,1,0.9480095666666666,1,0.8958568,1
M14,2026-06-11 20:00:00,0,0.12132993333333333,0,0.06132162500000001,0
M15,2026-06-11 20:00:00,1,0.5240164333333334,1,0.117376975,0
M16,2026-06-11 20:00:00,0,0.03124891666666667,0,0.0011800625,0
M17,2026-06-11 20:00:00,0,0.0014203166666666668,0,0.00020605,0
M18,2026-06-11 20:00:00,1,0.9521769333333333,1,0.8909772375000001,1
M19,2026-06-11 20:00:00,0,0.5447531999999999,1,0.21900780000000003,0
M20,2026-06-11 20:00:00,0,0.1334770833333333,0,0.0507596,0
M21,2026-06-11 20:00:00,0,0.0097427,0,0.00023505000000000002,0
M22,2026-06-11 20:00:00,0,0.07636563333333335,0,0.033070875,0
M23,2026-06-11 20:00:00,1,0.8711864666666668,1,0.7598016249999999,1
M24,2026-06-11 20:00:00,0,0.02903281666666667,0,0.0015014124999999999,0
M25,2026-06-11 20:00:00,0,0.8213650333333333,1,0.5540896750000002,1
M01,2026-06-11 21:00:00,0,0.027278966666666668,0,0.03428223750000001,0
M02,2026-06-11 21:00:00,1,0.6740296333333332,1,0.5269779625000002,1
M03,2026-06-11 21:00:00,1,0.8698544833333333,1,0.63622285,1
M04,2026-06-11 21:00:00,0,0.07860056666666668,0,0.023196150000000002,0
M05,2026-06-11 21:00:00,0,0.014892733333333333,0,0.006409825000000001,0
M06,2026-06-11 21:00:00,0,0.18304838333333331,0,0.10603431249999999,0
M07,2026-06-11 21:00:00,0,0.18247876666666663,0,0.11454731249999998,0
M08,2026-06-11 21:00:00,0,0.004115066666666667,0,0.00031099999999999997,0
M09,2026-06-11 21:00:00,0,0.08741971666666666,0,0.026359450000000006,0
M10,2026-06-11 21:00:00,0,0.6315613,1,0.594501325,1
M11,2026-06-11 21:00:00,0,0.00302745,0,0.0,0
M12,2026-06-11 21:00:00,0,0.04467706666666667,0,0.032260699999999996,0
M13,2026-06-11 21:00:00,1,0.8997854500000001,1,0.7777504125000001,1
M14,2026-06-11 21:00:00,0,0.1030768,0,0.053027112500000015,0
M15,2026-06-11 21:00:00,1,0.6621475166666664,1,0.2844476375,0
M16,2026-06-11 21:00:00,0,0.04256361666666666,0,0.0032387375000000004,0
M17,2026-06-11 21:00:00,0,0.0014203166666666668,0,0.00020605,0
M18,2026-06-11 21:00:00,1,0.9706383166666666,1,0.9204937125000001,1
M19,2026-06-11 21:00:00,0,0.803192983333333,1,0.4520465125000001,0
M20,2026-06-11 21:00:00,0,0.16759426666666666,0,0.04946436250000001,0
M21,2026-06-11 21:00:00,0,0.01637765,0,0.00125,0
M22,2026-06-11 21:00:00,0,0.22749031666666672,0,0.12031928750000005,0
M23,2026-06-11 21:00:00,1,0.8806659499999999,1,0.7248701874999999,1
M24,2026-06-11 21:00:00,0,0.0379744,0,0.008587125000000001,0
M25,2026-06-11 21:00:00,0,0.8318544999999999,1,0.5609945125000002,1
M01,2026-06-11 22:00:00,0,0.06548641666666667,0,0.05226805000000001,0
M02,2026-06-11 22:00:00,1,0.4683815666666667,0,0.4477352624999999,0
M03,2026-06-11 22:00:00,1,0.8464532833333333,1,0.6341131625,1
M04,2026-06-11 22:00:00,0,0.058282699999999986,0,0.020319024999999998,0
M05,2026-06-11 22:00:00,0,0.014892733333333333,0,0.006409825000000001,0
M06,2026-06-11 22:00:00,0,0.17408999999999997,0,0.08168824999999999,0
M07,2026-06-11 22:00:00,0,0.14276031666666666,0,0.08455317500000001,0
M08,2026-06-11 22:00:00,0,0.004115066666666667,0,0.00031099999999999997,0
M09,2026-06-11 22:00:00,0,0.09543726666666666,0,0.0344425125,0
M10,2026-06-11 22:00:00,0,0.7254935666666665,1,0.5534587249999999,1
M11,2026-06-11 22:00:00,0,0.00302745,0,0.0,0
M12,2026-06-11 22:00:00,0,0.008980033333333333,0,0.0033753249999999998,0
M13,2026-06-11 22:00:00,1,0.9082688500000001,1,0.8115756625000001,1
M14,2026-06-11 22:00:00,0,0.1582907333333333,0,0.09107596250000001,0
M15,2026-06-11 22:00:00,1,0.5296721333333333,1,0.19209331249999992,0
M16,2026-06-11 22:00:00,0,0.051222866666666644,0,0.00797905,0
M17,2026-06-11 22:00:00,0,0.0014203166666666668,0,0.00020605,0
M18,2026-06-11 22:00:00,1,0.9299546666666667,1,0.8367581000000003,1
M19,2026-06-11 22:00:00,0,0.43528696666666666,0,0.2007339,0
M20,2026-06-11 22:00:00,0,0.11997044999999996,0,0.0457326,0
M21,2026-06-11 22:00:00,0,0.028421283333333335,0,0.0001391125,0
M22,2026-06-11 22:00:00,0,0.1290803166666667,0,0.0256905875,0
M23,2026-06-11 22:00:00,1,0.8676916499999999,1,0.7740514124999998,1
M24,2026-06-11 22:00:00,0,0.08545873333333334,0,0.044530675,0
M25,2026-06-11 22:00:00,0,0.7137009833333333,1,0.5968263125,1
M01,2026-06-11 23:00:00,0,0.030089516666666666,0,0.016023212499999998,0
M02,2026-06-11 23:00:00,1,0.5121259166666667,1,0.36598815,0
M03,2026-06-11 23:00:00,1,0.9333019666666664,1,0.7906740999999999,1
M04,2026-06-11 23:00:00,0,0.08936896666666665,0,0.019477599999999998,0
M05,2026-06-11 23:00:00,0,0.014892733333333333,0,0.007371362500000001,0
M06,2026-06-11 23:00:00,0,0.2083957,0,0.08611406249999998,0
M07,2026-06-11 23:00:00,0,0.12861156666666668,0,0.07769806249999998,0
M08,2026-06-11 23:00:00,0,0.004115066666666667,0,0.00031099999999999997,0
M09,2026-06-11 23:00:00,0,0.10382726666666667,0,0.049169250000000005,0
M10,2026-06-11 23:00:00,0,0.7450025999999998,1,0.5103572874999999,1
M11,2026-06-11 23:00:00,0,0.01730518333333333,0,0.0009723625,0
M12,2026-06-11 23:00:00,0,0.022887066666666667,0,0.0009729999999999999,0
M13,2026-06-11 23:00:00,1,0.7808561166666668,1,0.7760920875,1
M14,2026-06-11 23:00:00,0,0.16299295,0,0.0710883875,0
M15,2026-06-11 23:00:00,1,0.8027460999999998,1,0.5354846624999999,1
M16,2026-06-11 23:00:00,0,0.025047416666666666,0,0.001005925,0
M17,2026-06-11 23:00:00,0,0.008453983333333333,0,0.001515275,0
M18,2026-06-11 23:00:00,1,0.9756710333333332,1,0.9156604875,1
M19,2026-06-11 23:00:00,0,0.5275007833333333,1,0.2554376375,0
M20,2026-06-11 23:00:00,0,0.11997044999999996,0,0.0398019625,0
M21,2026-06-11 23:00:00,0,0.017573416666666668,0,0.006011900000000001,0
M22,2026-06-11 23:00:00,0,0.1302395166666667,0,0.027915062499999994,0
M23,2026-06-11 23:00:00,1,0.8915664833333333,1,0.7785429125,1
M24,2026-06-11 23:00:00,0,0.04002758333333334,0,0.0088264625,0
M25,2026-06-11 23:00:00,0,0.7182847166666665,1,0.603619875,1
M01,2026-06-12 00:00:00,0,0.03685551666666666,0,0.013432624999999998,0
M02,2026-06-12 00:00:00,1,0.5918225999999999,1,0.5628882000000001,1
M03,2026-06-12 00:00:00,1,0.9056832,1,0.7591738749999999,1
M04,2026-06-12 00:00:00,0,0.11202681666666667,0,0.016387687499999994,0
M05,2026-06-12 00:00:00,0,0.014892733333333333,0,0.006409825000000001,0
M06,2026-06-12 00:00:00,0,0.18347484999999997,0,0.0946153375,0
M07,2026-06-12 00:00:00,0,0.10757225000000001,0,0.05721857500000001,0
M08,2026-06-12 00:00:00,0,0.04785453333333333,0,0.0028167500000000002,0
M09,2026-06-12 00:00:00,0,0.06373453333333333,0,0.0108192875,0
M10,2026-06-12 00:00:00,0,0.6913999999999998,1,0.44430059999999993,0
M11,2026-06-12 00:00:00,0,0.00302745,0,0.0,0
M12,2026-06-12 00:00:00,0,0.023660116666666665,0,0.0016843875,0
M13,2026-06-12 00:00:00,1,0.9014494166666668,1,0.7988305250000002,1
M14,2026-06-12 00:00:00,0,0.11707278333333332,0,0.07764772500000001,0
M15,2026-06-12 00:00:00,1,0.7795953166666665,1,0.52164605,1
M16,2026-06-12 00:00:00,0,0.018406616666666667,0,0.0011252124999999997,0
M17,2026-06-12 00:00:00,0,0.0014203166666666668,0,0.00020605,0
M18,2026-06-12 00:00:00,1,0.9737649999999999,1,0.9257482250000001,1
M19,2026-06-12 00:00:00,0,0.5970470499999999,1,0.2772228375,0
M20,2026-06-12 00:00:00,0,0.1567873,0,0.068070825,0
M21,2026-06-12 00:00:00,0,0.023473083333333332,0,0.0054880499999999995,0
M22,2026-06-12 00:00:00,0,0.09555448333333333,0,0.033519175,0
M23,2026-06-12 00:00:00,1,0.8912138666666667,1,0.7890240000000001,1
M24,2026-06-12 00:00:00,0,0.039574416666666674,0,0.009892475000000001,0
M25,2026-06-12 00:00:00,0,0.8387472166666666,1,0.5944838625000001,1
M01,2026-06-12 01:00:00,0,0.030214916666666664,0,0.013803537500000001,0
M02,2026-06-12 01:00:00,1,0.8530262999999995,1,0.6680372499999999,1
M03,2026-06-12 01:00:00,1,0.9076115499999997,1,0.7633685999999998,1
M04,2026-06-12 01:00:00,0,0.05437619999999999,0,0.0169202875,0
M05,2026-06-12 01:00:00,0,0.014892733333333333,0,0.006409825000000001,0
M06,2026-06-12 01:00:00,0,0.23406915,0,0.1134415875,0
M07,2026-06-12 01:00:00,0,0.12694631666666664,0,0.06990525,0
M08,2026-06-12 01:00:00,0,0.0030212666666666666,0,0.00031099999999999997,0
M09,2026-06-12 01:00:00,0,0.07965369999999998,0,0.027540624999999996,0
M10,2026-06-12 01:00:00,0,0.5852834166666666,1,0.48251933750000003,0
M11,2026-06-12 01:00:00,0,0.0036376833333333337,0,0.0,0
M12,2026-06-12 01:00:00,0,0.02152561666666667,0,0.0027455125000000005,0
M13,2026-06-12 01:00:00,1,0.8124259500000001,1,0.8701471750000002,1
M14,2026-06-12 01:00:00,0,0.12616923333333332,0,0.08035512500000001,0
M15,2026-06-12 01:00:00,1,0.5910377333333335,1,0.4371035375,0
M16,2026-06-12 01:00:00,0,0.06376063333333332,0,0.0297885375,0
M17,2026-06-12 01:00:00,0,0.0060041,0,0.006171362499999999,0
M18,2026-06-12 01:00:00,1,0.9474286166666663,1,0.8929586374999999,1
M19,2026-06-12 01:00:00,0,0.49732365,0,0.2367875625,0
M20,2026-06-12 01:00:00,0,0.1549633,0,0.05002075,0
M21,2026-06-12 01:00:00,0,0.024858883333333335,0,0.0007261500000000001,0
M22,2026-06-12 01:00:00,0,0.12947788333333335,0,0.031184162499999994,0
M23,2026-06-12 01:00:00,1,0.8947545666666668,1,0.7682577625,1
M24,2026-06-12 01:00:00,0,0.05392515,0,0.01029985,0
M25,2026-06-12 01:00:00,0,0.8517342333333334,1,0.55161505,1
M01,2026-06-12 02:00:00,0,0.06500596666666665,0,0.0268418125,0
M02,2026-06-12 02:00:00,1,0.7637481666666669,1,0.5933033125,1
M03,2026-06-12 02:00:00,1,0.7446267499999999,1,0.6494483499999999,1
M04,2026-06-12 02:00:00,0,0.12449313333333331,0,0.031460787500000004,0
M05,2026-06-12 02:00:00,0,0.02660808333333333,0,0.008896575,0
M06,2026-06-12 02:00:00,0,0.1968478,0,0.09660102500000001,0
M07,2026-06-12 02:00:00,0,0.07618906666666667,0,0.05896815,0
M08,2026-06-12 02:00:00,0,0.005716016666666666,0,0.001033625,0
M09,2026-06-12 02:00:00,0,0.08367229999999998,0,0.015884325,0
M10,2026-06-12 02:00:00,0,0.7183487999999999,1,0.5145385375,1
M11,2026-06-12 02:00:00,0,0.005855883333333333,0,0.0,0
M12,2026-06-12 02:00:00,0,0.019759183333333333,0,0.005339625000000001,0
M13,2026-06-12 02:00:00,1,0.9039763999999999,1,0.7863515125000001,1
M14,2026-06-12 02:00:00,0,0.07371045,0,0.0404769375,0
M15,2026-06-12 02:00:00,1,0.8185998999999999,1,0.541955275,1
M16,2026-06-12 02:00:00,0,0.06619301666666665,0,0.056210412499999994,0
M17,2026-06-12 02:00:00,0,0.0014203166666666668,0,0.00020605,0
M18,2026-06-12 02:00:00,1,0.9739010833333331,1,0.9094419749999998,1
M19,2026-06-12 02:00:00,0,0.61100905,1,0.37681765,0
M20,2026-06-12 02:00:00,0,0.1254523833333333,0,0.037219999999999996,0
M21,2026-06-12 02:00:00,0,0.0238173,0,0.00125,0
M22,2026-06-12 02:00:00,0,0.12108085,0,0.0267477875,0
M23,2026-06-12 02:00:00,1,0.9642811499999999,1,0.8939855375000002,1
M24,2026-06-12 02:00:00,0,0.11603751666666669,0,0.0338491625,0
M25,2026-06-12 02:00:00,0,0.9067028833333333,1,0.7728227999999999,1
M01,2026-06-12 03:00:00,0,0.11429283333333333,0,0.02174235,0
M02,2026-06-12 03:00:00,1,0.79326095,1,0.5284405875,1
M03,2026-06-12 03:00:00,1,0.9384116333333333,1,0.7772226999999999,1
M04,2026-06-12 03:00:00,0,0.07961434999999999,0,0.018111625,0
M05,2026-06-12 03:00:00,0,0.014892733333333333,0,0.006813050000000001,0
M06,2026-06-12 03:00:00,0,0.19472004999999998,0,0.10229577499999998,0
M07,2026-06-12 03:00:00,0,0.15866339999999998,0,0.09671856250000001,0
M08,2026-06-12 03:00:00,0,0.013717033333333333,0,0.0011384625,0
M09,2026-06-12 03:00:00,0,0.1919643166666666,0,0.1285247625,0
M10,2026-06-12 03:00:00,0,0.7204373166666665,1,0.5905165625000001,1
M11,2026-06-12 03:00:00,0,0.0033924833333333335,0,0.0,0
M12,2026-06-12 03:00:00,0,0.07297306666666666,0,0.0052393875,0
M13,2026-06-12 03:00:00,1,0.9520056833333332,1,0.8994442500000002,1
M14,2026-06-12 03:00:00,0,0.11652038333333332,0,0.038861774999999994,0
M15,2026-06-12 03:00:00,1,0.8155734000000001,1,0.532246175,1
M16,2026-06-12 03:00:00,0,0.07564404999999999,0,0.042889325,0
M17,2026-06-12 03:00:00,0,0.008453983333333333,0,0.0026494875,0
M18,2026-06-12 03:00:00,1,0.8248343166666666,1,0.8314415624999999,1
M19,2026-06-12 03:00:00,0,0.6074021000000002,1,0.3661537999999999,0
M20,2026-06-12 03:00:00,0,0.1336295333333333,0,0.042043525,0
M21,2026-06-12 03:00:00,0,0.007075166666666666,0,0.00023505000000000002,0
M22,2026-06-12 03:00:00,0,0.10581590000000002,0,0.0342195125,0
M23,2026-06-12 03:00:00,1,0.8952661166666667,1,0.7677339624999998,1
M24,2026-06-12 03:00:00,0,0.14304743333333333,0,0.044260074999999996,0
M25,2026-06-12 03:00:00,0,0.8871375999999997,1,0.82377715,1
M01,2026-06-12 04:00:00,0,0.11208946666666667,0,0.016405575,0
M02,2026-06-12 04:00:00,1,0.8978605833333331,1,0.6452015249999999,1
M03,2026-06-12 04:00:00,1,0.9008131499999998,1,0.6462080125,1
M04,2026-06-12 04:00:00,0,0.048081849999999995,0,0.0311478125,0
M05,2026-06-12 04:00:00,0,0.014892733333333333,0,0.006409825000000001,0
M06,2026-06-12 04:00:00,0,0.18243881666666661,0,0.0873108625,0
M07,2026-06-12 04:00:00,0,0.19443704999999997,0,0.0855152125,0
M08,2026-06-12 04:00:00,0,0.00248795,0,0.005491137500000001,0
M09,2026-06-12 04:00:00,0,0.11826931666666665,0,0.04225027499999999,0
M10,2026-06-12 04:00:00,0,0.6942433333333333,1,0.5364211125000001,1
M11,2026-06-12 04:00:00,0,0.028637266666666668,0,0.00244015,0
M12,2026-06-12 04:00:00,0,0.1132838,0,0.036653912500000004,0
M13,2026-06-12 04:00:00,1,0.9552457,1,0.9094014750000001,1
M14,2026-06-12 04:00:00,0,0.10914719999999999,0,0.07129595,0
M15,2026-06-12 04:00:00,1,0.7895566999999999,1,0.4647485374999999,0
M16,2026-06-12 04:00:00,0,0.08327274999999999,0,0.030518250000000004,0
M17,2026-06-12 04:00:00,0,0.0022627166666666664,0,0.00020605,0
M18,2026-06-12 04:00:00,1,0.8279437333333329,1,0.8713133625000001,1
M19,2026-06-12 04:00:00,0,0.5944793166666664,1,0.3395875250000001,0
M20,2026-06-12 04:00:00,0,0.12992061666666663,0,0.0388043625,0
M21,2026-06-12 04:00:00,0,0.0097427,0,8.9e-06,0
M22,2026-06-12 04:00:00,0,0.09928628333333332,0,0.0341658125,0
M23,2026-06-12 04:00:00,1,0.8755633333333335,1,0.7462838875000001,1
M24,2026-06-12 04:00:00,0,0.03436803333333334,0,0.0074924375,0
M25,2026-06-12 04:00:00,0,0.84140325,1,0.5880759000000001,1
M01,2026-06-12 05:00:00,0,0.045499599999999994,0,0.019695275,0
M02,2026-06-12 05:00:00,1,0.7731425,1,0.5558280375000001,1
M03,2026-06-12 05:00:00,0,0.6258779833333333,1,0.44869537499999995,0
M04,2026-06-12 05:00:00,0,0.07829833333333333,0,0.016369025,0
M05,2026-06-12 05:00:00,0,0.08076445,0,0.012605612499999998,0
M06,2026-06-12 05:00:00,0,0.21708636666666667,0,0.0996785125,0
M07,2026-06-12 05:00:00,0,0.17756618333333335,0,0.0929685875,0
M08,2026-06-12 05:00:00,0,0.010018266666666666,0,0.0004383875,0
M09,2026-06-12 05:00:00,0,0.15541076666666667,0,0.029109487499999993,0
M10,2026-06-12 05:00:00,0,0.7335913333333333,1,0.5287800500000002,1
M11,2026-06-12 05:00:00,0,0.020583166666666666,0,0.0029218,0
M12,2026-06-12 05:00:00,0,0.03689351666666666,0,0.03690020000000001,0
M13,2026-06-12 05:00:00,1,0.9579691999999999,1,0.9170822750000001,1
M14,2026-06-12 05:00:00,0,0.11286489999999999,0,0.08584327500000001,0
M15,2026-06-12 05:00:00,1,0.7806930833333332,1,0.432487375,0
M16,2026-06-12 05:00:00,0,0.06974936666666666,0,0.052238275000000015,0
M17,2026-06-12 05:00:00,0,0.0014203166666666668,0,0.00020605,0
M18,2026-06-12 05:00:00,1,0.9772428499999999,1,0.92461625,1
M19,2026-06-12 05:00:00,0,0.8396546166666664,1,0.6132757124999999,1
M20,2026-06-12 05:00:00,0,0.24849593333333334,0,0.09016240000000002,0
M21,2026-06-12 05:00:00,0,0.0097427,0,0.0007261500000000001,0
M22,2026-06-12 05:00:00,0,0.10523038333333336,0,0.030629324999999995,0
M23,2026-06-12 05:00:00,1,0.9480851999999997,1,0.8654885875000001,1
M24,2026-06-12 05:00:00,0,0.05630163333333333,0,0.0098066,0
M25,2026-06-12 05:00:00,0,0.8385228833333332,1,0.5762007,1
M01,2026-06-12 06:00:00,0,0.02377828333333333,0,0.013414299999999999,0
M02,2026-06-12 06:00:00,1,0.7904561166666669,1,0.6468028499999999,1
M03,2026-06-12 06:00:00,0,0.13453031666666665,0,0.19951243749999997,0
M04,2026-06-12 06:00:00,0,0.0930272,0,0.018650774999999998,0
M05,2026-06-12 06:00:00,0,0.014892733333333333,0,0.006409825000000001,0
M06,2026-06-12 06:00:00,0,0.17364831666666664,0,0.09208533749999999,0
M07,2026-06-12 06:00:00,0,0.15832473333333336,0,0.097563325,0
M08,2026-06-12 06:00:00,0,0.005098849999999999,0,0.0003572125,0
M09,2026-06-12 06:00:00,0,0.13517078333333332,0,0.023015537500000002,0
M10,2026-06-12 06:00:00,0,0.7413109666666666,1,0.5485393125,1
M11,2026-06-12 06:00:00,0,0.0048281,0,0.000350675,0
M12,2026-06-12 06:00:00,0,0.06870841666666667,0,0.05800631250000001,0
M13,2026-06-12 06:00:00,1,0.9487215833333332,1,0.9001516,1
M14,2026-06-12 06:00:00,0,0.09710879999999998,0,0.05795555000000001,0
M15,2026-06-12 06:00:00,1,0.5687007166666669,1,0.24467686250000004,0
M16,2026-06-12 06:00:00,0,0.09360989999999998,0,0.08664474999999998,0
M17,2026-06-12 06:00:00,0,0.0022627166666666664,0,0.00020605,0
M18,2026-06-12 06:00:00,1,0.9788834999999999,1,0.9318121125000003,1
M19,2026-06-12 06:00:00,0,0.6490523666666665,1,0.36816055000000003,0
M20,2026-06-12 06:00:00,0,0.26321405,0,0.0830910125,0
M21,2026-06-12 06:00:00,0,0.016918833333333334,0,0.0016666625000000001,0
M22,2026-06-12 06:00:00,0,0.08333578333333333,0,0.0382026625,0
M23,2026-06-12 06:00:00,1,0.9574495999999998,1,0.8937542125,1
M24,2026-06-12 06:00:00,0,0.06807236666666668,0,0.010803449999999997,0
M25,2026-06-12 06:00:00,0,0.8436441666666666,1,0.5991198375000001,1
M01,2026-06-12 07:00:00,0,0.10239458333333333,0,0.018228962499999998,0
M02,2026-06-12 07:00:00,1,0.7412972500000001,1,0.5825412625000002,1
M03,2026-06-12 07:00:00,0,0.2448376833333333,0,0.0991948125,0
M04,2026-06-12 07:00:00,0,0.05060483333333333,0,0.01569855,0
M05,2026-06-12 07:00:00,0,0.014892733333333333,0,0.006409825000000001,0
M06,2026-06-12 07:00:00,0,0.20331706666666663,0,0.0965789,0
M07,2026-06-12 07:00:00,0,0.22190429999999997,0,0.13884948749999998,0
M08,2026-06-12 07:00:00,0,0.008165916666666667,0,0.0012196375000000001,0
M09,2026-06-12 07:00:00,0,0.10553896666666665,0,0.042092424999999996,0
M10,2026-06-12 07:00:00,0,0.7525144333333333,1,0.5991374875,1
M11,2026-06-12 07:00:00,0,0.0048281,0,0.000350675,0
M12,2026-06-12 07:00:00,0,0.04403059999999999,0,0.038118175000000004,0
M13,2026-06-12 07:00:00,1,0.7626132333333333,1,0.7613473125000001,1
M14,2026-06-12 07:00:00,0,0.10339789999999999,0,0.0624297,0
M15,2026-06-12 07:00:00,1,0.7071377,1,0.32275770000000004,0
M16,2026-06-12 07:00:00,0,0.06187683333333333,0,0.0479005125,0
M17,2026-06-12 07:00:00,0,0.005433783333333333,0,0.00020605,0
M18,2026-06-12 07:00:00,1,0.9535097500000002,1,0.8687947750000005,1
M19,2026-06-12 07:00:00,0,0.5403648833333333,1,0.2323722,0
M20,2026-06-12 07:00:00,0,0.1078414833333333,0,0.033821899999999995,0
M21,2026-06-12 07:00:00,0,0.0220684,0,0.00183965,0
M22,2026-06-12 07:00:00,0,0.08781516666666667,0,0.03071745,0
M23,2026-06-12 07:00:00,1,0.9551054,1,0.9123960125000001,1
M24,2026-06-12 07:00:00,0,0.15963263333333336,0,0.053316125000000006,0
M25,2026-06-12 07:00:00,0,0.8367014333333332,1,0.5959949125000001,1
M01,2026-06-12 08:00:00,0,0.049396733333333324,0,0.0220870125,0
M02,2026-06-12 08:00:00,1,0.8370611666666663,1,0.6736038000000001,1
M03,2026-06-12 08:00:00,0,0.10036523333333333,0,0.0742253125,0
M04,2026-06-12 08:00:00,0,0.0895951,0,0.02643665,0
M05,2026-06-12 08:00:00,0,0.014892733333333333,0,0.006409825000000001,0
M06,2026-06-12 08:00:00,0,0.17356631666666664,0,0.1067974875,0
M07,2026-06-12 08:00:00,0,0.13196713333333335,0,0.052323325,0
M08,2026-06-12 08:00:00,0,0.007592083333333333,0,0.0017938750000000003,0
M09,2026-06-12 08:00:00,0,0.08503318333333332,0,0.029244962499999992,0
M10,2026-06-12 08:00:00,0,0.7429669666666666,1,0.5666410124999999,1
M11,2026-06-12 08:00:00,0,0.015780133333333335,0,0.0005772625,0
M12,2026-06-12 08:00:00,0,0.1136795333333333,0,0.028185075000000004,0
M13,2026-06-12 08:00:00,1,0.9481402333333335,1,0.8819884625000001,1
M14,2026-06-12 08:00:00,0,0.09672474999999998,0,0.0547901625,0
M15,2026-06-12 08:00:00,1,0.657300733333333,1,0.287246125,0
M16,2026-06-12 08:00:00,0,0.06782114999999998,0,0.026479812499999998,0
M17,2026-06-12 08:00:00,0,0.005433783333333333,0,0.00020605,0
M18,2026-06-12 08:00:00,1,0.8276660499999997,1,0.8819815500000001,1
M19,2026-06-12 08:00:00,0,0.41275080000000003,0,0.2157673625,0
M20,2026-06-12 08:00:00,0,0.12491169999999996,0,0.028676487499999997,0
M21,2026-06-12 08:00:00,0,0.010262916666666667,0,8.9e-06,0
M22,2026-06-12 08:00:00,0,0.05974493333333332,0,0.026115225,0
M23,2026-06-12 08:00:00,1,0.9565173999999999,1,0.9139616250000001,1
M24,2026-06-12 08:00:00,0,0.05917608333333333,0,0.015811612500000002,0
M25,2026-06-12 08:00:00,0,0.8439840666666666,1,0.5677066250000002,1
M01,2026-06-12 09:00:00,0,0.03879344999999999,0,0.0221781,0
M02,2026-06-12 09:00:00,1,0.867609183333333,1,0.6901832499999998,1
M03,2026-06-12 09:00:00,0,0.03304666666666667,0,0.0093276875,0
M04,2026-06-12 09:00:00,0,0.050101799999999995,0,0.024694675,0
M05,2026-06-12 09:00:00,0,0.02599785,0,0.00849335,0
M06,2026-06-12 09:00:00,0,0.19754489999999997,0,0.09076102500000001,0
M07,2026-06-12 09:00:00,0,0.15714326666666664,0,0.0721572375,0
M08,2026-06-12 09:00:00,0,0.010286833333333332,0,0.00040498749999999994,0
M09,2026-06-12 09:00:00,0,0.09261435000000001,0,0.05403412499999999,0
M10,2026-06-12 09:00:00,0,0.7319390000000001,1,0.5073647749999999,1
M11,2026-06-12 09:00:00,0,0.0048281,0,0.000350675,0
M12,2026-06-12 09:00:00,0,0.032236883333333334,0,0.029745375,0
M13,2026-06-12 09:00:00,1,0.9542543166666664,1,0.92055705,1
M14,2026-06-12 09:00:00,0,0.07059180000000001,0,0.042555424999999994,0
M15,2026-06-12 09:00:00,1,0.7041165333333332,1,0.33373897500000005,0
M16,2026-06-12 09:00:00,0,0.12281608333333333,0,0.023004650000000005,0
M17,2026-06-12 09:00:00,0,0.0014203166666666668,0,0.00020605,0
M18,2026-06-12 09:00:00,1,0.9731895666666667,1,0.9123287250000001,1
M19,2026-06-12 09:00:00,0,0.18027780000000002,0,0.154312225,0
M20,2026-06-12 09:00:00,0,0.12322684999999997,0,0.0306184375,0
M21,2026-06-12 09:00:00,0,0.007075166666666666,0,0.0007261500000000001,0
M22,2026-06-12 09:00:00,0,0.06572706666666667,0,0.032961,0
M23,2026-06-12 09:00:00,1,0.8308232333333333,1,0.8250119000000001,1
M24,2026-06-12 09:00:00,0,0.06243376666666667,0,0.016810625000000003,0
M25,2026-06-12 09:00:00,0,0.8702109333333333,1,0.7392060625000002,1
M01,2026-06-12 10:00:00,0,0.05280081666666668,0,0.027163874999999997,0
M02,2026-06-12 10:00:00,1,0.8186133166666665,1,0.5949220125000001,1
M03,2026-06-12 10:00:00,0,0.031098300000000002,0,0.012065324999999998,0
M04,2026-06-12 10:00:00,0,0.11939268333333335,0,0.024540324999999995,0
M05,2026-06-12 10:00:00,0,0.022748883333333334,0,0.0036476750000000004,0
M06,2026-06-12 10:00:00,0,0.21806668333333334,0,0.1045946375,0
M07,2026-06-12 10:00:00,0,0.18770073333333331,0,0.12105307499999998,0
M08,2026-06-12 10:00:00,0,0.010286833333333332,0,0.0029049875,0
M09,2026-06-12 10:00:00,0,0.2188196166666667,0,0.16440487499999998,0
M10,2026-06-12 10:00:00,0,0.8592771666666665,1,0.8033863375000003,1
M11,2026-06-12 10:00:00,0,0.0048281,0,0.00020605,0
M12,2026-06-12 10:00:00,0,0.06588434999999998,0,0.039560000000000005,0
M13,2026-06-12 10:00:00,1,0.9480166499999998,1,0.902472725,1
M14,2026-06-12 10:00:00,0,0.10147346666666664,0,0.055391100000000006,0
M15,2026-06-12 10:00:00,1,0.4351163666666667,0,0.19950431249999998,0
M16,2026-06-12 10:00:00,0,0.12188653333333334,0,0.025581737500000007,0
M17,2026-06-12 10:00:00,0,0.0014203166666666668,0,0.00020605,0
M18,2026-06-12 10:00:00,1,0.9197508666666667,1,0.8555237250000001,1
M19,2026-06-12 10:00:00,0,0.25184603333333333,0,0.18759810000000002,0
M20,2026-06-12 10:00:00,0,0.14708101666666668,0,0.0320190625,0
M21,2026-06-12 10:00:00,0,0.0059734666666666665,0,0.0001391125,0
M22,2026-06-12 10:00:00,0,0.0763295,0,0.03728795,0
M23,2026-06-12 10:00:00,1,0.8955332166666667,1,0.7822735875000001,1
M24,2026-06-12 10:00:00,0,0.05681153333333333,0,0.015811612500000002,0
M25,2026-06-12 10:00:00,0,0.8048489333333333,1,0.5922565250000001,1
M01,2026-06-12 11:00:00,0,0.03243718333333333,0,0.01716825,0
M02,2026-06-12 11:00:00,1,0.9061924166666665,1,0.7201590499999999,1
M03,2026-06-12 11:00:00,0,0.00945585,0,0.0086037875,0
M04,2026-06-12 11:00:00,0,0.053849516666666666,0,0.024087624999999994,0
M05,2026-06-12 11:00:00,0,0.028863800000000002,0,8.9e-06,0
M06,2026-06-12 11:00:00,0,0.20685824999999994,0,0.10386793749999998,0
M07,2026-06-12 11:00:00,0,0.19871015000000006,0,0.093812375,0
M08,2026-06-12 11:00:00,0,0.010286833333333332,0,0.0029049875,0
M09,2026-06-12 11:00:00,0,0.08202633333333333,0,0.004315762499999999,0
M10,2026-06-12 11:00:00,0,0.6983689,1,0.5037814749999998,1
M11,2026-06-12 11:00:00,0,0.0048281,0,0.00020605,0
M12,2026-06-12 11:00:00,0,0.04574283333333332,0,0.022787162500000003,0
M13,2026-06-12 11:00:00,1,0.9465714833333332,1,0.892472725,1
M14,2026-06-12 11:00:00,0,0.08752948333333332,0,0.0612660375,0
M15,2026-06-12 11:00:00,1,0.8101012333333332,1,0.41235117499999996,0
M16,2026-06-12 11:00:00,0,0.05659621666666667,0,0.016159412499999998,0
M17,2026-06-12 11:00:00,0,0.011351633333333335,0,0.000857375,0
M18,2026-06-12 11:00:00,1,0.8366737833333331,1,0.8370683624999999,1
M19,2026-06-12 11:00:00,0,0.16910575000000003,0,0.14150136249999998,0
M20,2026-06-12 11:00:00,0,0.28132478333333333,0,0.09737133750000002,0
M21,2026-06-12 11:00:00,0,0.007075166666666666,0,0.00023505000000000002,0
M22,2026-06-12 11:00:00,0,0.06729998333333334,0,0.0341455875,0
M23,2026-06-12 11:00:00,1,0.9584768333333333,1,0.9234686375000001,1
M24,2026-06-12 11:00:00,0,0.04703911666666667,0,0.012042999999999998,0
M25,2026-06-12 11:00:00,0,0.8522480166666665,1,0.595014775,1
M01,2026-06-12 12:00:00,0,0.041161816666666656,0,0.02265675,0
M02,2026-06-12 12:00:00,1,0.7921601166666666,1,0.5797032874999999,1
M03,2026-06-12 12:00:00,0,0.021045083333333336,0,0.009565325,0
M04,2026-06-12 12:00:00,0,0.06539258333333334,0,0.0200031375,0
M05,2026-06-12 12:00:00,0,0.028863800000000002,0,0.0128619875,0
M06,2026-06-12 12:00:00,0,0.24011754999999996,0,0.2461102375,0
M07,2026-06-12 12:00:00,0,0.2553450333333333,0,0.09467701250000002,0
M08,2026-06-12 12:00:00,0,0.007323516666666666,0,0.00031099999999999997,0
M09,2026-06-12 12:00:00,0,0.10614606666666668,0,0.010795375,0
M10,2026-06-12 12:00:00,0,0.7130894166666667,1,0.5611868125000001,1
M11,2026-06-12 12:00:00,0,0.017685516666666668,0,0.002518575,0
M12,2026-06-12 12:00:00,0,0.14786289999999996,0,0.07438328749999999,0
M13,2026-06-12 12:00:00,1,0.8682267000000002,1,0.7850845374999998,1
M14,2026-06-12 12:00:00,0,0.08487169999999998,0,0.0543952875,0
M15,2026-06-12 12:00:00,1,0.5398169500000001,1,0.24613136250000003,0
M16,2026-06-12 12:00:00,0,0.07330211666666667,0,0.026115225000000002,0
M17,2026-06-12 12:00:00,0,0.0014203166666666668,0,0.00020605,0
M18,2026-06-12 12:00:00,1,0.9700336166666667,1,0.8751260499999999,1
M19,2026-06-12 12:00:00,0,0.23088725000000004,0,0.1679082,0
M20,2026-06-12 12:00:00,0,0.09882698333333331,0,0.0246121625,0
M21,2026-06-12 12:00:00,0,0.011699416666666665,0,0.0007261500000000001,0
M22,2026-06-12 12:00:00,0,0.10896781666666668,0,0.025777687499999997,0
M23,2026-06-12 12:00:00,1,0.8243649166666667,1,0.8167787625,1
M24,2026-06-12 12:00:00,0,0.09732248333333332,0,0.038778725,0
M25,2026-06-12 12:00:00,0,0.921297783333333,1,0.8099905749999999,1
M01,2026-06-12 13:00:00,0,0.11047425,0,0.025709,0
M02,2026-06-12 13:00:00,1,0.9010992999999998,1,0.6272491250000001,1
M03,2026-06-12 13:00:00,0,0.021045083333333336,0,0.009565325,0
M04,2026-06-12 13:00:00,0,0.11466475,0,0.02845545,0
M05,2026-06-12 13:00:00,0,0.02870618333333334,0,0.0023655625,0
M06,2026-06-12 13:00:00,0,0.18936963333333331,0,0.20916036249999997,0
M07,2026-06-12 13:00:00,0,0.3432819666666666,0,0.15106377499999998,0
M08,2026-06-12 13:00:00,0,0.08344890000000002,0,0.0008386875,0
M09,2026-06-12 13:00:00,0,0.2181274333333333,0,0.12411591249999998,0
M10,2026-06-12 13:00:00,0,0.7111971833333334,1,0.5559516250000001,1
M11,2026-06-12 13:00:00,0,0.020901466666666663,0,0.002518575,0
M12,2026-06-12 13:00:00,0,0.11109824999999998,0,0.06927989999999999,0
M13,2026-06-12 13:00:00,1,0.8070108166666666,1,0.7989677625,1
M14,2026-06-12 13:00:00,0,0.1033726,0,0.07824171250000002,0
M15,2026-06-12 13:00:00,1,0.5717979666666668,1,0.42908696249999984,0
M16,2026-06-12 13:00:00,0,0.09884829999999999,0,0.028265525000000003,0
M17,2026-06-12 13:00:00,0,0.0014203166666666668,0,0.000749525,0
M18,2026-06-12 13:00:00,1,0.9755817666666665,1,0.9274276875000002,1
M19,2026-06-12 13:00:00,0,0.1568961,0,0.15354507499999998,0
M20,2026-06-12 13:00:00,0,0.16068928333333332,0,0.06092016250000001,0
M21,2026-06-12 13:00:00,0,0.0059734666666666665,0,0.0001391125,0
M22,2026-06-12 13:00:00,0,0.10049380000000001,0,0.028991762499999997,0
M23,2026-06-12 13:00:00,1,0.8862959833333334,1,0.7325995125,1
M24,2026-06-12 13:00:00,0,0.044228,0,0.0154083875,0
M25,2026-06-12 13:00:00,0,0.8454753833333334,1,0.67425595,1
M01,2026-06-12 14:00:00,0,0.04615974999999999,0,0.025487812499999995,0
M02,2026-06-12 14:00:00,1,0.9027946166666666,1,0.6085382125000001,1
M03,2026-06-12 14:00:00,0,0.010066083333333335,0,0.0086037875,0
M04,2026-06-12 14:00:00,0,0.059669999999999994,0,0.0333865,0
M05,2026-06-12 14:00:00,0,0.028863800000000002,0,0.021313574999999998,0
M06,2026-06-12 14:00:00,0,0.2615494333333333,0,0.2531674,0
M07,2026-06-12 14:00:00,0,0.36752526666666674,0,0.16212544999999998,0
M08,2026-06-12 14:00:00,0,0.05329986666666666,0,0.0034736499999999996,0
M09,2026-06-12 14:00:00,0,0.14035731666666665,0,0.091581675,0
M10,2026-06-12 14:00:00,0,0.7103221666666665,1,0.56553885,1
M11,2026-06-12 14:00:00,0,0.017685516666666668,0,0.002518575,0
M12,2026-06-12 14:00:00,0,0.11399588333333334,0,0.0782026375,0
M13,2026-06-12 14:00:00,1,0.7538754999999999,1,0.7515934000000002,1
M14,2026-06-12 14:00:00,0,0.08567704999999999,0,0.05516853750000002,0
M15,2026-06-12 14:00:00,1,0.5844931333333335,1,0.500810975,1
M16,2026-06-12 14:00:00,0,0.0623928,0,0.0249797375,0
M17,2026-06-12 14:00:00,0,0.0014203166666666668,0,0.00020605,0
M18,2026-06-12 14:00:00,1,0.9380644333333332,1,0.8839271500000002,1
M19,2026-06-12 14:00:00,0,0.24769060000000004,0,0.16984607499999999,0
M20,2026-06-12 14:00:00,0,0.35392123333333336,0,0.1381345125,0
M21,2026-06-12 14:00:00,0,0.0018455833333333334,0,0.0,0
M22,2026-06-12 14:00:00,0,0.09248525,0,0.03203790000000001,0
M23,2026-06-12 14:00:00,1,0.8815391166666665,1,0.74119465,1
M24,2026-06-12 14:00:00,0,0.03513545,0,0.015778875,0
M25,2026-06-12 14:00:00,0,0.8298816166666667,1,0.5798483375000002,1
M01,2026-06-12 15:00:00,0,0.08035866666666666,0,0.025104487499999995,0
M02,2026-06-12 15:00:00,1,0.7914364833333336,1,0.5638306125,1
M03,2026-06-12 15:00:00,0,0.11402230000000002,0,0.0636629625,0
M04,2026-06-12 15:00:00,0,0.07039751666666666,0,0.028849649999999998,0
M05,2026-06-12 15:00:00,0,0.028863800000000002,0,0.021804675,0
M06,2026-06-12 15:00:00,0,0.4093819999999999,0,0.35702412499999997,0
M07,2026-06-12 15:00:00,0,0.36439133333333334,0,0.2012066125,0
M08,2026-06-12 15:00:00,0,0.004115066666666667,0,0.000603875,0
M09,2026-06-12 15:00:00,0,0.08739863333333332,0,0.017242425000000002,0
M10,2026-06-12 15:00:00,0,0.8651190999999998,1,0.768053975,1
M11,2026-06-12 15:00:00,0,0.005438333333333334,0,0.00020605,0
M12,2026-06-12 15:00:00,0,0.10880429999999998,0,0.068771,0
M13,2026-06-12 15:00:00,1,0.8958659999999999,1,0.8077787625000001,1
M14,2026-06-12 15:00:00,0,0.07448923333333332,0,0.040888675,0
M15,2026-06-12 15:00:00,1,0.8212989666666665,1,0.6200780749999999,1
M16,2026-06-12 15:00:00,0,0.09388265,0,0.040552762500000006,0
M17,2026-06-12 15:00:00,0,0.0014203166666666668,0,0.00020605,0
M18,2026-06-12 15:00:00,1,0.9838097333333333,1,0.9588068375000001,1
M19,2026-06-12 15:00:00,0,0.1824079666666667,0,0.18040969999999995,0
M20,2026-06-12 15:00:00,0,0.15685023333333334,0,0.0672074875,0
M21,2026-06-12 15:00:00,0,0.015354666666666666,0,0.0,0
M22,2026-06-12 15:00:00,0,0.09156631666666668,0,0.033482475,0
M23,2026-06-12 15:00:00,1,0.9549669833333332,1,0.9278953249999999,1
M24,2026-06-12 15:00:00,0,0.05247023333333333,0,0.011081462499999998,0
M25,2026-06-12 15:00:00,0,0.8310220166666666,1,0.6179270375000001,1
M01,2026-06-12 16:00:00,0,0.11548289999999999,0,0.02533685,0
M02,2026-06-12 16:00:00,1,0.8869840499999998,1,0.6711967124999999,1
M03,2026-06-12 16:00:00,0,0.05077263333333333,0,0.0296669875,0
M04,2026-06-12 16:00:00,0,0.07112053333333332,0,0.026887300000000003,0
M05,2026-06-12 16:00:00,0,0.028863800000000002,0,0.0070725125,0
M06,2026-06-12 16:00:00,0,0.22588718333333338,0,0.163696,0
M07,2026-06-12 16:00:00,0,0.2583728833333333,0,0.13775467500000002,0
M08,2026-06-12 16:00:00,0,0.004873616666666667,0,0.000603875,0
M09,2026-06-12 16:00:00,0,0.05247673333333333,0,0.02027535,0
M10,2026-06-12 16:00:00,0,0.6986947833333333,1,0.5368014000000001,1
M11,2026-06-12 16:00:00,0,0.0048281,0,0.00020605,0
M12,2026-06-12 16:00:00,0,0.13265359999999995,0,0.042278512500000004,0
M13,2026-06-12 16:00:00,1,0.9458136,1,0.9051821750000002,1
M14,2026-06-12 16:00:00,0,0.10133366666666664,0,0.0468814375,0
M15,2026-06-12 16:00:00,1,0.6400765000000003,1,0.4747616499999999,0
M16,2026-06-12 16:00:00,0,0.1387532833333333,0,0.09782961249999998,0
M17,2026-06-12 16:00:00,0,0.0014203166666666668,0,0.00020605,0
M18,2026-06-12 16:00:00,1,0.9842680166666666,1,0.9682545375,1
M19,2026-06-12 16:00:00,0,0.1958676,0,0.1501934,0
M20,2026-06-12 16:00:00,0,0.1666598,0,0.06177718750000001,0
M21,2026-06-12 16:00:00,0,0.01747785,0,0.001787275,0
M22,2026-06-12 16:00:00,0,0.14520208333333331,0,0.03648971250000001,0
M23,2026-06-12 16:00:00,1,0.8967301166666667,1,0.793486175,1
M24,2026-06-12 16:00:00,0,0.03194656666666667,0,0.020271224999999997,0
M25,2026-06-12 16:00:00,0,0.8526678999999999,1,0.6100647625000002,1
M01,2026-06-12 17:00:00,0,0.04738635000000001,0,0.022441499999999996,0
M02,2026-06-12 17:00:00,1,0.8852466166666664,1,0.6733984499999999,1
M03,2026-06-12 17:00:00,0,0.06335765,0,0.0228982125,0
M04,2026-06-12 17:00:00,0,0.14174923333333334,0,0.016854762500000002,0
M05,2026-06-12 17:00:00,0,0.012135383333333334,0,0.00095455,0
M06,2026-06-12 17:00:00,0,0.4119612499999999,0,0.28933005,0
M07,2026-06-12 17:00:00,0,0.37114176666666665,0,0.133468875,0
M08,2026-06-12 17:00:00,0,0.055684300000000006,0,0.01258985,0
M09,2026-06-12 17:00:00,0,0.06404475,0,0.01469295,0
M10,2026-06-12 17:00:00,0,0.7233295166666664,1,0.6110608375,1
M11,2026-06-12 17:00:00,0,0.0048281,0,0.00020605,0
M12,2026-06-12 17:00:00,0,0.09094938333333333,0,0.040907725000000006,0
M13,2026-06-12 17:00:00,1,0.9093187500000001,1,0.8170223749999999,1
M14,2026-06-12 17:00:00,0,0.11756499999999998,0,0.06249497500000001,0
M15,2026-06-12 17:00:00,1,0.8626838166666666,1,0.5922001124999998,1
M16,2026-06-12 17:00:00,0,0.09505245,0,0.0532861625,0
M17,2026-06-12 17:00:00,0,0.0014203166666666668,0,0.00020605,0
M18,2026-06-12 17:00:00,1,0.9838097333333333,1,0.9512465125000003,1
M19,2026-06-12 17:00:00,0,0.29990455,0,0.21027633750000002,0
M20,2026-06-12 17:00:00,0,0.19495364999999998,0,0.06654745000000001,0
M21,2026-06-12 17:00:00,0,0.0,0,0.00125,0
M22,2026-06-12 17:00:00,0,0.20386333333333334,0,0.06885456250000001,0
M23,2026-06-12 17:00:00,1,0.9535739333333331,1,0.9335242999999999,1
M24,2026-06-12 17:00:00,0,0.032880966666666664,0,0.016149125000000004,0
M25,2026-06-12 17:00:00,0,0.8321015166666665,1,0.6123732125000002,1
M01,2026-06-12 18:00:00,0,0.10238323333333331,0,0.031242000000000002,0
M02,2026-06-12 18:00:00,1,0.8701060833333332,1,0.670219175,1
M03,2026-06-12 18:00:00,0,0.00945585,0,0.0086037875,0
M04,2026-06-12 18:00:00,0,0.08145200000000001,0,0.0325511125,0
M05,2026-06-12 18:00:00,0,0.004995083333333333,0,8.9e-06,0
M06,2026-06-12 18:00:00,0,0.39566551666666655,0,0.270250125,0
M07,2026-06-12 18:00:00,0,0.3086894333333333,0,0.11726183750000001,0
M08,2026-06-12 18:00:00,0,0.004873616666666667,0,0.000714225,0
M09,2026-06-12 18:00:00,0,0.07010429999999998,0,0.017509125,0
M10,2026-06-12 18:00:00,0,0.6796286666666664,1,0.4654036125,0
M11,2026-06-12 18:00:00,0,0.0048281,0,0.00020605,0
M12,2026-06-12 18:00:00,0,0.08000775,0,0.0323887,0
M13,2026-06-12 18:00:00,1,0.9633728500000002,1,0.9116214625,1
M14,2026-06-12 18:00:00,0,0.09647965,0,0.057129737500000013,0
M15,2026-06-12 18:00:00,1,0.6422048666666669,1,0.32016538749999995,0
M16,2026-06-12 18:00:00,0,0.08071758333333333,0,0.030725162499999997,0
M17,2026-06-12 18:00:00,0,0.0014203166666666668,0,0.00020605,0
M18,2026-06-12 18:00:00,1,0.9841760166666667,1,0.9457580625,1
M19,2026-06-12 18:00:00,0,0.4292743,0,0.3528166750000001,0
M20,2026-06-12 18:00:00,0,0.1717974,0,0.0576551625,0
M21,2026-06-12 18:00:00,0,0.0068442,0,8.9e-06,0
M22,2026-06-12 18:00:00,0,0.18019293333333333,0,0.07209301250000001,0
M23,2026-06-12 18:00:00,1,0.8716571333333333,1,0.6925054124999999,1
M24,2026-06-12 18:00:00,0,0.0445482,0,0.015771375,0
M25,2026-06-12 18:00:00,0,0.8440692999999998,1,0.6600902375000001,1
M01,2026-06-12 19:00:00,0,0.04178208333333333,0,0.0186864125,0
M02,2026-06-12 19:00:00,1,0.8681698833333333,1,0.6571421249999999,1
M03,2026-06-12 19:00:00,0,0.00945585,0,0.0086037875,0
M04,2026-06-12 19:00:00,0,0.09170361666666667,0,0.02806505,0
M05,2026-06-12 19:00:00,0,0.015347633333333333,0,0.00045455,0
M06,2026-06-12 19:00:00,0,0.24337765000000003,0,0.13797545,0
M07,2026-06-12 19:00:00,0,0.2221786833333333,0,0.11387526249999999,0
M08,2026-06-12 19:00:00,0,0.010018266666666666,0,0.00031099999999999997,0
M09,2026-06-12 19:00:00,0,0.14870000000000003,0,0.0189997875,0
M10,2026-06-12 19:00:00,0,0.8531195666666667,1,0.76247485,1
M11,2026-06-12 19:00:00,0,0.005438333333333334,0,0.00020605,0
M12,2026-06-12 19:00:00,0,0.06149933333333333,0,0.021415275,0
M13,2026-06-12 19:00:00,1,0.9503304666666665,1,0.8805175625,1
M14,2026-06-12 19:00:00,0,0.07895381666666665,0,0.0514053375,0
M15,2026-06-12 19:00:00,1,0.8231996333333332,1,0.4877415875000001,0
M16,2026-06-12 19:00:00,0,0.06538046666666665,0,0.048054037499999994,0
M17,2026-06-12 19:00:00,0,0.0014203166666666668,0,0.00020605,0
M18,2026-06-12 19:00:00,1,0.9296065,1,0.8836905375000004,1
M19,2026-06-12 19:00:00,0,0.6134642333333333,1,0.273518825,0
M20,2026-06-12 19:00:00,0,0.1724561333333333,0,0.06499803750000001,0
M21,2026-06-12 19:00:00,0,0.025379099999999998,0,0.0015594875000000002,0
M22,2026-06-12 19:00:00,0,0.3611794333333334,0,0.20017620000000003,0
M23,2026-06-12 19:00:00,1,0.9464113999999998,1,0.9202114875000001,1
M24,2026-06-12 19:00:00,0,0.0544038,0,0.019094112500000003,0
M25,2026-06-12 19:00:00,0,0.9386156833333332,1,0.8292623249999999,1
M01,2026-06-12 20:00:00,0,0.04967033333333334,0,0.020120275,0
M02,2026-06-12 20:00:00,1,0.8891951666666665,1,0.64639665,1
M03,2026-06-12 20:00:00,0,0.010066083333333335,0,0.0086037875,0
M04,2026-06-12 20:00:00,0,0.0319569,0,0.012847050000000002,0
M05,2026-06-12 20:00:00,0,0.004995083333333333,0,0.00095455,0
M06,2026-06-12 20:00:00,0,0.17885669999999998,0,0.14648721249999996,0
M07,2026-06-12 20:00:00,0,0.26196624999999996,0,0.11294178749999999,0
M08,2026-06-12 20:00:00,0,0.004115066666666667,0,0.00031099999999999997,0
M09,2026-06-12 20:00:00,0,0.07530188333333333,0,0.016581600000000002,0
M10,2026-06-12 20:00:00,0,0.6276104000000001,1,0.4433427750000001,0
M11,2026-06-12 20:00:00,0,0.0048281,0,0.00020605,0
M12,2026-06-12 20:00:00,0,0.03424075,0,0.020296712499999998,0
M13,2026-06-12 20:00:00,1,0.8955431833333333,1,0.8040874750000002,1
M14,2026-06-12 20:00:00,0,0.0930443333333333,0,0.06315928750000001,0
M15,2026-06-12 20:00:00,1,0.6802422166666666,1,0.41310485,0
M16,2026-06-12 20:00:00,0,0.0802079,0,0.05015933750000001,0
M17,2026-06-12 20:00:00,0,0.0,0,0.0,0
M18,2026-06-12 20:00:00,1,0.9841760166666667,1,0.9595421375000001,1
M19,2026-06-12 20:00:00,0,0.5744189833333333,1,0.27684617500000014,0
M20,2026-06-12 20:00:00,0,0.16536758333333332,0,0.06719668749999999,0
M21,2026-06-12 20:00:00,0,0.0538156,0,0.0,0
M22,2026-06-12 20:00:00,0,0.24049766666666667,0,0.1008758125,0
M23,2026-06-12 20:00:00,1,0.8202844499999997,1,0.8852114875000001,1
M24,2026-06-12 20:00:00,0,0.0537663,0,0.0213128875,0
M25,2026-06-12 20:00:00,0,0.8522336666666667,1,0.6144765375000001,1
M01,2026-06-12 21:00:00,0,0.04129384999999999,0,0.0228486875,0
M02,2026-06-12 21:00:00,1,0.6199384666666666,1,0.5750669,1
M03,2026-06-12 21:00:00,0,0.03431676666666667,0,0.02862615,0
M04,2026-06-12 21:00:00,0,0.11092883333333334,0,0.017005587499999995,0
M05,2026-06-12 21:00:00,0,0.037150100000000005,0,0.0009723625,0
M06,2026-06-12 21:00:00,0,0.13662651666666664,0,0.098367475,0
M07,2026-06-12 21:00:00,0,0.31627894999999995,0,0.1053963,0
M08,2026-06-12 21:00:00,0,0.004873616666666667,0,0.00031099999999999997,0
M09,2026-06-12 21:00:00,0,0.12629298333333333,0,0.0432853625,0
M10,2026-06-12 21:00:00,0,0.6637198333333332,1,0.4208021875000001,0
M11,2026-06-12 21:00:00,0,0.0048281,0,0.00020605,0
M12,2026-06-12 21:00:00,0,0.10328338333333331,0,0.03798125000000001,0
M13,2026-06-12 21:00:00,1,0.9362771166666664,1,0.8763179375000002,1
M14,2026-06-12 21:00:00,0,0.07525393333333333,0,0.050900075,0
M15,2026-06-12 21:00:00,1,0.813339233333333,1,0.50292925,1
M16,2026-06-12 21:00:00,0,0.12103733333333332,0,0.0817137875,0
M17,2026-06-12 21:00:00,0,0.0,0,0.0,0
M18,2026-06-12 21:00:00,1,0.94863415,1,0.9460245749999998,1
M19,2026-06-12 21:00:00,0,0.5936827166666665,1,0.25910472500000004,0
M20,2026-06-12 21:00:00,0,0.20651993333333332,0,0.07082924999999998,0
M21,2026-06-12 21:00:00,0,0.007075166666666666,0,0.00073755,0
M22,2026-06-12 21:00:00,0,0.16261441666666665,0,0.062499400000000004,0
M23,2026-06-12 21:00:00,1,0.8310792166666664,1,0.8495670000000002,1
M24,2026-06-12 21:00:00,0,0.0551832,0,0.017947499999999998,0
M25,2026-06-12 21:00:00,0,0.8186080666666666,1,0.5808726375000001,1
M01,2026-06-12 22:00:00,0,0.037984283333333334,0,0.024040212499999998,0
M02,2026-06-12 22:00:00,0,0.45443351666666676,0,0.38422788750000003,0
M03,2026-06-12 22:00:00,0,0.021045083333333336,0,0.009565325,0
M04,2026-06-12 22:00:00,0,0.061749049999999986,0,0.015588400000000002,0
M05,2026-06-12 22:00:00,0,0.005605316666666667,0,8.9e-06,0
M06,2026-06-12 22:00:00,0,0.23306065000000004,0,0.22834134999999994,0
M07,2026-06-12 22:00:00,0,0.3417145,0,0.09623503749999998,0
M08,2026-06-12 22:00:00,0,0.004115066666666667,0,0.00031099999999999997,0
M09,2026-06-12 22:00:00,0,0.11627866666666667,0,0.012626037499999998,0
M10,2026-06-12 22:00:00,0,0.6853352666666664,1,0.4374709,0
M11,2026-06-12 22:00:00,0,0.005438333333333334,0,0.00020605,0
M12,2026-06-12 22:00:00,0,0.06337321666666668,0,0.0242458875,0
M13,2026-06-12 22:00:00,1,0.9192932499999997,1,0.8400868375000001,1
M14,2026-06-12 22:00:00,0,0.14059893333333334,0,0.07628968750000002,0
M15,2026-06-12 22:00:00,1,0.8229626333333332,1,0.52570385,1
M16,2026-06-12 22:00:00,0,0.13236006666666664,0,0.0845768,0
M17,2026-06-12 22:00:00,0,0.004013466666666667,0,0.0,0
M18,2026-06-12 22:00:00,1,0.9889346999999999,1,0.989969825,1
M19,2026-06-12 22:00:00,0,0.8339499833333333,1,0.5239595,1
M20,2026-06-12 22:00:00,0,0.17097434999999997,0,0.06643325,0
M21,2026-06-12 22:00:00,0,0.007075166666666666,0,0.0001505125,0
M22,2026-06-12 22:00:00,0,0.18791455000000004,0,0.0369539,0
M23,2026-06-12 22:00:00,1,0.8580937666666666,1,0.7301587250000001,1
M24,2026-06-12 22:00:00,0,0.05237208333333333,0,0.0207519875,0
M25,2026-06-12 22:00:00,0,0.926637833333333,1,0.843112975,1
M01,2026-06-12 23:00:00,0,0.07486261666666666,0,0.0031208375,0
M02,2026-06-12 23:00:00,0,0.17222116666666668,0,0.18345518750000003,0
M03,2026-06-12 23:00:00,0,0.023804566666666672,0,0.0106522875,0
M04,2026-06-12 23:00:00,0,0.08569433333333334,0,0.0107555875,0
M05,2026-06-12 23:00:00,0,0.012135383333333334,0,6.171249999999999e-05,0
M06,2026-06-12 23:00:00,0,0.15287935,0,0.105959375,0
M07,2026-06-12 23:00:00,0,0.3045346166666666,0,0.18787044999999997,0
M08,2026-06-12 23:00:00,0,0.0014203166666666668,0,0.00031099999999999997,0
M09,2026-06-12 23:00:00,0,0.11269886666666667,0,0.00997205,0
M10,2026-06-12 23:00:00,0,0.7299343333333331,1,0.45519616249999995,0
M11,2026-06-12 23:00:00,0,0.005438333333333334,0,0.00020605,0
M12,2026-06-12 23:00:00,0,0.15053054999999999,0,0.0483154875,0
M13,2026-06-12 23:00:00,1,0.9097794999999999,1,0.7997263250000002,1
M14,2026-06-12 23:00:00,0,0.11970111666666666,0,0.06959657500000002,0
M15,2026-06-12 23:00:00,1,0.7942695333333332,1,0.5405062999999999,1
M16,2026-06-12 23:00:00,0,0.11684931666666666,0,0.0454277125,0
M17,2026-06-12 23:00:00,0,0.0,0,0.0,0
M18,2026-06-12 23:00:00,1,0.9512134166666665,1,0.9611287125000001,1
M19,2026-06-12 23:00:00,0,0.8417134333333334,1,0.5379354249999999,1
M20,2026-06-12 23:00:00,0,0.23996618333333333,0,0.08953408749999998,0
M21,2026-06-12 23:00:00,0,0.0059734666666666665,0,2.03e-05,0
M22,2026-06-12 23:00:00,0,0.1065253,0,0.05972586249999999,0
M23,2026-06-12 23:00:00,1,0.8869418333333333,1,0.78875645,1
M24,2026-06-12 23:00:00,0,0.05566065,0,0.0207519875,0
M25,2026-06-12 23:00:00,0,0.9275868666666665,1,0.8616749625000001,1
M01,2026-06-13 00:00:00,0,0.04912093333333334,0,0.0158805,0
M02,2026-06-13 00:00:00,0,0.2490869,0,0.1783783375,0
M03,2026-06-13 00:00:00,0,0.041419333333333336,0,0.0056834125,0
M04,2026-06-13 00:00:00,0,0.04759543333333334,0,0.014585825000000002,0
M05,2026-06-13 00:00:00,0,0.005605316666666667,0,0.0005,0
M06,2026-06-13 00:00:00,0,0.1523367333333333,0,0.1724633125,0
M07,2026-06-13 00:00:00,0,0.29367665,0,0.0969867875,0
M08,2026-06-13 00:00:00,0,0.0072593,0,0.00031099999999999997,0
M09,2026-06-13 00:00:00,0,0.08388370000000003,0,0.010872762499999999,0
M10,2026-06-13 00:00:00,0,0.6822971833333332,1,0.4180509749999999,0
M11,2026-06-13 00:00:00,0,0.0048281,0,0.00020605,0
M12,2026-06-13 00:00:00,0,0.1254115,0,0.0546641625,0
M13,2026-06-13 00:00:00,1,0.9521439166666668,1,0.9127837000000001,1
M14,2026-06-13 00:00:00,0,0.09619649999999999,0,0.0597814375,0
M15,2026-06-13 00:00:00,1,0.7594520333333334,1,0.5216703125,1
M16,2026-06-13 00:00:00,0,0.05729271666666666,0,0.04350985,0
M17,2026-06-13 00:00:00,0,0.0,0,0.0,0
M18,2026-06-13 00:00:00,1,0.9426715166666668,1,0.9619814625,1
M19,2026-06-13 00:00:00,0,0.4979991333333333,0,0.21494746250000002,0
M20,2026-06-13 00:00:00,0,0.2886300833333334,0,0.10257855000000002,0
M21,2026-06-13 00:00:00,0,0.009511733333333333,0,3.0174999999999998e-05,0
M22,2026-06-13 00:00:00,0,0.10503665000000002,0,0.0304959125,0
M23,2026-06-13 00:00:00,1,0.9542033166666664,1,0.9360780250000001,1
M24,2026-06-13 00:00:00,0,0.029994416666666666,0,0.014616275000000001,0
M25,2026-06-13 00:00:00,0,0.8592126,1,0.66121805,1
M01,2026-06-13 01:00:00,0,0.041601416666666675,0,0.0211940875,0
M02,2026-06-13 01:00:00,0,0.04455193333333333,0,0.018227975,0
M03,2026-06-13 01:00:00,0,0.00945585,0,0.0086037875,0
M04,2026-06-13 01:00:00,0,0.11505038333333333,0,0.0477769875,0
M05,2026-06-13 01:00:00,0,0.004995083333333333,0,6.171249999999999e-05,0
M06,2026-06-13 01:00:00,0,0.21710225000000002,0,0.1325746625,0
M07,2026-06-13 01:00:00,0,0.47948868333333333,0,0.2062356125,0
M08,2026-06-13 01:00:00,0,0.0014203166666666668,0,0.00031099999999999997,0
M09,2026-06-13 01:00:00,0,0.10300726666666668,0,0.02804154999999999,0
M10,2026-06-13 01:00:00,0,0.8788008333333334,1,0.6248026124999997,1
M11,2026-06-13 01:00:00,0,0.01829575,0,0.004310687499999999,0
M12,2026-06-13 01:00:00,0,0.0999295,0,0.029188825,0
M13,2026-06-13 01:00:00,1,0.9563282666666664,1,0.8858005125000001,1
M14,2026-06-13 01:00:00,0,0.14936958333333333,0,0.06291650000000001,0
M15,2026-06-13 01:00:00,1,0.8163667500000001,1,0.5771731374999999,1
M16,2026-06-13 01:00:00,0,0.04778248333333334,0,0.0455661125,0
M17,2026-06-13 01:00:00,0,0.027179366666666663,0,0.0,0
M18,2026-06-13 01:00:00,1,0.9444716,1,0.9324942999999999,1
M19,2026-06-13 01:00:00,0,0.4928433999999999,0,0.24166617500000004,0
M20,2026-06-13 01:00:00,0,0.3853136666666667,0,0.0834527375,0
M21,2026-06-13 01:00:00,0,0.019334683333333335,0,3.0174999999999998e-05,0
M22,2026-06-13 01:00:00,0,0.10534935,0,0.0637495625,0
M23,2026-06-13 01:00:00,1,0.8737561166666666,1,0.7316739625000002,1
M24,2026-06-13 01:00:00,0,0.02909065,0,0.0118988875,0
M25,2026-06-13 01:00:00,0,0.8279457166666667,1,0.6199680625000001,1
M01,2026-06-13 02:00:00,0,0.06224203333333334,0,0.0269947625,0
M02,2026-06-13 02:00:00,0,0.11647226666666666,0,0.0165855875,0
M03,2026-06-13 02:00:00,0,0.01923975,0,0.0086160875,0
M04,2026-06-13 02:00:00,0,0.11627234999999998,0,0.0433521125,0
M05,2026-06-13 02:00:00,0,0.004995083333333333,0,0.0005,0
M06,2026-06-13 02:00:00,0,0.2551833,0,0.1926425375,0
M07,2026-06-13 02:00:00,0,0.5874006833333332,1,0.230866625,0
M08,2026-06-13 02:00:00,0,0.00248795,0,0.00031099999999999997,0
M09,2026-06-13 02:00:00,0,0.08736018333333334,0,0.011475875,0
M10,2026-06-13 02:00:00,0,0.8875483499999999,1,0.6298386874999998,1
M11,2026-06-13 02:00:00,0,0.01829575,0,0.004310687499999999,0
M12,2026-06-13 02:00:00,0,0.04210961666666666,0,0.025319525,0
M13,2026-06-13 02:00:00,1,0.91591665,1,0.8656710250000001,1
M14,2026-06-13 02:00:00,0,0.1270643833333333,0,0.06916430000000001,0
M15,2026-06-13 02:00:00,1,0.8989717999999999,1,0.6168662374999999,1
M16,2026-06-13 02:00:00,0,0.08393121666666664,0,0.0331981375,0
M17,2026-06-13 02:00:00,0,0.0,0,0.0,0
M18,2026-06-13 02:00:00,1,0.9389414666666666,1,0.8945438500000004,1
M19,2026-06-13 02:00:00,0,0.5719301166666667,1,0.26376655000000004,0
M20,2026-06-13 02:00:00,0,0.10091259999999999,0,0.024280525,0
M21,2026-06-13 02:00:00,0,0.01436695,0,2.03e-05,0
M22,2026-06-13 02:00:00,0,0.08044075,0,0.0204021,0
M23,2026-06-13 02:00:00,1,0.9611602666666667,1,0.9057110749999999,1
M24,2026-06-13 02:00:00,0,0.04473555,0,0.011945099999999998,0
M25,2026-06-13 02:00:00,0,0.86336635,1,0.6793085999999999,1
M01,2026-06-13 03:00:00,0,0.04032791666666666,0,0.022569225,0
M02,2026-06-13 03:00:00,0,0.028072683333333334,0,0.0070041375,0
M03,2026-06-13 03:00:00,0,0.0239665,0,0.017762425,0
M04,2026-06-13 03:00:00,0,0.11342934999999997,0,0.053708737500000006,0
M05,2026-06-13 03:00:00,0,0.004995083333333333,0,0.0005,0
M06,2026-06-13 03:00:00,0,0.13090138333333332,0,0.103463475,0
M07,2026-06-13 03:00:00,0,0.5000272,1,0.13513025,0
M08,2026-06-13 03:00:00,0,0.00248795,0,0.00031099999999999997,0
M09,2026-06-13 03:00:00,0,0.08752146666666666,0,0.0100412125,0
M10,2026-06-13 03:00:00,0,0.7318886499999999,1,0.5172809499999999,1
M11,2026-06-13 03:00:00,0,0.005193133333333333,0,0.00020605,0
M12,2026-06-13 03:00:00,0,0.05601683333333334,0,0.0318027625,0
M13,2026-06-13 03:00:00,1,0.9507753999999996,1,0.8914345125,1
M14,2026-06-13 03:00:00,0,0.10988338333333332,0,0.06112811250000001,0
M15,2026-06-13 03:00:00,1,0.9424764999999998,1,0.8086088375000001,1
M16,2026-06-13 03:00:00,0,0.05965638333333333,0,0.03780432499999999,0
M17,2026-06-13 03:00:00,0,0.0,0,0.0,0
M18,2026-06-13 03:00:00,0,0.79961965,1,0.6236821499999999,1
M19,2026-06-13 03:00:00,0,0.8216079,1,0.5196694,1
M20,2026-06-13 03:00:00,0,0.14546361666666668,0,0.0324021375,0
M21,2026-06-13 03:00:00,0,0.08410875000000001,0,0.0,0
M22,2026-06-13 03:00:00,0,0.09058723333333334,0,0.0384974375,0
M23,2026-06-13 03:00:00,1,0.8371516499999999,1,0.8263070125,1
M24,2026-06-13 03:00:00,0,0.061678783333333334,0,0.0020539750000000004,0
M25,2026-06-13 03:00:00,0,0.9379494999999998,1,0.8449209,1
M01,2026-06-13 04:00:00,0,0.04005823333333333,0,0.0155187375,0
M02,2026-06-13 04:00:00,0,0.05106365,0,0.013775975000000001,0
M03,2026-06-13 04:00:00,0,0.13055756666666665,0,0.0950191875,0
M04,2026-06-13 04:00:00,0,0.09342681666666666,0,0.015456575000000004,0
M05,2026-06-13 04:00:00,0,0.012977783333333333,0,6.171249999999999e-05,0
M06,2026-06-13 04:00:00,0,0.20429708333333327,0,0.1245058375,0
M07,2026-06-13 04:00:00,0,0.5974393166666668,1,0.18542936250000003,0
M08,2026-06-13 04:00:00,0,0.0065649666666666665,0,0.00031099999999999997,0
M09,2026-06-13 04:00:00,0,0.10702081666666667,0,0.014648387499999999,0
M10,2026-06-13 04:00:00,0,0.6300373333333333,1,0.5011044874999999,1
M11,2026-06-13 04:00:00,0,0.0033924833333333335,0,0.0,0
M12,2026-06-13 04:00:00,0,0.06846025,0,0.033169475000000004,0
M13,2026-06-13 04:00:00,1,0.9376433333333332,1,0.8796435875,1
M14,2026-06-13 04:00:00,0,0.08873681666666665,0,0.051058799999999994,0
M15,2026-06-13 04:00:00,1,0.9020422499999997,1,0.7490193875,1
M16,2026-06-13 04:00:00,0,0.07522896666666666,0,0.06874055000000001,0
M17,2026-06-13 04:00:00,0,0.0,0,0.0,0
M18,2026-06-13 04:00:00,0,0.19600006666666667,0,0.27201571249999995,0
M19,2026-06-13 04:00:00,0,0.7410512333333336,1,0.529122175,1
M20,2026-06-13 04:00:00,0,0.14330836666666666,0,0.0313064875,0
M21,2026-06-13 04:00:00,0,0.008641000000000001,0,2.03e-05,0
M22,2026-06-13 04:00:00,0,0.08771476666666667,0,0.0271064125,0
M23,2026-06-13 04:00:00,1,0.8822181333333334,1,0.7130980874999999,1
M24,2026-06-13 04:00:00,0,0.07161023333333334,0,0.0026242,0
M25,2026-06-13 04:00:00,0,0.8431783000000002,1,0.618033075,1
M01,2026-06-13 05:00:00,0,0.026999799999999997,0,0.0163933375,0
M02,2026-06-13 05:00:00,0,0.2451712000000001,0,0.076159,0
M03,2026-06-13 05:00:00,0,0.04495233333333332,0,0.0038925500000000003,0
M04,2026-06-13 05:00:00,0,0.043864383333333326,0,0.022499662500000003,0
M05,2026-06-13 05:00:00,0,0.02832585,0,0.0013755875000000001,0
M06,2026-06-13 05:00:00,0,0.1925992166666667,0,0.1167998125,0
M07,2026-06-13 05:00:00,0,0.5757509833333335,1,0.205446075,0
M08,2026-06-13 05:00:00,0,0.004957466666666666,0,0.00031099999999999997,0
M09,2026-06-13 05:00:00,0,0.08141060000000001,0,0.006928525,0
M10,2026-06-13 05:00:00,0,0.6054705166666667,1,0.5357012250000001,1
M11,2026-06-13 05:00:00,0,0.033325233333333336,0,0.002282825,0
M12,2026-06-13 05:00:00,0,0.07467493333333333,0,0.050742474999999995,0
M13,2026-06-13 05:00:00,1,0.8671577666666669,1,0.8411708625,1
M14,2026-06-13 05:00:00,0,0.0846415,0,0.053957925000000004,0
M15,2026-06-13 05:00:00,1,0.7771003000000001,1,0.5458343750000001,1
M16,2026-06-13 05:00:00,0,0.09701546666666666,0,0.06593293750000001,0
M17,2026-06-13 05:00:00,0,0.022149666666666668,0,0.0,0
M18,2026-06-13 05:00:00,0,0.2571999333333333,0,0.2844489874999999,0
M19,2026-06-13 05:00:00,0,0.6338760833333332,1,0.36369599999999996,0
M20,2026-06-13 05:00:00,0,0.14343961666666666,0,0.0343403625,0
M21,2026-06-13 05:00:00,0,0.03340783333333333,0,0.020155825000000002,0
M22,2026-06-13 05:00:00,0,0.2889599,0,0.1339619375,0
M23,2026-06-13 05:00:00,1,0.9012283500000001,1,0.717899825,1
M24,2026-06-13 05:00:00,0,0.0747934,0,0.009837424999999997,0
M25,2026-06-13 05:00:00,0,0.9179268999999998,1,0.8389253375000001,1
M01,2026-06-13 06:00:00,0,0.03796856666666667,0,0.0209874875,0
M02,2026-06-13 06:00:00,0,0.22477920000000007,0,0.057322149999999995,0
M03,2026-06-13 06:00:00,0,0.018506433333333336,0,0.00080395,0
M04,2026-06-13 06:00:00,0,0.08194023333333332,0,0.023881412499999997,0
M05,2026-06-13 06:00:00,0,0.02832585,0,0.0013755875000000001,0
M06,2026-06-13 06:00:00,0,0.15061406666666663,0,0.10813587499999999,0
M07,2026-06-13 06:00:00,0,0.63340185,1,0.18318487500000002,0
M08,2026-06-13 06:00:00,0,0.005098849999999999,0,0.00031099999999999997,0
M09,2026-06-13 06:00:00,0,0.12388731666666666,0,0.030842049999999992,0
M10,2026-06-13 06:00:00,0,0.7121512833333333,1,0.5353295625000001,1
M11,2026-06-13 06:00:00,0,0.017915416666666666,0,0.0013755875000000001,0
M12,2026-06-13 06:00:00,0,0.14282595000000003,0,0.049107874999999995,0
M13,2026-06-13 06:00:00,1,0.7957949000000002,1,0.5044069875,1
M14,2026-06-13 06:00:00,0,0.09935621666666665,0,0.0630671125,0
M15,2026-06-13 06:00:00,1,0.8992970166666665,1,0.6318554499999998,1
M16,2026-06-13 06:00:00,0,0.09133388333333332,0,0.0482980625,0
M17,2026-06-13 06:00:00,0,0.013259183333333336,0,0.00020605,0
M18,2026-06-13 06:00:00,0,0.15747150000000004,0,0.110393725,0
M19,2026-06-13 06:00:00,0,0.6373023333333333,1,0.381768875,0
M20,2026-06-13 06:00:00,0,0.166071,0,0.037642712499999995,0
M21,2026-06-13 06:00:00,0,0.06163814999999999,0,0.04190025,0
M22,2026-06-13 06:00:00,0,0.1427684,0,0.05148509999999999,0
M23,2026-06-13 06:00:00,1,0.9438603999999999,1,0.7869262250000001,1
M24,2026-06-13 06:00:00,0,0.1021694,0,0.0123084625,0
M25,2026-06-13 06:00:00,0,0.7245476666666666,1,0.6752782125000001,1
M01,2026-06-13 07:00:00,0,0.04741113333333333,0,0.0227303625,0
M02,2026-06-13 07:00:00,0,0.09451208333333334,0,0.055802975,0
M03,2026-06-13 07:00:00,0,0.06192971666666667,0,0.016122150000000002,0
M04,2026-06-13 07:00:00,0,0.11587121666666665,0,0.021835724999999997,0
M05,2026-06-13 07:00:00,0,0.004614750000000001,0,0.0005,0
M06,2026-06-13 07:00:00,0,0.15070428333333333,0,0.1253357125,0
M07,2026-06-13 07:00:00,0,0.4249504833333334,0,0.12887721250000003,0
M08,2026-06-13 07:00:00,0,0.0043403,0,0.0003572125,0
M09,2026-06-13 07:00:00,0,0.13743366666666665,0,0.023624275000000004,0
M10,2026-06-13 07:00:00,0,0.7420338999999999,1,0.5870816874999999,1
M11,2026-06-13 07:00:00,0,0.00302745,0,0.0,0
M12,2026-06-13 07:00:00,0,0.11420980000000001,0,0.045432112499999996,0
M13,2026-06-13 07:00:00,0,0.46343083333333346,0,0.4014360874999999,0
M14,2026-06-13 07:00:00,0,0.06700069999999998,0,0.05580043749999999,0
M15,2026-06-13 07:00:00,1,0.7506204333333334,1,0.4715991999999999,0
M16,2026-06-13 07:00:00,0,0.16345706666666668,0,0.12593749999999998,0
M17,2026-06-13 07:00:00,0,0.0014203166666666668,0,0.00020605,0
M18,2026-06-13 07:00:00,0,0.10153714999999999,0,0.043069825,0
M19,2026-06-13 07:00:00,0,0.6373023333333333,1,0.39753435,0
M20,2026-06-13 07:00:00,0,0.14794803333333334,0,0.029124149999999998,0
M21,2026-06-13 07:00:00,0,0.06804046666666666,0,0.08212778749999998,0
M22,2026-06-13 07:00:00,0,0.14526401666666663,0,0.0282159875,0
M23,2026-06-13 07:00:00,1,0.9010488666666668,1,0.727885125,1
M24,2026-06-13 07:00:00,0,0.0941732,0,0.0157359625,0
M25,2026-06-13 07:00:00,0,0.8217754666666667,1,0.6947609250000003,1
M01,2026-06-13 08:00:00,0,0.057044333333333336,0,0.025184449999999997,0
M02,2026-06-13 08:00:00,0,0.022057366666666668,0,0.0026819500000000002,0
M03,2026-06-13 08:00:00,0,0.048101099999999994,0,0.0284793375,0
M04,2026-06-13 08:00:00,0,0.06921306666666666,0,0.033743037499999996,0
M05,2026-06-13 08:00:00,0,0.006675466666666667,0,0.000903225,0
M06,2026-06-13 08:00:00,0,0.1875541333333333,0,0.12581053749999999,0
M07,2026-06-13 08:00:00,0,0.34914186666666663,0,0.13746742500000003,0
M08,2026-06-13 08:00:00,0,0.0043403,0,0.00031099999999999997,0
M09,2026-06-13 08:00:00,0,0.10057273333333332,0,0.021713950000000003,0
M10,2026-06-13 08:00:00,0,0.8387602833333335,1,0.5529124750000001,1
M11,2026-06-13 08:00:00,0,0.00302745,0,0.0,0
M12,2026-06-13 08:00:00,0,0.061072,0,0.030742775000000007,0
M13,2026-06-13 08:00:00,0,0.16371845000000002,0,0.2392422,0
M14,2026-06-13 08:00:00,0,0.09517814999999999,0,0.0391411625,0
M15,2026-06-13 08:00:00,1,0.6938086499999999,1,0.38395447499999996,0
M16,2026-06-13 08:00:00,0,0.12621665,0,0.06479353750000001,0
M17,2026-06-13 08:00:00,0,0.0014203166666666668,0,0.00020605,0
M18,2026-06-13 08:00:00,0,0.030733533333333337,0,0.0046853125,0
M19,2026-06-13 08:00:00,0,0.6218487833333334,1,0.35127882499999996,0
M20,2026-06-13 08:00:00,0,0.1367021,0,0.041670087499999994,0
M21,2026-06-13 08:00:00,0,0.04086371666666667,0,0.040210275000000004,0
M22,2026-06-13 08:00:00,0,0.18370453333333334,0,0.045122287500000004,0
M23,2026-06-13 08:00:00,1,0.7661190166666665,1,0.74799795,1
M24,2026-06-13 08:00:00,0,0.07924578333333333,0,0.0092148375,0
M25,2026-06-13 08:00:00,0,0.8396854999999999,1,0.7180646875000002,1
M01,2026-06-13 09:00:00,0,0.06916126666666665,0,0.025963949999999996,0
M02,2026-06-13 09:00:00,0,0.022057366666666668,0,0.0026819500000000002,0
M03,2026-06-13 09:00:00,0,0.04871133333333333,0,0.02657875,0
M04,2026-06-13 09:00:00,0,0.06493098333333332,0,0.03125365000000001,0
M05,2026-06-13 09:00:00,0,0.040918800000000005,0,0.002951525,0
M06,2026-06-13 09:00:00,0,0.19956078333333332,0,0.1348026125,0
M07,2026-06-13 09:00:00,0,0.5270514,1,0.29651530000000004,0
M08,2026-06-13 09:00:00,0,0.0043403,0,0.00031099999999999997,0
M09,2026-06-13 09:00:00,0,0.10555819999999999,0,0.009183312499999999,0
M10,2026-06-13 09:00:00,0,0.8108752166666668,1,0.5424199625,1
M11,2026-06-13 09:00:00,0,0.00302745,0,0.0,0
M12,2026-06-13 09:00:00,0,0.08517996666666666,0,0.030113700000000004,0
M13,2026-06-13 09:00:00,0,0.09555636666666666,0,0.13595811249999998,0
M14,2026-06-13 09:00:00,0,0.09964594999999998,0,0.06099140000000001,0
M15,2026-06-13 09:00:00,1,0.6813863333333334,1,0.38776369999999993,0
M16,2026-06-13 09:00:00,0,0.14467631666666664,0,0.0686105125,0
M17,2026-06-13 09:00:00,0,0.0014203166666666668,0,0.00020605,0
M18,2026-06-13 09:00:00,0,0.006509200000000001,0,0.0046853125,0
M19,2026-06-13 09:00:00,0,0.6126837166666665,1,0.33416998750000004,0
M20,2026-06-13 09:00:00,0,0.30532576666666666,0,0.11033965000000001,0
M21,2026-06-13 09:00:00,0,0.049086116666666665,0,0.0225037,0
M22,2026-06-13 09:00:00,0,0.17991821666666669,0,0.0472275625,0
M23,2026-06-13 09:00:00,1,0.9468628999999998,1,0.8750667625,1
M24,2026-06-13 09:00:00,0,0.08161104999999999,0,0.0050965875,0
M25,2026-06-13 09:00:00,0,0.8510825499999998,1,0.7198841000000001,1
M01,2026-06-13 10:00:00,0,0.05225815,0,0.03610329999999999,0
M02,2026-06-13 10:00:00,0,0.18267683333333334,0,0.04322061249999999,0
M03,2026-06-13 10:00:00,0,0.05292013333333334,0,0.022055812499999997,0
M04,2026-06-13 10:00:00,0,0.05404355,0,0.016685562499999997,0
M05,2026-06-13 10:00:00,0,0.0313119,0,0.0009723625,0
M06,2026-06-13 10:00:00,0,0.2146286833333333,0,0.19068512499999996,0
M07,2026-06-13 10:00:00,0,0.17402956666666666,0,0.10502824999999998,0
M08,2026-06-13 10:00:00,0,0.0043403,0,0.00031099999999999997,0
M09,2026-06-13 10:00:00,0,0.11350183333333333,0,0.0122281875,0
M10,2026-06-13 10:00:00,0,0.7802766333333334,1,0.4934115,0
M11,2026-06-13 10:00:00,0,0.00302745,0,0.0,0
M12,2026-06-13 10:00:00,0,0.07605013333333334,0,0.020524300000000002,0
M13,2026-06-13 10:00:00,0,0.07701261666666666,0,0.019503187499999998,0
M14,2026-06-13 10:00:00,0,0.2446639,0,0.19079742499999996,0
M15,2026-06-13 10:00:00,1,0.8687231499999998,1,0.5589355999999999,1
M16,2026-06-13 10:00:00,0,0.2249044666666667,0,0.06258107500000001,0
M17,2026-06-13 10:00:00,0,0.0014203166666666668,0,0.00020605,0
M18,2026-06-13 10:00:00,0,0.006509200000000001,0,0.0046853125,0
M19,2026-06-13 10:00:00,0,0.6094765166666666,1,0.35230412499999997,0
M20,2026-06-13 10:00:00,0,0.09301006666666665,0,0.0334740125,0
M21,2026-06-13 10:00:00,0,0.04573311666666666,0,0.020813725,0
M22,2026-06-13 10:00:00,0,0.17861001666666665,0,0.030730037499999995,0
M23,2026-06-13 10:00:00,1,0.9041399666666667,1,0.8007727375000002,1
M24,2026-06-13 10:00:00,0,0.08909554999999998,0,0.014355112500000003,0
M25,2026-06-13 10:00:00,0,0.8462964833333332,1,0.6900230625000002,1
M01,2026-06-13 11:00:00,0,0.04084639999999999,0,0.017444775000000003,0
M02,2026-06-13 11:00:00,0,0.16860363333333336,0,0.0874563625,0
M03,2026-06-13 11:00:00,0,0.0604887,0,0.022546912500000002,0
M04,2026-06-13 11:00:00,0,0.06701789999999999,0,0.028528562500000004,0
M05,2026-06-13 11:00:00,0,0.006616083333333333,0,6.171249999999999e-05,0
M06,2026-06-13 11:00:00,0,0.18229231666666665,0,0.19027675,0
M07,2026-06-13 11:00:00,0,0.39636948333333333,0,0.17968870000000003,0
M08,2026-06-13 11:00:00,0,0.00164555,0,0.00031099999999999997,0
M09,2026-06-13 11:00:00,0,0.1414214,0,0.0196605875,0
M10,2026-06-13 11:00:00,0,0.5648755333333334,1,0.3843920624999999,0
M11,2026-06-13 11:00:00,0,0.04396141666666667,0,0.0009723625,0
M12,2026-06-13 11:00:00,0,0.04036263333333333,0,0.0160799125,0
M13,2026-06-13 11:00:00,0,0.024795766666666667,0,0.0061721,0
M14,2026-06-13 11:00:00,0,0.09558826666666666,0,0.058598800000000006,0
M15,2026-06-13 11:00:00,1,0.8536601833333329,1,0.5557343749999999,1
M16,2026-06-13 11:00:00,0,0.1638802333333333,0,0.046868812499999996,0
M17,2026-06-13 11:00:00,0,0.0014203166666666668,0,0.00020605,0
M18,2026-06-13 11:00:00,0,0.013985216666666666,0,0.0074195625,0
M19,2026-06-13 11:00:00,0,0.5683880833333333,1,0.23168518749999997,0
M20,2026-06-13 11:00:00,0,0.16293366666666667,0,0.034831724999999994,0
M21,2026-06-13 11:00:00,0,0.12128871666666667,0,0.07988488749999997,0
M22,2026-06-13 11:00:00,0,0.21947930000000002,0,0.079834325,0
M23,2026-06-13 11:00:00,1,0.7563355999999999,1,0.7495363375000001,1
M24,2026-06-13 11:00:00,0,0.09117526666666667,0,0.018569875,0
M25,2026-06-13 11:00:00,0,0.7146868166666667,1,0.7248577875000001,1
M01,2026-06-13 12:00:00,0,0.0569107,0,0.026397262499999997,0
M02,2026-06-13 12:00:00,0,0.04145648333333333,0,0.00397505,0
M03,2026-06-13 12:00:00,0,0.09585828333333334,0,0.00783875,0
M04,2026-06-13 12:00:00,0,0.08887804999999999,0,0.033888975,0
M05,2026-06-13 12:00:00,0,0.004995083333333333,0,6.171249999999999e-05,0
M06,2026-06-13 12:00:00,0,0.22872266666666663,0,0.22015918749999996,0
M07,2026-06-13 12:00:00,0,0.3799330666666666,0,0.1406413,0
M08,2026-06-13 12:00:00,0,0.0043403,0,0.00031099999999999997,0
M09,2026-06-13 12:00:00,0,0.11993026666666666,0,0.0122635625,0
M10,2026-06-13 12:00:00,0,0.5793320666666666,1,0.41407121249999984,0
M11,2026-06-13 12:00:00,0,0.013979483333333336,0,0.0003712125,0
M12,2026-06-13 12:00:00,0,0.05035281666666667,0,0.0219326,0
M13,2026-06-13 12:00:00,0,0.08829136666666668,0,0.04164121250000001,0
M14,2026-06-13 12:00:00,0,0.23419249999999997,0,0.16814272499999997,0
M15,2026-06-13 12:00:00,1,0.7280035499999999,1,0.4413874000000001,0
M16,2026-06-13 12:00:00,0,0.09683259999999999,0,0.06605522500000001,0
M17,2026-06-13 12:00:00,0,0.005967716666666666,0,0.00020605,0
M18,2026-06-13 12:00:00,0,0.006509200000000001,0,0.0046853125,0
M19,2026-06-13 12:00:00,0,0.5646065333333332,1,0.24257628750000002,0
M20,2026-06-13 12:00:00,0,0.10375828333333331,0,0.027429674999999997,0
M21,2026-06-13 12:00:00,0,0.0461863,0,0.040290400000000004,0
M22,2026-06-13 12:00:00,0,0.2054105833333333,0,0.07542086249999999,0
M23,2026-06-13 12:00:00,1,0.9573398999999997,1,0.9585082000000001,1
M24,2026-06-13 12:00:00,0,0.05446505,0,0.012421887500000001,0
M25,2026-06-13 12:00:00,0,0.9052290999999997,1,0.8759623125000001,1
M01,2026-06-13 13:00:00,0,0.13408861666666666,0,0.0299967125,0
M02,2026-06-13 13:00:00,0,0.029867249999999998,0,0.00397505,0
M03,2026-06-13 13:00:00,0,0.02582375,0,0.0037561250000000003,0
M04,2026-06-13 13:00:00,0,0.1315238,0,0.0413393,0
M05,2026-06-13 13:00:00,0,0.0313119,0,0.0009723625,0
M06,2026-06-13 13:00:00,0,0.32784670000000005,0,0.2545494625,0
M07,2026-06-13 13:00:00,0,0.5680298333333333,1,0.19912845,0
M08,2026-06-13 13:00:00,0,0.0447568,0,0.0066609500000000006,0
M09,2026-06-13 13:00:00,0,0.12880661666666665,0,0.009881537499999999,0
M10,2026-06-13 13:00:00,0,0.6628884166666666,1,0.4810040625000001,0
M11,2026-06-13 13:00:00,0,0.010942783333333334,0,0.0003712125,0
M12,2026-06-13 13:00:00,0,0.06182285,0,0.026990412499999998,0
M13,2026-06-13 13:00:00,0,0.0,0,0.0021343624999999996,0
M14,2026-06-13 13:00:00,0,0.10544134999999999,0,0.07109577500000001,0
M15,2026-06-13 13:00:00,1,0.8310763999999999,1,0.8383255375,1
M16,2026-06-13 13:00:00,0,0.12495715,0,0.09202893749999998,0
M17,2026-06-13 13:00:00,0,0.0014203166666666668,0,0.00020605,0
M18,2026-06-13 13:00:00,0,0.014319083333333335,0,0.0046853125,0
M19,2026-06-13 13:00:00,0,0.4038983333333333,0,0.16533848750000002,0
M20,2026-06-13 13:00:00,0,0.10837809999999998,0,0.021532512499999996,0
M21,2026-06-13 13:00:00,0,0.09730213333333333,0,0.05078996250000001,0
M22,2026-06-13 13:00:00,0,0.24922906666666667,0,0.045146374999999996,0
M23,2026-06-13 13:00:00,1,0.8925689333333333,1,0.8084526750000001,1
M24,2026-06-13 13:00:00,0,0.07139226666666668,0,0.0162492375,0
M25,2026-06-13 13:00:00,0,0.9181024166666664,1,0.8672711625000001,1
M01,2026-06-13 14:00:00,0,0.048939583333333335,0,0.04077580000000001,0
M02,2026-06-13 14:00:00,0,0.025093416666666667,0,0.00397505,0
M03,2026-06-13 14:00:00,0,0.020218366666666668,0,0.00232305,0
M04,2026-06-13 14:00:00,0,0.06747433333333334,0,0.05226913749999999,0
M05,2026-06-13 14:00:00,0,0.004995083333333333,0,8.9e-06,0
M06,2026-06-13 14:00:00,0,0.3449763,0,0.20794248749999994,0
M07,2026-06-13 14:00:00,0,0.6975508666666668,1,0.2922673874999999,0
M08,2026-06-13 14:00:00,0,0.010018266666666666,0,0.00031099999999999997,0
M09,2026-06-13 14:00:00,0,0.11595059999999999,0,0.01801235,0
M10,2026-06-13 14:00:00,0,0.7942604333333334,1,0.55550645,1
M11,2026-06-13 14:00:00,0,0.00302745,0,0.000144625,0
M12,2026-06-13 14:00:00,0,0.05797250000000001,0,0.0286352125,0
M13,2026-06-13 14:00:00,0,0.022606533333333335,0,0.0041828625000000005,0
M14,2026-06-13 14:00:00,0,0.09846413333333333,0,0.054449987499999984,0
M15,2026-06-13 14:00:00,1,0.9287456666666666,1,0.8140532499999997,1
M16,2026-06-13 14:00:00,0,0.06106104999999999,0,0.037032724999999996,0
M17,2026-06-13 14:00:00,0,0.014025200000000003,0,0.000857375,0
M18,2026-06-13 14:00:00,0,0.006509200000000001,0,0.0046853125,0
M19,2026-06-13 14:00:00,0,0.39812321666666667,0,0.20524603750000003,0
M20,2026-06-13 14:00:00,0,0.17280271666666663,0,0.0418027125,0
M21,2026-06-13 14:00:00,0,0.05701975,0,0.043225625000000004,0
M22,2026-06-13 14:00:00,0,0.12442193333333335,0,0.018934600000000003,0
M23,2026-06-13 14:00:00,1,0.8607275666666667,1,0.7148642625000001,1
M24,2026-06-13 14:00:00,0,0.06243698333333334,0,0.014938087499999999,0
M25,2026-06-13 14:00:00,0,0.9144854333333331,1,0.8402897000000001,1
M01,2026-06-13 15:00:00,0,0.04299323333333332,0,0.0219237625,0
M02,2026-06-13 15:00:00,0,0.022667600000000003,0,0.00397505,0
M03,2026-06-13 15:00:00,0,0.020315983333333336,0,0.00080395,0
M04,2026-06-13 15:00:00,0,0.15157020000000004,0,0.055886237500000005,0
M05,2026-06-13 15:00:00,0,0.004995083333333333,0,8.9e-06,0
M06,2026-06-13 15:00:00,0,0.1355969333333333,0,0.135322125,0
M07,2026-06-13 15:00:00,0,0.6012025500000001,1,0.212178425,0
M08,2026-06-13 15:00:00,0,0.010018266666666666,0,0.00031099999999999997,0
M09,2026-06-13 15:00:00,0,0.08005988333333332,0,0.018076650000000003,0
M10,2026-06-13 15:00:00,0,0.8666849666666667,1,0.69754845,1
M11,2026-06-13 15:00:00,0,0.00302745,0,0.000144625,0
M12,2026-06-13 15:00:00,0,0.04047563333333333,0,0.0280056125,0
M13,2026-06-13 15:00:00,0,0.038819233333333335,0,0.018535812500000002,0
M14,2026-06-13 15:00:00,0,0.10243266666666666,0,0.062009225000000015,0
M15,2026-06-13 15:00:00,1,0.9022631666666665,1,0.7184375124999998,1
M16,2026-06-13 15:00:00,0,0.09430786666666667,0,0.0509343375,0
M17,2026-06-13 15:00:00,0,0.0014203166666666668,0,0.00020605,0
M18,2026-06-13 15:00:00,0,0.013985216666666666,0,0.0074195625,0
M19,2026-06-13 15:00:00,0,0.7337465666666667,1,0.4564824250000002,0
M20,2026-06-13 15:00:00,0,0.12136046666666664,0,0.0219471625,0
M21,2026-06-13 15:00:00,0,0.13778664999999998,0,0.08209621249999999,0
M22,2026-06-13 15:00:00,0,0.14408348333333337,0,0.0354182,0
M23,2026-06-13 15:00:00,1,0.7922507333333334,1,0.5455870999999999,1
M24,2026-06-13 15:00:00,0,0.06260455000000001,0,0.0122666375,0
M25,2026-06-13 15:00:00,0,0.8545093500000001,1,0.7468202625000002,1
M01,2026-06-13 16:00:00,0,0.049769749999999995,0,0.021803962500000003,0
M02,2026-06-13 16:00:00,0,0.06982218333333333,0,0.0335257875,0
M03,2026-06-13 16:00:00,0,0.027633300000000003,0,0.0019289250000000002,0
M04,2026-06-13 16:00:00,0,0.19422388333333335,0,0.07449611250000002,0
M05,2026-06-13 16:00:00,0,0.008296466666666667,0,0.00046344999999999996,0
M06,2026-06-13 16:00:00,0,0.13284701666666665,0,0.06343570000000001,0
M07,2026-06-13 16:00:00,0,0.5540959500000001,1,0.24151221250000005,0
M08,2026-06-13 16:00:00,0,0.00164555,0,0.017450825,0
M09,2026-06-13 16:00:00,0,0.0944449,0,0.011985625,0
M10,2026-06-13 16:00:00,0,0.8796018833333333,1,0.8146873249999999,1
M11,2026-06-13 16:00:00,0,0.00302745,0,0.000144625,0
M12,2026-06-13 16:00:00,0,0.0911058,0,0.042074637500000005,0
M13,2026-06-13 16:00:00,0,0.004731183333333333,0,0.0044847875,0
M14,2026-06-13 16:00:00,0,0.12946921666666666,0,0.07250903750000001,0
M15,2026-06-13 16:00:00,1,0.7333743499999998,1,0.528399225,1
M16,2026-06-13 16:00:00,0,0.09069903333333333,0,0.05275383749999999,0
M17,2026-06-13 16:00:00,0,0.0014203166666666668,0,0.00020605,0
M18,2026-06-13 16:00:00,0,0.023430500000000003,0,0.0046853125,0
M19,2026-06-13 16:00:00,0,0.8180528166666665,1,0.5125278750000001,1
M20,2026-06-13 16:00:00,0,0.3582886833333333,0,0.10043985000000002,0
M21,2026-06-13 16:00:00,0,0.05249495,0,0.041321800000000006,0
M22,2026-06-13 16:00:00,0,0.14183395000000004,0,0.04078112499999999,0
M23,2026-06-13 16:00:00,0,0.6820959666666667,1,0.38125602499999994,0
M24,2026-06-13 16:00:00,0,0.05854516666666667,0,0.015137812500000004,0
M25,2026-06-13 16:00:00,0,0.7120355499999999,1,0.6849712125000001,1
M01,2026-06-13 17:00:00,0,0.05065701666666667,0,0.027905749999999997,0
M02,2026-06-13 17:00:00,0,0.04432613333333333,0,0.00397505,0
M03,2026-06-13 17:00:00,0,0.04753021666666668,0,0.00080395,0
M04,2026-06-13 17:00:00,0,0.21760793333333336,0,0.08161073749999999,0
M05,2026-06-13 17:00:00,0,0.02870618333333334,0,0.0009723625,0
M06,2026-06-13 17:00:00,0,0.1571137833333333,0,0.09439411249999999,0
M07,2026-06-13 17:00:00,0,0.6772738333333334,1,0.398546,0
M08,2026-06-13 17:00:00,0,0.005098849999999999,0,0.003260125,0
M09,2026-06-13 17:00:00,0,0.13223890000000002,0,0.017838650000000005,0
M10,2026-06-13 17:00:00,0,0.8718064833333334,1,0.759001475,1
M11,2026-06-13 17:00:00,0,0.007888566666666668,0,0.0,0
M12,2026-06-13 17:00:00,0,0.10584348333333331,0,0.04421851250000001,0
M13,2026-06-13 17:00:00,0,0.004731183333333333,0,0.0044847875,0
M14,2026-06-13 17:00:00,0,0.1314963833333333,0,0.0595011625,0
M15,2026-06-13 17:00:00,1,0.8711836666666666,1,0.5604755749999999,1
M16,2026-06-13 17:00:00,0,0.08360306666666667,0,0.040063224999999994,0
M17,2026-06-13 17:00:00,0,0.0014203166666666668,0,0.00020605,0
M18,2026-06-13 17:00:00,0,0.013985216666666666,0,0.0074195625,0
M19,2026-06-13 17:00:00,0,0.64420745,1,0.360041175,0
M20,2026-06-13 17:00:00,0,0.12279349999999997,0,0.030690312499999994,0
M21,2026-06-13 17:00:00,0,0.06491535,0,0.022569575,0
M22,2026-06-13 17:00:00,0,0.1525037666666667,0,0.039909524999999994,0
M23,2026-06-13 17:00:00,0,0.17562198333333337,0,0.22140571250000002,0
M24,2026-06-13 17:00:00,0,0.05974613333333334,0,0.01713955,0
M25,2026-06-13 17:00:00,0,0.9179268999999998,1,0.8689753500000001,1
M01,2026-06-13 18:00:00,0,0.03659478333333333,0,0.017341,0
M02,2026-06-13 18:00:00,0,0.0187894,0,0.021509375,0
M03,2026-06-13 18:00:00,0,0.10950394999999997,0,0.0035295625000000006,0
M04,2026-06-13 18:00:00,0,0.15152428333333337,0,0.05840932499999999,0
M05,2026-06-13 18:00:00,0,0.004995083333333333,0,6.171249999999999e-05,0
M06,2026-06-13 18:00:00,0,0.2608762333333333,0,0.19125413749999992,0
M07,2026-06-13 18:00:00,0,0.7366262333333334,1,0.42658304999999996,0
M08,2026-06-13 18:00:00,0,0.005098849999999999,0,0.00031099999999999997,0
M09,2026-06-13 18:00:00,0,0.09496579999999999,0,0.016150200000000003,0
M10,2026-06-13 18:00:00,0,0.8940589666666667,1,0.8129286499999999,1
M11,2026-06-13 18:00:00,0,0.041567816666666674,0,0.006697575,0
M12,2026-06-13 18:00:00,0,0.14293705,0,0.0516661625,0
M13,2026-06-13 18:00:00,0,0.0,0,0.00352325,0
M14,2026-06-13 18:00:00,0,0.08743015,0,0.05619046250000002,0
M15,2026-06-13 18:00:00,1,0.8201903666666666,1,0.5366577749999999,1
M16,2026-06-13 18:00:00,0,0.11748655,0,0.047621975,0
M17,2026-06-13 18:00:00,0,0.0014203166666666668,0,0.00020605,0
M18,2026-06-13 18:00:00,0,0.006509200000000001,0,0.0046853125,0
M19,2026-06-13 18:00:00,0,0.5553252999999999,1,0.22326321250000003,0
M20,2026-06-13 18:00:00,0,0.15384215,0,0.0253016375,0
M21,2026-06-13 18:00:00,0,0.06695418333333332,0,0.04196612500000001,0
M22,2026-06-13 18:00:00,0,0.15453258333333333,0,0.07233665,0
M23,2026-06-13 18:00:00,0,0.12438588333333334,0,0.14734035,0
M24,2026-06-13 18:00:00,0,0.0681728,0,0.016825012500000004,0
M25,2026-06-13 18:00:00,0,0.8525238666666667,1,0.7235930625,1
M01,2026-06-13 19:00:00,0,0.08867831666666666,0,0.014916849999999999,0
M02,2026-06-13 19:00:00,0,0.06358944999999999,0,0.10368142500000002,0
M03,2026-06-13 19:00:00,0,0.06469174999999999,0,0.0108579625,0
M04,2026-06-13 19:00:00,0,0.12746783333333334,0,0.028358125,0
M05,2026-06-13 19:00:00,0,0.007414866666666666,0,6.171249999999999e-05,0
M06,2026-06-13 19:00:00,0,0.18955996666666666,0,0.18844439999999998,0
M07,2026-06-13 19:00:00,0,0.6418937333333335,1,0.22098463750000003,0
M08,2026-06-13 19:00:00,0,0.004115066666666667,0,0.00020605,0
M09,2026-06-13 19:00:00,0,0.12699988333333334,0,0.022198075,0
M10,2026-06-13 19:00:00,0,0.8929025166666666,1,0.8244136125000001,1
M11,2026-06-13 19:00:00,0,0.005803366666666667,0,0.00020605,0
M12,2026-06-13 19:00:00,0,0.0685263,0,0.024856424999999994,0
M13,2026-06-13 19:00:00,0,0.0074906666666666654,0,0.00557175,0
M14,2026-06-13 19:00:00,0,0.22453978333333333,0,0.08288325,0
M15,2026-06-13 19:00:00,1,0.6031230833333334,1,0.3058369625,0
M16,2026-06-13 19:00:00,0,0.12392314999999998,0,0.08671354999999999,0
M17,2026-06-13 19:00:00,0,0.0014203166666666668,0,0.00020605,0
M18,2026-06-13 19:00:00,0,0.006509200000000001,0,0.0046853125,0
M19,2026-06-13 19:00:00,0,0.5895702333333335,1,0.2971412,0
M20,2026-06-13 19:00:00,0,0.12317316666666665,0,0.032315625,0
M21,2026-06-13 19:00:00,0,0.05387189999999999,0,0.0228732125,0
M22,2026-06-13 19:00:00,0,0.18023185,0,0.07974768749999998,0
M23,2026-06-13 19:00:00,0,0.10158048333333335,0,0.027463675,0
M24,2026-06-13 19:00:00,0,0.07679391666666668,0,0.0167033,0
M25,2026-06-13 19:00:00,0,0.9156016166666666,1,0.8395095750000001,1
M01,2026-06-13 20:00:00,0,0.03534904999999999,0,0.0201777125,0
M02,2026-06-13 20:00:00,0,0.15014996666666666,0,0.14860748750000002,0
M03,2026-06-13 20:00:00,0,0.10110921666666667,0,0.00811785,0
M04,2026-06-13 20:00:00,0,0.11385865,0,0.0309897,0
M05,2026-06-13 20:00:00,0,0.004995083333333333,0,6.171249999999999e-05,0
M06,2026-06-13 20:00:00,0,0.4092286333333332,0,0.3010019375,0
M07,2026-06-13 20:00:00,0,0.6373985500000001,1,0.20997161249999996,0
M08,2026-06-13 20:00:00,0,0.0014203166666666668,0,0.00020605,0
M09,2026-06-13 20:00:00,0,0.13632111666666666,0,0.030285699999999992,0
M10,2026-06-13 20:00:00,0,0.8769461666666667,1,0.7860649000000001,1
M11,2026-06-13 20:00:00,0,0.020462150000000002,0,0.007421587499999998,0
M12,2026-06-13 20:00:00,0,0.10635423333333334,0,0.027665325,0
M13,2026-06-13 20:00:00,0,0.0026168833333333336,0,0.014518824999999999,0
M14,2026-06-13 20:00:00,0,0.2720650833333333,0,0.08082210000000004,0
M15,2026-06-13 20:00:00,1,0.46703936666666673,0,0.272298875,0
M16,2026-06-13 20:00:00,0,0.10192065,0,0.03494603749999999,0
M17,2026-06-13 20:00:00,0,0.0014203166666666668,0,0.00020605,0
M18,2026-06-13 20:00:00,0,0.013985216666666666,0,0.0068760875,0
M19,2026-06-13 20:00:00,0,0.5503555,1,0.3221957750000001,0
M20,2026-06-13 20:00:00,0,0.22764865,0,0.0984625875,0
M21,2026-06-13 20:00:00,0,0.04963825,0,0.04124235,0
M22,2026-06-13 20:00:00,0,0.19132369999999999,0,0.030119674999999995,0
M23,2026-06-13 20:00:00,0,0.03435255,0,0.0033407375000000005,0
M24,2026-06-13 20:00:00,0,0.09425213333333333,0,0.0083065625,0
M25,2026-06-13 20:00:00,0,0.905522383333333,1,0.8905838875000003,1
M01,2026-06-13 21:00:00,0,0.044058066666666666,0,0.021556575,0
M02,2026-06-13 21:00:00,0,0.04151161666666667,0,0.01306505,0
M03,2026-06-13 21:00:00,0,0.05552453333333333,0,0.003386475,0
M04,2026-06-13 21:00:00,0,0.11453203333333334,0,0.0365975125,0
M05,2026-06-13 21:00:00,0,0.037940800000000004,0,0.0009723625,0
M06,2026-06-13 21:00:00,0,0.23724623333333336,0,0.18873262500000004,0
M07,2026-06-13 21:00:00,0,0.8344656833333329,1,0.544112375,1
M08,2026-06-13 21:00:00,0,0.0014203166666666668,0,0.00020605,0
M09,2026-06-13 21:00:00,0,0.2615272166666667,0,0.11390272499999998,0
M10,2026-06-13 21:00:00,0,0.8900264166666668,1,0.753306875,1
M11,2026-06-13 21:00:00,0,0.005438333333333334,0,0.00020605,0
M12,2026-06-13 21:00:00,0,0.0661366,0,0.0279627625,0
M13,2026-06-13 21:00:00,0,0.0026168833333333336,0,0.015907712499999997,0
M14,2026-06-13 21:00:00,0,0.49898601666666664,0,0.30791825,0
M15,2026-06-13 21:00:00,1,0.6519287166666667,1,0.28994873749999994,0
M16,2026-06-13 21:00:00,0,0.08120176666666666,0,0.033331787499999994,0
M17,2026-06-13 21:00:00,0,0.017120916666666666,0,0.0006690125,0
M18,2026-06-13 21:00:00,0,0.013985216666666666,0,0.0074195625,0
M19,2026-06-13 21:00:00,0,0.6504758166666667,1,0.35237217499999995,0
M20,2026-06-13 21:00:00,0,0.3522607833333333,0,0.10457174999999999,0
M21,2026-06-13 21:00:00,0,0.05960771666666666,0,0.0087078625,0
M22,2026-06-13 21:00:00,0,0.16460106666666668,0,0.03316661249999999,0
M23,2026-06-13 21:00:00,0,0.01808525,0,0.0013050749999999997,0
M24,2026-06-13 21:00:00,0,0.062431266666666665,0,0.0230585375,0
M25,2026-06-13 21:00:00,0,0.7011807666666667,1,0.6521315375000002,1
M01,2026-06-13 22:00:00,0,0.07486261666666666,0,0.01027235,0
M02,2026-06-13 22:00:00,0,0.033870833333333336,0,0.008971087499999999,0
M03,2026-06-13 22:00:00,0,0.0375699,0,0.005179375,0
M04,2026-06-13 22:00:00,0,0.07304921666666667,0,0.024443225000000002,0
M05,2026-06-13 22:00:00,0,0.0086932,0,0.000608075,0
M06,2026-06-13 22:00:00,0,0.3545223166666666,0,0.2587438125,0
M07,2026-06-13 22:00:00,0,0.6795147000000001,1,0.23592506250000006,0
M08,2026-06-13 22:00:00,0,0.046174950000000006,0,0.001592675,0
M09,2026-06-13 22:00:00,0,0.09683893333333331,0,0.028221099999999992,0
M10,2026-06-13 22:00:00,0,0.8674854000000002,1,0.680729825,1
M11,2026-06-13 22:00:00,0,0.0048281,0,0.00020605,0
M12,2026-06-13 22:00:00,0,0.09269164999999999,0,0.047822787500000005,0
M13,2026-06-13 22:00:00,0,0.02431116666666667,0,0.024546625000000002,0
M14,2026-06-13 22:00:00,0,0.2561860833333333,0,0.06766238750000002,0
M15,2026-06-13 22:00:00,1,0.6974492666666666,1,0.3559273999999999,0
M16,2026-06-13 22:00:00,0,0.08898426666666667,0,0.057171125,0
M17,2026-06-13 22:00:00,0,0.0014203166666666668,0,0.00020605,0
M18,2026-06-13 22:00:00,0,0.006509200000000001,0,0.0046853125,0
M19,2026-06-13 22:00:00,0,0.6465053499999999,1,0.39855525,0
M20,2026-06-13 22:00:00,0,0.09289434999999999,0,0.028853574999999992,0
M21,2026-06-13 22:00:00,0,0.05657166666666666,0,0.030866312500000003,0
M22,2026-06-13 22:00:00,0,0.4245796333333333,0,0.11540819999999999,0
M23,2026-06-13 22:00:00,0,0.014743933333333332,0,0.0016554875,0
M24,2026-06-13 22:00:00,0,0.08462698333333334,0,0.014645850000000002,0
M25,2026-06-13 22:00:00,0,0.8283782833333332,1,0.6672356375000001,1
M01,2026-06-13 23:00:00,0,0.05040630000000001,0,0.0184125125,0
M02,2026-06-13 23:00:00,0,0.06951781666666665,0,0.018157,0
M03,2026-06-13 23:00:00,0,0.04379156666666668,0,0.0009869,0
M04,2026-06-13 23:00:00,0,0.13158740000000002,0,0.0307089375,0
M05,2026-06-13 23:00:00,0,0.037940800000000004,0,0.0009723625,0
M06,2026-06-13 23:00:00,0,0.15999073333333333,0,0.16668927499999997,0
M07,2026-06-13 23:00:00,0,0.69357775,1,0.30671865,0
M08,2026-06-13 23:00:00,0,0.009954049999999999,0,0.00020605,0
M09,2026-06-13 23:00:00,0,0.12329463333333333,0,0.0167354875,0
M10,2026-06-13 23:00:00,0,0.9721222833333331,1,0.9111502999999999,1
M11,2026-06-13 23:00:00,0,0.0048281,0,0.00020605,0
M12,2026-06-13 23:00:00,0,0.13769806666666667,0,0.0433226375,0
M13,2026-06-13 23:00:00,0,0.004731183333333333,0,0.0030959,0
M14,2026-06-13 23:00:00,0,0.3295615666666666,0,0.13501903750000005,0
M15,2026-06-13 23:00:00,1,0.8291080666666666,1,0.4862444749999999,0
M16,2026-06-13 23:00:00,0,0.52701775,1,0.13958631249999998,0
M17,2026-06-13 23:00:00,0,0.0014203166666666668,0,0.00020605,0
M18,2026-06-13 23:00:00,0,0.013985216666666666,0,0.0068760875,0
M19,2026-06-13 23:00:00,0,0.6057316666666666,1,0.26952575,0
M20,2026-06-13 23:00:00,0,0.27627451666666664,0,0.09582533750000002,0
M21,2026-06-13 23:00:00,0,0.0462116,0,0.0475751375,0
M22,2026-06-13 23:00:00,0,0.50386685,1,0.12183442499999997,0
M23,2026-06-13 23:00:00,0,0.010027699999999999,0,0.0049449625,0
M24,2026-06-13 23:00:00,0,0.07292911666666667,0,0.0083065625,0
M25,2026-06-13 23:00:00,0,0.8704904666666665,1,0.8966024749999999,1
M01,2026-06-14 00:00:00,0,0.03599083333333333,0,0.020166225,0
M02,2026-06-14 00:00:00,0,0.06623716666666667,0,0.027223474999999997,0
M03,2026-06-14 00:00:00,0,0.12232451666666667,0,0.0121717125,0
M04,2026-06-14 00:00:00,0,0.08546655,0,0.039538575000000006,0
M05,2026-06-14 00:00:00,0,0.017731300000000002,0,0.00043292499999999997,0
M06,2026-06-14 00:00:00,0,0.26891394999999996,0,0.19772031249999994,0
M07,2026-06-14 00:00:00,0,0.7059136166666667,1,0.286330925,0
M08,2026-06-14 00:00:00,0,0.0107126,0,0.0037244875000000005,0
M09,2026-06-14 00:00:00,0,0.09580458333333333,0,0.015999575000000002,0
M10,2026-06-14 00:00:00,0,0.8849171000000001,1,0.770140975,1
M11,2026-06-14 00:00:00,0,0.005438333333333334,0,0.00020605,0
M12,2026-06-14 00:00:00,0,0.07623013333333332,0,0.0330968375,0
M13,2026-06-14 00:00:00,0,0.0,0,0.0021343624999999996,0
M14,2026-06-14 00:00:00,0,0.48029596666666663,0,0.256776725,0
M15,2026-06-14 00:00:00,1,0.5166541833333336,1,0.2984746874999999,0
M16,2026-06-14 00:00:00,0,0.33421466666666666,0,0.15505255,0
M17,2026-06-14 00:00:00,0,0.0014203166666666668,0,0.00020605,0
M18,2026-06-14 00:00:00,0,0.023430500000000003,0,0.0054303500000000005,0
M19,2026-06-14 00:00:00,0,0.6490459666666665,1,0.37590647499999996,0
M20,2026-06-14 00:00:00,0,0.09016318333333333,0,0.032017437499999996,0
M21,2026-06-14 00:00:00,0,0.04605006666666667,0,0.0326611125,0
M22,2026-06-14 00:00:00,0,0.14439135,0,0.031873475,0
M23,2026-06-14 00:00:00,0,0.010027699999999999,0,0.0056802625,0
M24,2026-06-14 00:00:00,0,0.08493006666666665,0,0.011456637499999998,0
M25,2026-06-14 00:00:00,0,0.9377739833333331,1,0.8768595625000002,1
M01,2026-06-14 01:00:00,0,0.045480616666666675,0,0.020738424999999998,0
M02,2026-06-14 01:00:00,0,0.04778428333333333,0,0.028344225,0
M03,2026-06-14 01:00:00,0,0.09847463333333334,0,0.0121717125,0
M04,2026-06-14 01:00:00,0,0.07671068333333332,0,0.032045262500000005,0
M05,2026-06-14 01:00:00,0,0.0170888,0,0.003960750000000001,0
M06,2026-06-14 01:00:00,0,0.14865811666666667,0,0.10901333749999997,0
M07,2026-06-14 01:00:00,0,0.6337758333333334,1,0.27576956249999995,0
M08,2026-06-14 01:00:00,0,0.014824150000000001,0,0.00025226249999999996,0
M09,2026-06-14 01:00:00,0,0.11286343333333332,0,0.0192780125,0
M10,2026-06-14 01:00:00,0,0.8921243166666668,1,0.8306076125,1
M11,2026-06-14 01:00:00,0,0.01912935,0,0.00617935,0
M12,2026-06-14 01:00:00,0,0.062134400000000006,0,0.030189087499999996,0
M13,2026-06-14 01:00:00,0,0.06682628333333333,0,0.029033325,0
M14,2026-06-14 01:00:00,0,0.22474428333333338,0,0.08136243750000002,0
M15,2026-06-14 01:00:00,1,0.6632066333333333,1,0.463748025,0
M16,2026-06-14 01:00:00,0,0.3071645333333333,0,0.1525462375,0
M17,2026-06-14 01:00:00,0,0.0014203166666666668,0,0.00020605,0
M18,2026-06-14 01:00:00,0,0.006509200000000001,0,0.0054303500000000005,0
M19,2026-06-14 01:00:00,0,0.7510599333333333,1,0.5175261375000001,1
M20,2026-06-14 01:00:00,0,0.10017733333333331,0,0.024376199999999997,0
M21,2026-06-14 01:00:00,0,0.08890108333333333,0,0.054589,0
M22,2026-06-14 01:00:00,0,0.12229390000000001,0,0.016750837499999997,0
M23,2026-06-14 01:00:00,0,0.08508904999999999,0,0.01822195,0
M24,2026-06-14 01:00:00,0,0.06613286666666668,0,0.01676085,0
M25,2026-06-14 01:00:00,0,0.8265374166666668,1,0.8303548,1
M01,2026-06-14 02:00:00,0,0.0404924,0,0.0202639875,0
M02,2026-06-14 02:00:00,0,0.059877633333333354,0,0.039877512500000004,0
M03,2026-06-14 02:00:00,0,0.029243833333333333,0,0.0052152125,0
M04,2026-06-14 02:00:00,0,0.06511953333333334,0,0.0218497625,0
M05,2026-06-14 02:00:00,0,0.037940800000000004,0,0.0013755875000000001,0
M06,2026-06-14 02:00:00,0,0.12531321666666664,0,0.08572912499999999,0
M07,2026-06-14 02:00:00,0,0.68421465,1,0.29652207499999994,0
M08,2026-06-14 02:00:00,0,0.02274396666666667,0,0.00025226249999999996,0
M09,2026-06-14 02:00:00,0,0.09422321666666665,0,0.0099967375,0
M10,2026-06-14 02:00:00,0,0.8859888,1,0.8027879375000001,1
M11,2026-06-14 02:00:00,0,0.06133858333333333,0,0.0047382,0
M12,2026-06-14 02:00:00,0,0.06429261666666668,0,0.04453507499999999,0
M13,2026-06-14 02:00:00,0,0.013648216666666664,0,0.0204047375,0
M14,2026-06-14 02:00:00,0,0.22745524999999994,0,0.071895575,0
M15,2026-06-14 02:00:00,1,0.7689148666666665,1,0.6094900499999998,1
M16,2026-06-14 02:00:00,0,0.08107918333333333,0,0.0387416,0
M17,2026-06-14 02:00:00,0,0.0014203166666666668,0,0.00020605,0
M18,2026-06-14 02:00:00,0,0.08566628333333334,0,0.0021825125,0
M19,2026-06-14 02:00:00,0,0.6127983333333332,1,0.34821457499999997,0
M20,2026-06-14 02:00:00,0,0.10785279999999998,0,0.028466225,0
M21,2026-06-14 02:00:00,0,0.04086371666666667,0,0.0434711375,0
M22,2026-06-14 02:00:00,0,0.14216346666666668,0,0.016750837499999997,0
M23,2026-06-14 02:00:00,0,0.010027699999999999,0,0.006765787499999999,0
M24,2026-06-14 02:00:00,0,0.06965326666666669,0,0.011456637499999998,0
M25,2026-06-14 02:00:00,0,0.8202003999999999,1,0.8303651249999998,1
M01,2026-06-14 03:00:00,0,0.03887353333333334,0,0.024872750000000002,0
M02,2026-06-14 03:00:00,0,0.06261524999999998,0,0.026010775000000003,0
M03,2026-06-14 03:00:00,0,0.03154165,0,0.0026248499999999998,0
M04,2026-06-14 03:00:00,0,0.12114443333333333,0,0.0431135125,0
M05,2026-06-14 03:00:00,0,0.029316416666666668,0,0.0013755875000000001,0
M06,2026-06-14 03:00:00,0,0.14498668333333334,0,0.19211183749999997,0
M07,2026-06-14 03:00:00,0,0.5479139333333333,1,0.21703515,0
M08,2026-06-14 03:00:00,0,0.018321033333333337,0,0.0006554875,0
M09,2026-06-14 03:00:00,0,0.07325231666666668,0,0.006891087500000001,0
M10,2026-06-14 03:00:00,0,0.8834599166666667,1,0.8238343374999999,1
M11,2026-06-14 03:00:00,0,0.0072915,0,0.00020605,0
M12,2026-06-14 03:00:00,0,0.14567853333333333,0,0.061390725000000014,0
M13,2026-06-14 03:00:00,0,0.1376642333333333,0,0.024354637499999998,0
M14,2026-06-14 03:00:00,0,0.22319261666666668,0,0.07865128750000001,0
M15,2026-06-14 03:00:00,1,0.9121913333333335,1,0.7058870624999998,1
M16,2026-06-14 03:00:00,0,0.26764581666666665,0,0.101563,0
M17,2026-06-14 03:00:00,0,0.0014203166666666668,0,0.00020605,0
M18,2026-06-14 03:00:00,0,0.041871200000000004,0,0.0021825125,0
M19,2026-06-14 03:00:00,0,0.6062843,1,0.3204837625000001,0
M20,2026-06-14 03:00:00,0,0.09730884999999997,0,0.022736475,0
M21,2026-06-14 03:00:00,0,0.027502533333333336,0,0.026059900000000004,0
M22,2026-06-14 03:00:00,0,0.15633645000000002,0,0.024614075,0
M23,2026-06-14 03:00:00,0,0.006912883333333332,0,0.0026698375,0
M24,2026-06-14 03:00:00,0,0.08941966666666668,0,0.0164534375,0
M25,2026-06-14 03:00:00,0,0.7958094166666666,1,0.6786021375000001,1
M01,2026-06-14 04:00:00,0,0.05105673333333333,0,0.029129137500000003,0
M02,2026-06-14 04:00:00,0,0.06088086666666666,0,0.032389225,0
M03,2026-06-14 04:00:00,0,0.018506433333333336,0,0.0015935374999999999,0
M04,2026-06-14 04:00:00,0,0.14963841666666663,0,0.03878282500000001,0
M05,2026-06-14 04:00:00,0,0.004995083333333333,0,0.0005,0
M06,2026-06-14 04:00:00,0,0.21469161666666667,0,0.1799612875,0
M07,2026-06-14 04:00:00,0,0.4123018166666667,0,0.1881308625,0
M08,2026-06-14 04:00:00,0,0.00248795,0,0.00025226249999999996,0
M09,2026-06-14 04:00:00,0,0.11279888333333332,0,0.011847787500000002,0
M10,2026-06-14 04:00:00,0,0.8621067833333336,1,0.7066454500000001,1
M11,2026-06-14 04:00:00,0,0.007656533333333332,0,0.00020605,0
M12,2026-06-14 04:00:00,0,0.05534159999999999,0,0.032386025,0
M13,2026-06-14 04:00:00,0,0.004731183333333333,0,0.004516837500000001,0
M14,2026-06-14 04:00:00,0,0.2409322833333333,0,0.0766931375,0
M15,2026-06-14 04:00:00,1,0.9036326999999997,1,0.6584877624999999,1
M16,2026-06-14 04:00:00,0,0.1970279666666666,0,0.0753566625,0
M17,2026-06-14 04:00:00,0,0.0014203166666666668,0,0.00020605,0
M18,2026-06-14 04:00:00,0,0.05195046666666667,0,0.0047881625,0
M19,2026-06-14 04:00:00,0,0.5401912166666667,1,0.23436482499999997,0
M20,2026-06-14 04:00:00,0,0.11934153333333332,0,0.0378496,0
M21,2026-06-14 04:00:00,0,0.04086371666666667,0,0.035448375,0
M22,2026-06-14 04:00:00,0,0.21392388333333334,0,0.041723825,0
M23,2026-06-14 04:00:00,0,0.06023774999999999,0,0.0019520499999999999,0
M24,2026-06-14 04:00:00,0,0.055224916666666665,0,0.013678250000000003,0
M25,2026-06-14 04:00:00,0,0.8645435833333333,1,0.7053322375000001,1
M01,2026-06-14 05:00:00,0,0.05937403333333332,0,0.03957418749999999,0
M02,2026-06-14 05:00:00,0,0.09666514999999998,0,0.023441687500000002,0
M03,2026-06-14 05:00:00,0,0.019608133333333333,0,0.00213375,0
M04,2026-06-14 05:00:00,0,0.1328845,0,0.038721825,0
M05,2026-06-14 05:00:00,0,0.03162315000000001,0,0.0013755875000000001,0
M06,2026-06-14 05:00:00,0,0.2714202333333333,0,0.23194401250000002,0
M07,2026-06-14 05:00:00,0,0.33891974999999996,0,0.18659275,0
M08,2026-06-14 05:00:00,0,0.008165916666666667,0,0.00020605,0
M09,2026-06-14 05:00:00,0,0.09426771666666665,0,0.006333987500000001,0
M10,2026-06-14 05:00:00,0,0.8808410500000002,1,0.7346611875000002,1
M11,2026-06-14 05:00:00,0,0.02504271666666667,0,0.0080139375,0
M12,2026-06-14 05:00:00,0,0.059831633333333335,0,0.0334685375,0
M13,2026-06-14 05:00:00,0,0.0015405833333333335,0,0.0035553,0
M14,2026-06-14 05:00:00,0,0.22319261666666668,0,0.07603223750000002,0
M15,2026-06-14 05:00:00,1,0.9327377499999998,1,0.8123002375000002,1
M16,2026-06-14 05:00:00,0,0.18276243333333336,0,0.09796695,0
M17,2026-06-14 05:00:00,0,0.0014203166666666668,0,0.00020605,0
M18,2026-06-14 05:00:00,0,0.08078118333333334,0,0.013073112499999998,0
M19,2026-06-14 05:00:00,0,0.44380331666666667,0,0.19230752499999998,0
M20,2026-06-14 05:00:00,0,0.1153589833333333,0,0.02578395,0
M21,2026-06-14 05:00:00,0,0.04321465,0,0.026394212500000003,0
M22,2026-06-14 05:00:00,0,0.5930238333333334,1,0.14336327499999998,0
M23,2026-06-14 05:00:00,0,0.0160243,0,0.0022666125,0
M24,2026-06-14 05:00:00,0,0.07029326666666667,0,0.026862024999999994,0
M25,2026-06-14 05:00:00,0,0.779099733333333,1,0.7756395625,1
M01,2026-06-14 06:00:00,0,0.0493935,0,0.0380093875,0
M02,2026-06-14 06:00:00,0,0.06723701666666666,0,0.025182737499999996,0
M03,2026-06-14 06:00:00,0,0.019608133333333333,0,0.0026248499999999998,0
M04,2026-06-14 06:00:00,0,0.15845369999999998,0,0.028989325,0
M05,2026-06-14 06:00:00,0,0.03162315000000001,0,0.0013755875000000001,0
M06,2026-06-14 06:00:00,0,0.26047726666666665,0,0.20217731249999998,0
M07,2026-06-14 06:00:00,0,0.1678327,0,0.10243018749999996,0
M08,2026-06-14 06:00:00,0,0.031025000000000004,0,0.0069870125000000005,0
M09,2026-06-14 06:00:00,0,0.1288782,0,0.036724275,0
M10,2026-06-14 06:00:00,0,0.8775401333333336,1,0.7075690625,1
M11,2026-06-14 06:00:00,0,0.005193133333333333,0,0.0028925125,0
M12,2026-06-14 06:00:00,0,0.05324086666666665,0,0.027465212499999996,0
M13,2026-06-14 06:00:00,0,0.0015405833333333335,0,0.0035553,0
M14,2026-06-14 06:00:00,0,0.22563196666666666,0,0.07655028750000001,0
M15,2026-06-14 06:00:00,1,0.9459625999999998,1,0.8292621500000001,1
M16,2026-06-14 06:00:00,0,0.3997450000000001,0,0.22166801250000004,0
M17,2026-06-14 06:00:00,0,0.0008424,0,0.0,0
M18,2026-06-14 06:00:00,0,0.05195046666666667,0,0.0010407625,0
M19,2026-06-14 06:00:00,0,0.4791575333333332,0,0.1990225125,0
M20,2026-06-14 06:00:00,0,0.11413446666666663,0,0.028028662500000003,0
M21,2026-06-14 06:00:00,0,0.0785137,0,0.10222155,0
M22,2026-06-14 06:00:00,0,0.29332604999999995,0,0.045742375,0
M23,2026-06-14 06:00:00,0,0.004012383333333333,0,0.0013050749999999997,0
M24,2026-06-14 06:00:00,0,0.06996933333333334,0,0.01064505,0
M25,2026-06-14 06:00:00,0,0.9368496666666665,1,0.8830053499999998,1
M01,2026-06-14 07:00:00,0,0.0435778,0,0.037877125,0
M02,2026-06-14 07:00:00,0,0.09564391666666665,0,0.0248760125,0
M03,2026-06-14 07:00:00,0,0.020218366666666668,0,0.00213375,0
M04,2026-06-14 07:00:00,0,0.11607355,0,0.05171406249999999,0
M05,2026-06-14 07:00:00,0,0.031450366666666674,0,0.0013755875000000001,0
M06,2026-06-14 07:00:00,0,0.1956230666666667,0,0.2233308375,0
M07,2026-06-14 07:00:00,0,0.16078983333333335,0,0.12893099999999996,0
M08,2026-06-14 07:00:00,0,0.024670150000000002,0,0.000625,0
M09,2026-06-14 07:00:00,0,0.11938421666666664,0,0.0304647375,0
M10,2026-06-14 07:00:00,0,0.8909340333333337,1,0.761059275,1
M11,2026-06-14 07:00:00,0,0.0048281,0,0.000350675,0
M12,2026-06-14 07:00:00,0,0.07170183333333333,0,0.0423029375,0
M13,2026-06-14 07:00:00,0,0.0017113833333333335,0,0.01225715,0
M14,2026-06-14 07:00:00,0,0.4258515333333333,0,0.28979726249999993,0
M15,2026-06-14 07:00:00,1,0.9419677833333331,1,0.8150594,1
M16,2026-06-14 07:00:00,0,0.11142233333333333,0,0.0939462375,0
M17,2026-06-14 07:00:00,0,0.0,0,0.0,0
M18,2026-06-14 07:00:00,0,0.08078118333333334,0,0.0264650875,0
M19,2026-06-14 07:00:00,0,0.5417920166666667,1,0.22773617499999993,0
M20,2026-06-14 07:00:00,0,0.10660889999999998,0,0.0255456,0
M21,2026-06-14 07:00:00,0,0.033293333333333335,0,0.0411354125,0
M22,2026-06-14 07:00:00,0,0.31411361666666665,0,0.04943668750000001,0
M23,2026-06-14 07:00:00,0,0.06926561666666667,0,0.01748665,0
M24,2026-06-14 07:00:00,0,0.084439,0,0.02794837499999999,0
M25,2026-06-14 07:00:00,0,0.8725657000000001,1,0.8630673624999998,1
M01,2026-06-14 08:00:00,0,0.08737974999999999,0,0.0228354,0
M02,2026-06-14 08:00:00,0,0.09143008333333331,0,0.0243550875,0
M03,2026-06-14 08:00:00,0,0.030492599999999995,0,0.0014633250000000001,0
M04,2026-06-14 08:00:00,0,0.17445424999999998,0,0.0335537125,0
M05,2026-06-14 08:00:00,0,0.006028400000000001,0,5.2812499999999996e-05,0
M06,2026-06-14 08:00:00,0,0.22541845,0,0.18851448749999997,0
M07,2026-06-14 08:00:00,0,0.3375371333333333,0,0.11850178749999998,0
M08,2026-06-14 08:00:00,0,0.029198366666666666,0,0.004476325000000001,0
M09,2026-06-14 08:00:00,0,0.0905011,0,0.018113300000000002,0
M10,2026-06-14 08:00:00,0,0.8864113166666668,1,0.7420959250000001,1
M11,2026-06-14 08:00:00,0,0.005193133333333333,0,0.002756225,0
M12,2026-06-14 08:00:00,0,0.07965164999999998,0,0.03212786249999999,0
M13,2026-06-14 08:00:00,0,0.004747433333333333,0,0.013863012499999999,0
M14,2026-06-14 08:00:00,0,0.2606694833333333,0,0.07651365000000002,0
M15,2026-06-14 08:00:00,1,0.9392198166666663,1,0.8353713250000002,1
M16,2026-06-14 08:00:00,0,0.36889924999999996,0,0.1925993125,0
M17,2026-06-14 08:00:00,0,0.0,0,0.0,0
M18,2026-06-14 08:00:00,0,0.03242175,0,0.0015430875,0
M19,2026-06-14 08:00:00,0,0.5526373,1,0.22702465,0
M20,2026-06-14 08:00:00,0,0.09666328333333334,0,0.0214474625,0
M21,2026-06-14 08:00:00,0,0.032775233333333334,0,0.0166940875,0
M22,2026-06-14 08:00:00,0,0.6003995333333333,1,0.13637261250000005,0
M23,2026-06-14 08:00:00,0,0.058495516666666664,0,0.0315151125,0
M24,2026-06-14 08:00:00,0,0.05068701666666667,0,0.027335275,0
M25,2026-06-14 08:00:00,0,0.8665352666666666,1,0.8496339125000001,1
M01,2026-06-14 09:00:00,0,0.04186540000000001,0,0.025409362499999998,0
M02,2026-06-14 09:00:00,0,0.09625273333333333,0,0.03794573750000001,0
M03,2026-06-14 09:00:00,0,0.09478203333333333,0,0.011768487499999999,0
M04,2026-06-14 09:00:00,0,0.12284336666666666,0,0.0465279,0
M05,2026-06-14 09:00:00,0,0.0050176333333333345,0,5.2812499999999996e-05,0
M06,2026-06-14 09:00:00,0,0.21121063333333331,0,0.17128497499999995,0
M07,2026-06-14 09:00:00,0,0.5281477333333332,1,0.3318047875,0
M08,2026-06-14 09:00:00,0,0.04019331666666667,0,0.00125,0
M09,2026-06-14 09:00:00,0,0.06447784999999999,0,0.0113043875,0
M10,2026-06-14 09:00:00,0,0.8877892000000001,1,0.7775661750000001,1
M11,2026-06-14 09:00:00,0,0.005193133333333333,0,0.0006728875,0
M12,2026-06-14 09:00:00,0,0.10785608333333331,0,0.04961468749999999,0
M13,2026-06-14 09:00:00,0,0.009878416666666667,0,0.015119312499999999,0
M14,2026-06-14 09:00:00,0,0.45491418333333333,0,0.29983258749999997,0
M15,2026-06-14 09:00:00,1,0.9025239333333333,1,0.7719475624999996,1
M16,2026-06-14 09:00:00,0,0.24463413333333336,0,0.0726177,0
M17,2026-06-14 09:00:00,0,0.0,0,0.0,0
M18,2026-06-14 09:00:00,0,0.06174548333333333,0,0.00444635,0
M19,2026-06-14 09:00:00,0,0.5865244166666664,1,0.2625823625,0
M20,2026-06-14 09:00:00,0,0.13359645,0,0.027833587499999996,0
M21,2026-06-14 09:00:00,0,0.0508489,0,0.039032849999999994,0
M22,2026-06-14 09:00:00,0,0.34891019999999995,0,0.060213287500000004,0
M23,2026-06-14 09:00:00,0,0.018783783333333335,0,0.003353575,0
M24,2026-06-14 09:00:00,0,0.03415911666666667,0,0.0125764625,0
M25,2026-06-14 09:00:00,0,0.8665352666666666,1,0.8496339125000001,1
M01,2026-06-14 10:00:00,0,0.05163963333333334,0,0.0438321125,0
M02,2026-06-14 10:00:00,0,0.2739155833333333,0,0.12510661250000002,0
M03,2026-06-14 10:00:00,0,0.018506433333333336,0,0.0014633250000000001,0
M04,2026-06-14 10:00:00,0,0.13672785000000004,0,0.037883274999999994,0
M05,2026-06-14 10:00:00,0,0.0050176333333333345,0,5.2812499999999996e-05,0
M06,2026-06-14 10:00:00,0,0.23985343333333334,0,0.20056741250000001,0
M07,2026-06-14 10:00:00,0,0.5508484833333334,1,0.2677325624999999,0
M08,2026-06-14 10:00:00,0,0.04019331666666667,0,0.0020691,0
M09,2026-06-14 10:00:00,0,0.06951901666666667,0,0.0161406625,0
M10,2026-06-14 10:00:00,0,0.8222273333333335,1,0.5961847500000002,1
M11,2026-06-14 10:00:00,0,0.005193133333333333,0,0.0006332125,0
M12,2026-06-14 10:00:00,0,0.06258040000000001,0,0.047356712499999995,0
M13,2026-06-14 10:00:00,0,0.01584205,0,0.0105840875,0
M14,2026-06-14 10:00:00,0,0.2598416,0,0.09247905000000002,0
M15,2026-06-14 10:00:00,1,0.7748903333333332,1,0.5727047499999999,1
M16,2026-06-14 10:00:00,0,0.14782634999999997,0,0.06457363749999999,0
M17,2026-06-14 10:00:00,0,0.0,0,0.0,0
M18,2026-06-14 10:00:00,0,0.07595598333333335,0,0.017997350000000002,0
M19,2026-06-14 10:00:00,0,0.6209495833333333,1,0.31642028750000006,0
M20,2026-06-14 10:00:00,0,0.11986745,0,0.02474045,0
M21,2026-06-14 10:00:00,0,0.10773353333333334,0,0.08955749999999998,0
M22,2026-06-14 10:00:00,0,0.3798392333333334,0,0.11886023750000001,0
M23,2026-06-14 10:00:00,0,0.004012383333333333,0,0.0013050749999999997,0
M24,2026-06-14 10:00:00,0,0.06843528333333333,0,0.028573737499999995,0
M25,2026-06-14 10:00:00,0,0.8665352666666666,1,0.8623363374999998,1
M01,2026-06-14 11:00:00,0,0.03325376666666666,0,0.039167162500000005,0
M02,2026-06-14 11:00:00,0,0.10501993333333332,0,0.040305112500000004,0
M03,2026-06-14 11:00:00,0,0.019608133333333333,0,0.0014633250000000001,0
M04,2026-06-14 11:00:00,0,0.09406860000000002,0,0.0243958625,0
M05,2026-06-14 11:00:00,0,0.0044074000000000006,0,0.0,0
M06,2026-06-14 11:00:00,0,0.18623278333333332,0,0.12428585,0
M07,2026-06-14 11:00:00,0,0.5479557833333335,1,0.2021428625,0
M08,2026-06-14 11:00:00,0,0.029198366666666666,0,0.004570312500000001,0
M09,2026-06-14 11:00:00,0,0.08327654999999998,0,0.030200762499999995,0
M10,2026-06-14 11:00:00,0,0.7821666500000001,1,0.5713932250000001,1
M11,2026-06-14 11:00:00,0,0.005193133333333333,0,0.0007778375,0
M12,2026-06-14 11:00:00,0,0.059769066666666655,0,0.030852199999999996,0
M13,2026-06-14 11:00:00,0,0.013484433333333334,0,0.015119312499999999,0
M14,2026-06-14 11:00:00,0,0.20905148333333332,0,0.07059058750000001,0
M15,2026-06-14 11:00:00,1,0.9057558,1,0.6764203,1
M16,2026-06-14 11:00:00,0,0.20095301666666668,0,0.0438128125,0
M17,2026-06-14 11:00:00,0,0.0,0,0.0,0
M18,2026-06-14 11:00:00,0,0.061561116666666665,0,0.0018407,0
M19,2026-06-14 11:00:00,0,0.6212073499999999,1,0.32310643750000007,0
M20,2026-06-14 11:00:00,0,0.13359645,0,0.028282387499999995,0
M21,2026-06-14 11:00:00,0,0.053884316666666675,0,0.037836474999999994,0
M22,2026-06-14 11:00:00,0,0.4413671999999999,0,0.09095425,0
M23,2026-06-14 11:00:00,0,0.004012383333333333,0,0.0013050749999999997,0
M24,2026-06-14 11:00:00,0,0.06996933333333334,0,0.027745624999999996,0
M25,2026-06-14 11:00:00,0,0.8709103499999998,1,0.8944361124999999,1
M01,2026-06-14 12:00:00,0,0.12211299999999999,0,0.03957382499999999,0
M02,2026-06-14 12:00:00,0,0.11485053333333332,0,0.02781535,0
M03,2026-06-14 12:00:00,0,0.024973299999999993,0,0.0014633250000000001,0
M04,2026-06-14 12:00:00,0,0.10010383333333334,0,0.030682400000000006,0
M05,2026-06-14 12:00:00,0,0.0044074000000000006,0,0.000403225,0
M06,2026-06-14 12:00:00,0,0.2696208666666667,0,0.20915612499999994,0
M07,2026-06-14 12:00:00,0,0.6126058000000002,1,0.2327065625,0
M08,2026-06-14 12:00:00,0,0.029198366666666666,0,0.004973537500000001,0
M09,2026-06-14 12:00:00,0,0.09273391666666667,0,0.0333468125,0
M10,2026-06-14 12:00:00,0,0.8835236833333335,1,0.7272906625,1
M11,2026-06-14 12:00:00,0,0.04578955,0,0.00939775,0
M12,2026-06-14 12:00:00,0,0.05854115000000001,0,0.0375215875,0
M13,2026-06-14 12:00:00,0,0.01609015,0,0.0184087875,0
M14,2026-06-14 12:00:00,0,0.21181889999999998,0,0.06892338750000002,0
M15,2026-06-14 12:00:00,1,0.9033391000000001,1,0.6398377124999999,1
M16,2026-06-14 12:00:00,0,0.12628016666666667,0,0.03363171250000001,0
M17,2026-06-14 12:00:00,0,0.0,0,0.0,0
M18,2026-06-14 12:00:00,0,0.08555945000000001,0,0.005788875,0
M19,2026-06-14 12:00:00,0,0.5585265166666666,1,0.2420987125000001,0
M20,2026-06-14 12:00:00,0,0.11825753333333332,0,0.0296903625,0
M21,2026-06-14 12:00:00,0,0.05128016666666667,0,0.022823212500000002,0
M22,2026-06-14 12:00:00,0,0.48002493333333324,0,0.1759113625,0
M23,2026-06-14 12:00:00,0,0.006912883333333332,0,0.0022666125,0
M24,2026-06-14 12:00:00,0,0.052527083333333335,0,0.01191895,0
M25,2026-06-14 12:00:00,0,0.8764368333333332,1,0.9007299749999996,1
M01,2026-06-14 13:00:00,0,0.04569848333333334,0,0.0434807125,0
M02,2026-06-14 13:00:00,0,0.32501798333333337,0,0.12357627500000001,0
M03,2026-06-14 13:00:00,0,0.023962533333333327,0,0.0014633250000000001,0
M04,2026-06-14 13:00:00,0,0.13175958333333332,0,0.0344353375,0
M05,2026-06-14 13:00:00,0,0.014284300000000002,0,0.00060495,0
M06,2026-06-14 13:00:00,0,0.40398666666666655,0,0.40143791249999994,0
M07,2026-06-14 13:00:00,0,0.7220251833333332,1,0.4306780999999999,0
M08,2026-06-14 13:00:00,0,0.029198366666666666,0,0.0056869375,0
M09,2026-06-14 13:00:00,0,0.19896426666666664,0,0.036551650000000005,0
M10,2026-06-14 13:00:00,0,0.8788607833333335,1,0.75582025,1
M11,2026-06-14 13:00:00,0,0.0787785,0,0.0110644125,0
M12,2026-06-14 13:00:00,0,0.049650966666666664,0,0.028300737499999996,0
M13,2026-06-14 13:00:00,0,0.010959166666666666,0,0.012901474999999999,0
M14,2026-06-14 13:00:00,0,0.3725164999999999,0,0.2386581375,0
M15,2026-06-14 13:00:00,1,0.8929708166666666,1,0.6154874749999999,1
M16,2026-06-14 13:00:00,0,0.5250699666666667,1,0.1594300875,0
M17,2026-06-14 13:00:00,0,0.0,0,0.0,0
M18,2026-06-14 13:00:00,0,0.05739216666666667,0,0.000650225,0
M19,2026-06-14 13:00:00,0,0.5606547333333333,1,0.24931745,0
M20,2026-06-14 13:00:00,0,0.10248273333333333,0,0.0228091375,0
M21,2026-06-14 13:00:00,0,0.08095558333333333,0,0.0451126375,0
M22,2026-06-14 13:00:00,0,0.4574787666666666,0,0.1727118,0
M23,2026-06-14 13:00:00,0,0.004012383333333333,0,0.0096384,0
M24,2026-06-14 13:00:00,0,0.0723908,0,0.0123993625,0
M25,2026-06-14 13:00:00,0,0.8426041166666666,1,0.7356593500000004,1
M01,2026-06-14 14:00:00,0,0.06125646666666666,0,0.030577837500000003,0
M02,2026-06-14 14:00:00,0,0.26209204999999997,0,0.10903342500000002,0
M03,2026-06-14 14:00:00,0,0.041794149999999995,0,0.0027694749999999995,0
M04,2026-06-14 14:00:00,0,0.08928603333333333,0,0.030353124999999998,0
M05,2026-06-14 14:00:00,0,0.009132783333333333,0,0.00011385000000000002,0
M06,2026-06-14 14:00:00,0,0.4468218499999999,0,0.4001500749999999,0
M07,2026-06-14 14:00:00,0,0.6726125666666669,1,0.23423487499999998,0
M08,2026-06-14 14:00:00,0,0.04682418333333332,0,0.0134803875,0
M09,2026-06-14 14:00:00,0,0.07336156666666666,0,0.001641925,0
M10,2026-06-14 14:00:00,0,0.8864721666666668,1,0.7697751125,1
M11,2026-06-14 14:00:00,0,0.015824566666666668,0,0.021510724999999998,0
M12,2026-06-14 14:00:00,0,0.05809925,0,0.0512003875,0
M13,2026-06-14 14:00:00,0,0.0126543,0,0.013301474999999998,0
M14,2026-06-14 14:00:00,0,0.18833465000000002,0,0.08537248750000001,0
M15,2026-06-14 14:00:00,1,0.7515207000000002,1,0.5575966624999998,1
M16,2026-06-14 14:00:00,0,0.4283241333333333,0,0.18816046249999996,0
M17,2026-06-14 14:00:00,0,0.0,0,0.0,0
M18,2026-06-14 14:00:00,0,0.05629046666666667,0,0.0079309125,0
M19,2026-06-14 14:00:00,0,0.5039706,1,0.2518537375,0
M20,2026-06-14 14:00:00,0,0.11893233333333329,0,0.0300304625,0
M21,2026-06-14 14:00:00,0,0.04153335,0,0.0360830125,0
M22,2026-06-14 14:00:00,0,0.5403039666666667,1,0.2552432875,0
M23,2026-06-14 14:00:00,0,0.004012383333333333,0,0.0096384,0
M24,2026-06-14 14:00:00,0,0.08273811666666668,0,0.015194575000000002,0
M25,2026-06-14 14:00:00,0,0.7765355166666663,1,0.8715353250000002,1
M01,2026-06-14 15:00:00,0,0.061388399999999996,0,0.0349587875,0
M02,2026-06-14 15:00:00,0,0.13144328333333333,0,0.026824712500000004,0
M03,2026-06-14 15:00:00,0,0.04091406666666667,0,0.00160795,0
M04,2026-06-14 15:00:00,0,0.035779616666666667,0,0.0023748750000000002,0
M05,2026-06-14 15:00:00,0,0.0074524,0,0.00016666250000000002,0
M06,2026-06-14 15:00:00,0,0.4742824999999999,0,0.39069214999999996,0
M07,2026-06-14 15:00:00,0,0.6337167333333333,1,0.27422736249999996,0
M08,2026-06-14 15:00:00,0,0.03602715,0,0.0039016500000000004,0
M09,2026-06-14 15:00:00,0,0.07206380000000001,0,0.0015251000000000002,0
M10,2026-06-14 15:00:00,0,0.8848253333333335,1,0.7392069375000001,1
M11,2026-06-14 15:00:00,0,0.015824566666666668,0,0.021510724999999998,0
M12,2026-06-14 15:00:00,0,0.11679671666666665,0,0.07234180000000001,0
M13,2026-06-14 15:00:00,0,0.010959166666666666,0,0.012901474999999999,0
M14,2026-06-14 15:00:00,0,0.22441663333333334,0,0.07819756250000001,0
M15,2026-06-14 15:00:00,1,0.6886698666666666,1,0.6022193624999997,1
M16,2026-06-14 15:00:00,0,0.6441283333333333,1,0.19138879999999997,0
M17,2026-06-14 15:00:00,0,0.0,0,0.0,0
M18,2026-06-14 15:00:00,0,0.08564946666666667,0,0.0346379625,0
M19,2026-06-14 15:00:00,0,0.5580405,1,0.2925939,0
M20,2026-06-14 15:00:00,0,0.10248273333333333,0,0.0207221625,0
M21,2026-06-14 15:00:00,0,0.07899683333333332,0,0.0411540875,0
M22,2026-06-14 15:00:00,0,0.48612523333333324,0,0.19655411250000002,0
M23,2026-06-14 15:00:00,0,0.12826901666666665,0,0.0178403,0
M24,2026-06-14 15:00:00,0,0.07561275000000002,0,0.0119777625,0
M25,2026-06-14 15:00:00,0,0.7094974499999999,1,0.7394566875000002,1
M01,2026-06-14 16:00:00,0,0.11044495,0,0.029812462499999998,0
M02,2026-06-14 16:00:00,0,0.11696343333333331,0,0.04657269999999999,0
M03,2026-06-14 16:00:00,0,0.03883326666666666,0,0.0017381625,0
M04,2026-06-14 16:00:00,0,0.047987016666666674,0,0.0023748750000000002,0
M05,2026-06-14 16:00:00,0,0.012830900000000001,0,0.0006335000000000001,0
M06,2026-06-14 16:00:00,0,0.4636431166666665,0,0.4091189374999999,0
M07,2026-06-14 16:00:00,0,0.6071007166666667,1,0.2736602125,0
M08,2026-06-14 16:00:00,0,0.024670150000000002,0,0.0045961000000000005,0
M09,2026-06-14 16:00:00,0,0.05260016666666666,0,0.0048259999999999996,0
M10,2026-06-14 16:00:00,0,0.7743558833333336,1,0.775081375,1
M11,2026-06-14 16:00:00,0,0.005438333333333334,0,0.00031099999999999997,0
M12,2026-06-14 16:00:00,0,0.09592065,0,0.051803525,0
M13,2026-06-14 16:00:00,0,0.004747433333333333,0,0.012901474999999999,0
M14,2026-06-14 16:00:00,0,0.19998256666666667,0,0.082396425,0
M15,2026-06-14 16:00:00,1,0.7564353,1,0.4944828125,0
M16,2026-06-14 16:00:00,0,0.6844480833333333,1,0.29683085,0
M17,2026-06-14 16:00:00,0,0.0,0,0.0,0
M18,2026-06-14 16:00:00,0,0.038820749999999994,0,0.021613637499999998,0
M19,2026-06-14 16:00:00,0,0.56037295,1,0.22190801249999997,0
M20,2026-06-14 16:00:00,0,0.11430618333333332,0,0.0257913375,0
M21,2026-06-14 16:00:00,0,0.05687496666666667,0,0.0306540875,0
M22,2026-06-14 16:00:00,0,0.4716235,0,0.15552887499999998,0
M23,2026-06-14 16:00:00,0,0.00807865,0,0.00025886249999999996,0
M24,2026-06-14 16:00:00,0,0.07415365,0,0.013721525000000002,0
M25,2026-06-14 16:00:00,0,0.8565041999999999,1,0.7313812625000004,1
M01,2026-06-14 17:00:00,0,0.05787968333333333,0,0.030486212500000005,0
M02,2026-06-14 17:00:00,0,0.3242473333333333,0,0.19454500000000002,0
M03,2026-06-14 17:00:00,0,0.13574796666666666,0,0.005512049999999999,0
M04,2026-06-14 17:00:00,0,0.04873513333333333,0,0.003704075,0
M05,2026-06-14 17:00:00,0,0.011150516666666667,0,0.0003112875,0
M06,2026-06-14 17:00:00,0,0.31335504999999997,0,0.28587772499999997,0
M07,2026-06-14 17:00:00,0,0.6182640333333332,1,0.2865939125,0
M08,2026-06-14 17:00:00,0,0.10965871666666666,0,0.04719110000000001,0
M09,2026-06-14 17:00:00,0,0.06591779999999998,0,0.0068169375,0
M10,2026-06-14 17:00:00,0,0.8835562500000002,1,0.7749171499999999,1
M11,2026-06-14 17:00:00,0,0.0064491,0,0.00031099999999999997,0
M12,2026-06-14 17:00:00,0,0.096017,0,0.06536652500000002,0
M13,2026-06-14 17:00:00,0,0.0339364,0,0.020379762500000002,0
M14,2026-06-14 17:00:00,0,0.22591326666666672,0,0.088921925,0
M15,2026-06-14 17:00:00,0,0.4349616333333335,0,0.29259285,0
M16,2026-06-14 17:00:00,0,0.4552787166666668,0,0.12873852500000002,0
M17,2026-06-14 17:00:00,0,0.0014203166666666668,0,0.00020605,0
M18,2026-06-14 17:00:00,0,0.03472905,0,0.0237281875,0
M19,2026-06-14 17:00:00,0,0.8163476333333333,1,0.5001088625000001,1
M20,2026-06-14 17:00:00,0,0.11783999999999997,0,0.0349896625,0
M21,2026-06-14 17:00:00,0,0.06802306666666666,0,0.0320062,0
M22,2026-06-14 17:00:00,0,0.32833555,0,0.057489525,0
M23,2026-06-14 17:00:00,0,0.00807865,0,0.00025886249999999996,0
M24,2026-06-14 17:00:00,0,0.09314885,0,0.008877775000000001,0
M25,2026-06-14 17:00:00,0,0.8609105166666667,1,0.7093330500000004,1
M01,2026-06-14 18:00:00,0,0.01704745,0,0.020002225,0
M02,2026-06-14 18:00:00,0,0.20107295,0,0.09709541249999999,0
M03,2026-06-14 18:00:00,0,0.03885028333333333,0,0.00200535,0
M04,2026-06-14 18:00:00,0,0.06228536666666666,0,0.0023742875,0
M05,2026-06-14 18:00:00,0,0.0239661,0,0.0215556,0
M06,2026-06-14 18:00:00,0,0.24538505,0,0.2487284375,0
M07,2026-06-14 18:00:00,0,0.39592,0,0.17751476249999998,0
M08,2026-06-14 18:00:00,0,0.04285881666666666,0,0.007249375000000001,0
M09,2026-06-14 18:00:00,0,0.05102096666666667,0,0.0059055,0
M10,2026-06-14 18:00:00,0,0.87405115,1,0.7643366625000001,1
M11,2026-06-14 18:00:00,0,0.05220168333333333,0,0.006716825,0
M12,2026-06-14 18:00:00,0,0.07857173333333334,0,0.04779385,0
M13,2026-06-14 18:00:00,0,0.006442566666666667,0,0.015006024999999997,0
M14,2026-06-14 18:00:00,0,0.11677424999999998,0,0.02815095,0
M15,2026-06-14 18:00:00,0,0.11721833333333335,0,0.125524275,0
M16,2026-06-14 18:00:00,0,0.5158464666666668,1,0.15166738750000003,0
M17,2026-06-14 18:00:00,0,0.0014203166666666668,0,0.00020605,0
M18,2026-06-14 18:00:00,0,0.03787676666666666,0,0.00444635,0
M19,2026-06-14 18:00:00,0,0.8512758166666666,1,0.5813844249999999,1
M20,2026-06-14 18:00:00,0,0.11322209999999998,0,0.025663637499999996,0
M21,2026-06-14 18:00:00,0,0.06553403333333332,0,0.0335889125,0
M22,2026-06-14 18:00:00,0,0.24309075,0,0.08451221249999999,0
M23,2026-06-14 18:00:00,0,0.00807865,0,0.00025886249999999996,0
M24,2026-06-14 18:00:00,0,0.0967551,0,0.008967850000000001,0
M25,2026-06-14 18:00:00,0,0.8631547833333334,1,0.7574909875000002,1
M01,2026-06-14 19:00:00,0,0.02828483333333333,0,0.015461424999999997,0
M02,2026-06-14 19:00:00,0,0.18437498333333335,0,0.07735219999999997,0
M03,2026-06-14 19:00:00,0,0.028850433333333335,0,0.005070375,0
M04,2026-06-14 19:00:00,0,0.03526046666666667,0,0.0017118874999999998,0
M05,2026-06-14 19:00:00,0,0.020459500000000002,0,0.0035055000000000004,0
M06,2026-06-14 19:00:00,0,0.20145629999999998,0,0.23321714999999998,0
M07,2026-06-14 19:00:00,0,0.41599859999999994,0,0.17365241250000002,0
M08,2026-06-14 19:00:00,0,0.029198366666666666,0,0.011357700000000002,0
M09,2026-06-14 19:00:00,0,0.04106791666666667,0,0.0018621875,0
M10,2026-06-14 19:00:00,0,0.8726190000000001,1,0.7660508,1
M11,2026-06-14 19:00:00,0,0.0048281,0,0.00031099999999999997,0
M12,2026-06-14 19:00:00,0,0.08868309999999999,0,0.054145200000000004,0
M13,2026-06-14 19:00:00,0,0.017411166666666665,0,0.013863012499999999,0
M14,2026-06-14 19:00:00,0,0.06712083333333332,0,0.025010550000000003,0
M15,2026-06-14 19:00:00,0,0.11007023333333335,0,0.0468783375,0
M16,2026-06-14 19:00:00,0,0.35107413333333337,0,0.09723008749999998,0
M17,2026-06-14 19:00:00,0,0.0014203166666666668,0,0.00020605,0
M18,2026-06-14 19:00:00,0,0.033523449999999996,0,0.000650225,0
M19,2026-06-14 19:00:00,0,0.8464944333333334,1,0.5737192624999998,1
M20,2026-06-14 19:00:00,0,0.12122303333333331,0,0.026223212500000002,0
M21,2026-06-14 19:00:00,0,0.0971561,0,0.09235279999999998,0
M22,2026-06-14 19:00:00,0,0.4089143833333333,0,0.16965746249999997,0
M23,2026-06-14 19:00:00,0,0.00807865,0,0.00025886249999999996,0
M24,2026-06-14 19:00:00,0,0.059448933333333336,0,0.016970449999999998,0
M25,2026-06-14 19:00:00,0,0.8575978999999999,1,0.7634339750000001,1
M01,2026-06-14 20:00:00,0,0.023519833333333334,0,0.0143393,0
M02,2026-06-14 20:00:00,0,0.15135153333333334,0,0.07302779999999999,0
M03,2026-06-14 20:00:00,0,0.09235326666666667,0,0.007378187499999999,0
M04,2026-06-14 20:00:00,0,0.05043206666666666,0,0.0032363625,0
M05,2026-06-14 20:00:00,0,0.05246983333333334,0,0.025766862499999998,0
M06,2026-06-14 20:00:00,0,0.2264857833333333,0,0.23862727500000003,0
M07,2026-06-14 20:00:00,0,0.48033123333333344,0,0.185559025,0
M08,2026-06-14 20:00:00,0,0.024670150000000002,0,0.0013194500000000002,0
M09,2026-06-14 20:00:00,0,0.04121248333333332,0,0.010818675,0
M10,2026-06-14 20:00:00,0,0.8842294000000003,1,0.7483159375,1
M11,2026-06-14 20:00:00,0,0.0048281,0,0.00031099999999999997,0
M12,2026-06-14 20:00:00,0,0.06569431666666667,0,0.050377262500000006,0
M13,2026-06-14 20:00:00,0,0.017411166666666665,0,0.013863012499999999,0
M14,2026-06-14 20:00:00,0,0.0752381,0,0.0216657,0
M15,2026-06-14 20:00:00,0,0.05613413333333333,0,0.00423515,0
M16,2026-06-14 20:00:00,0,0.38578854999999995,0,0.07608683749999999,0
M17,2026-06-14 20:00:00,0,0.0060041,0,0.0028167500000000002,0
M18,2026-06-14 20:00:00,0,0.07133173333333334,0,0.0264650875,0
M19,2026-06-14 20:00:00,0,0.6290114666666665,1,0.2589459625,0
M20,2026-06-14 20:00:00,0,0.09387981666666663,0,0.026694875,0
M21,2026-06-14 20:00:00,0,0.06867523333333332,0,0.0404992375,0
M22,2026-06-14 20:00:00,0,0.22287176666666667,0,0.051041125,0
M23,2026-06-14 20:00:00,0,0.00807865,0,0.00020605,0
M24,2026-06-14 20:00:00,0,0.0748128,0,0.0160333375,0
M25,2026-06-14 20:00:00,0,0.8397413999999999,1,0.7370627125000003,1
M01,2026-06-14 21:00:00,0,0.050991083333333326,0,0.029383399999999997,0
M02,2026-06-14 21:00:00,0,0.18956535000000005,0,0.1080420125,0
M03,2026-06-14 21:00:00,0,0.02018681666666667,0,0.0034542999999999996,0
M04,2026-06-14 21:00:00,0,0.08694881666666668,0,0.007447425000000001,0
M05,2026-06-14 21:00:00,0,0.018021016666666667,0,0.0208125875,0
M06,2026-06-14 21:00:00,0,0.3232605166666666,0,0.3023877,0
M07,2026-06-14 21:00:00,0,0.7486712333333331,1,0.509819225,1
M08,2026-06-14 21:00:00,0,0.08696034999999999,0,0.023371575000000002,0
M09,2026-06-14 21:00:00,0,0.043221516666666654,0,0.010874137499999999,0
M10,2026-06-14 21:00:00,0,0.8705390166666668,1,0.7450447875,1
M11,2026-06-14 21:00:00,0,0.0048281,0,0.0025306250000000003,0
M12,2026-06-14 21:00:00,0,0.08304781666666668,0,0.044052875000000005,0
M13,2026-06-14 21:00:00,0,0.03990113333333334,0,0.01703815,0
M14,2026-06-14 21:00:00,0,0.06540371666666667,0,0.0089614875,0
M15,2026-06-14 21:00:00,0,0.02324846666666667,0,0.008858162499999999,0
M16,2026-06-14 21:00:00,0,0.4235222,0,0.16313469999999994,0
M17,2026-06-14 21:00:00,0,0.0014203166666666668,0,0.00020605,0
M18,2026-06-14 21:00:00,0,0.07595598333333335,0,0.035373512499999996,0
M19,2026-06-14 21:00:00,0,0.6410109833333332,1,0.320357325,0
M20,2026-06-14 21:00:00,0,0.10846791666666662,0,0.0162485875,0
M21,2026-06-14 21:00:00,0,0.12101063333333334,0,0.09667571249999998,0
M22,2026-06-14 21:00:00,0,0.13873939999999998,0,0.042197649999999996,0
M23,2026-06-14 21:00:00,0,0.00807865,0,0.00025886249999999996,0
M24,2026-06-14 21:00:00,0,0.05678518333333333,0,0.012397099999999998,0
M25,2026-06-14 21:00:00,0,0.8391724166666666,1,0.7192818875000002,1
M01,2026-06-14 22:00:00,0,0.022709166666666666,0,0.026556649999999998,0
M02,2026-06-14 22:00:00,0,0.1694454166666667,0,0.09350138749999999,0
M03,2026-06-14 22:00:00,0,0.04663381666666666,0,0.0028868624999999998,0
M04,2026-06-14 22:00:00,0,0.09256053333333332,0,0.008695175,0
M05,2026-06-14 22:00:00,0,0.016340633333333333,0,0.009174024999999999,0
M06,2026-06-14 22:00:00,0,0.15513710000000003,0,0.16527749999999997,0
M07,2026-06-14 22:00:00,0,0.8228446499999998,1,0.49085241250000006,0
M08,2026-06-14 22:00:00,0,0.028392616666666665,0,0.002181525,0
M09,2026-06-14 22:00:00,0,0.03887688333333333,0,0.0009509500000000001,0
M10,2026-06-14 22:00:00,0,0.7529448166666669,1,0.6699127250000001,1
M11,2026-06-14 22:00:00,0,0.049206233333333335,0,0.004208599999999999,0
M12,2026-06-14 22:00:00,0,0.06063976666666666,0,0.0409958875,0
M13,2026-06-14 22:00:00,0,0.043445016666666676,0,0.0226942625,0
M14,2026-06-14 22:00:00,0,0.0751312,0,0.031280600000000006,0
M15,2026-06-14 22:00:00,0,0.0333263,0,0.0100736125,0
M16,2026-06-14 22:00:00,0,0.4722828666666666,0,0.1668505125,0
M17,2026-06-14 22:00:00,0,0.0014203166666666668,0,0.0015949375000000002,0
M18,2026-06-14 22:00:00,0,0.04250101666666666,0,0.00069895,0
M19,2026-06-14 22:00:00,0,0.645879,1,0.2872332750000001,0
M20,2026-06-14 22:00:00,0,0.12315786666666663,0,0.025972887500000003,0
M21,2026-06-14 22:00:00,0,0.10895523333333333,0,0.09214446249999998,0
M22,2026-06-14 22:00:00,0,0.3417741833333333,0,0.1349346875,0
M23,2026-06-14 22:00:00,0,0.006278000000000001,0,5.2812499999999996e-05,0
M24,2026-06-14 22:00:00,0,0.12544686666666666,0,0.0375452875,0
M25,2026-06-14 22:00:00,0,0.8404528499999999,1,0.7386757625000001,1
M01,2026-06-14 23:00:00,0,0.09281559999999998,0,0.030905637499999992,0
M02,2026-06-14 23:00:00,0,0.25601171666666667,0,0.16732168750000004,0
M03,2026-06-14 23:00:00,0,0.03885028333333333,0,0.0019412124999999998,0
M04,2026-06-14 23:00:00,0,0.09302428333333333,0,0.0061916,0
M05,2026-06-14 23:00:00,0,0.016340633333333333,0,0.0193965,0
M06,2026-06-14 23:00:00,0,0.26155531666666665,0,0.262034725,0
M07,2026-06-14 23:00:00,0,0.5534717666666665,1,0.36483596250000006,0
M08,2026-06-14 23:00:00,0,0.04019331666666667,0,0.004244325,0
M09,2026-06-14 23:00:00,0,0.08077300000000001,0,0.007781012499999999,0
M10,2026-06-14 23:00:00,0,0.8391786333333334,1,0.6915343249999999,1
M11,2026-06-14 23:00:00,0,0.018286950000000003,0,0.004542562500000001,0
M12,2026-06-14 23:00:00,0,0.13529961666666665,0,0.0511386625,0
M13,2026-06-14 23:00:00,0,0.03199975,0,0.013863012499999999,0
M14,2026-06-14 23:00:00,0,0.2006923833333333,0,0.0706306375,0
M15,2026-06-14 23:00:00,0,0.011734383333333332,0,0.0016738375,0
M16,2026-06-14 23:00:00,0,0.20975485,0,0.08435313749999998,0
M17,2026-06-14 23:00:00,0,0.0014203166666666668,0,0.00020605,0
M18,2026-06-14 23:00:00,0,0.03242175,0,0.0019709125,0
M19,2026-06-14 23:00:00,0,0.7329488333333333,1,0.5233995874999999,1
M20,2026-06-14 23:00:00,0,0.12299889999999998,0,0.0194046125,0
M21,2026-06-14 23:00:00,0,0.0384447,0,0.0311666375,0
M22,2026-06-14 23:00:00,0,0.19553841666666666,0,0.06655385,0
M23,2026-06-14 23:00:00,0,0.006278000000000001,0,0.0,0
M24,2026-06-14 23:00:00,0,0.11034965,0,0.0316575375,0
M25,2026-06-14 23:00:00,0,0.8893502666666666,1,0.8721979999999998,1
