id_maquina,timestamp,falha_72h,probabilidade_v1,predicao_v1,probabilidade_v2,predicao_v2
M01,2026-06-08 00:00:00,0,0.006915516666666667,0,0.0,0
M02,2026-06-08 00:00:00,0,0.4691451499999999,0,0.4793624625,0
M03,2026-06-08 00:00:00,0,0.35419113333333335,0,0.29277263750000015,0
M04,2026-06-08 00:00:00,0,0.0349431,0,0.0,0
M05,2026-06-08 00:00:00,0,0.4793679666666667,0,0.3058649000000001,0
M06,2026-06-08 00:00:00,0,0.07280536666666666,0,0.026388887500000003,0
M07,2026-06-08 00:00:00,0,0.016413383333333333,0,0.0028789124999999997,0
M08,2026-06-08 00:00:00,0,0.0,0,0.0005434750000000001,0
M09,2026-06-08 00:00:00,0,0.025154149999999997,0,0.0005493875,0
M10,2026-06-08 00:00:00,0,0.09608458333333333,0,0.04800426250000001,0
M11,2026-06-08 00:00:00,1,0.9168572166666668,1,0.8496618375,1
M12,2026-06-08 00:00:00,0,0.027253083333333334,0,0.005116425,0
M13,2026-06-08 00:00:00,0,0.35398715,0,0.3599663624999999,0
M14,2026-06-08 00:00:00,0,0.013630383333333333,0,0.0010988750000000002,0
M15,2026-06-08 00:00:00,0,0.23474424999999996,0,0.13718209999999997,0
M16,2026-06-08 00:00:00,0,0.009187083333333335,0,0.0035714250000000005,0
M17,2026-06-08 00:00:00,1,0.5303919333333333,1,0.195850575,0
M18,2026-06-08 00:00:00,0,0.8631679166666666,1,0.6756624874999998,1
M19,2026-06-08 00:00:00,0,0.07316343333333333,0,0.024240775,0
M20,2026-06-08 00:00:00,0,0.028404949999999998,0,0.0045606125,0
M21,2026-06-08 00:00:00,1,0.7573302999999999,1,0.49690638750000005,0
M22,2026-06-08 00:00:00,0,0.14699444999999997,0,0.019062075000000005,0
M23,2026-06-08 00:00:00,0,0.8351958166666669,1,0.8407897999999999,1
M24,2026-06-08 00:00:00,0,0.00043158333333333335,0,0.0008561625,0
M25,2026-06-08 00:00:00,0,0.5511813499999999,1,0.502495125,1
M01,2026-06-08 01:00:00,0,0.023186233333333337,0,0.0020833375,0
M02,2026-06-08 01:00:00,0,0.42839525000000006,0,0.4480821375,0
M03,2026-06-08 01:00:00,0,0.8459395333333333,1,0.63896065,1
M04,2026-06-08 01:00:00,0,0.015223466666666666,0,0.0039334,0
M05,2026-06-08 01:00:00,0,0.5173746166666667,1,0.36754609999999993,0
M06,2026-06-08 01:00:00,0,0.06573805,0,0.029040862499999997,0
M07,2026-06-08 01:00:00,0,0.011760450000000002,0,0.0009111125000000001,0
M08,2026-06-08 01:00:00,0,0.0,0,0.0,0
M09,2026-06-08 01:00:00,0,0.11176281666666667,0,0.049590175,0
M10,2026-06-08 01:00:00,0,0.2703992,0,0.14801746249999997,0
M11,2026-06-08 01:00:00,1,0.8248523,1,0.7309164875,1
M12,2026-06-08 01:00:00,0,0.020219466666666668,0,0.0043037375,0
M13,2026-06-08 01:00:00,0,0.4477863166666667,0,0.5006664375,1
M14,2026-06-08 01:00:00,0,0.023049500000000004,0,0.0014655875000000001,0
M15,2026-06-08 01:00:00,0,0.24992656666666674,0,0.2022871125,0
M16,2026-06-08 01:00:00,0,0.008754483333333335,0,0.00321245,0
M17,2026-06-08 01:00:00,1,0.4697184666666666,0,0.18717884999999998,0
M18,2026-06-08 01:00:00,0,0.8587768333333332,1,0.7314294374999999,1
M19,2026-06-08 01:00:00,0,0.06604366666666665,0,0.006293,0
M20,2026-06-08 01:00:00,0,0.041740266666666664,0,0.0143261625,0
M21,2026-06-08 01:00:00,1,0.8951923999999998,1,0.6768751624999997,1
M22,2026-06-08 01:00:00,0,0.07639334999999998,0,0.006695324999999999,0
M23,2026-06-08 01:00:00,0,0.834437116666667,1,0.7552448375000003,1
M24,2026-06-08 01:00:00,0,0.005193133333333333,0,0.0004914625,0
M25,2026-06-08 01:00:00,0,0.45381534999999995,0,0.41480007499999993,0
M01,2026-06-08 02:00:00,0,0.023910716666666665,0,0.005662800000000001,0
M02,2026-06-08 02:00:00,0,0.3884382666666667,0,0.3766752375,0
M03,2026-06-08 02:00:00,0,0.8491581,1,0.6277179749999999,1
M04,2026-06-08 02:00:00,0,0.020274683333333335,0,0.009468200000000001,0
M05,2026-06-08 02:00:00,0,0.7475695666666664,1,0.4001340750000001,0
M06,2026-06-08 02:00:00,0,0.06214268333333333,0,0.0265039625,0
M07,2026-06-08 02:00:00,0,0.024058116666666667,0,0.0062013125,0
M08,2026-06-08 02:00:00,0,0.0,0,0.0,0
M09,2026-06-08 02:00:00,0,0.048254283333333335,0,0.004111175,0
M10,2026-06-08 02:00:00,0,0.12746241666666663,0,0.0758596,0
M11,2026-06-08 02:00:00,1,0.9168879000000001,1,0.8666748875000001,1
M12,2026-06-08 02:00:00,0,0.034124433333333336,0,0.0096072625,0
M13,2026-06-08 02:00:00,0,0.38142396666666667,0,0.40689649999999994,0
M14,2026-06-08 02:00:00,0,0.01819335,0,0.0013487625,0
M15,2026-06-08 02:00:00,0,0.24391538333333335,0,0.2375183375,0
M16,2026-06-08 02:00:00,0,0.040259716666666674,0,0.0075884,0
M17,2026-06-08 02:00:00,1,0.8224186999999997,1,0.5276344125000001,1
M18,2026-06-08 02:00:00,0,0.7951536666666665,1,0.5582119750000001,1
M19,2026-06-08 02:00:00,0,0.059277699999999996,0,0.018748800000000003,0
M20,2026-06-08 02:00:00,0,0.010140733333333336,0,0.004310725,0
M21,2026-06-08 02:00:00,1,0.7388426500000002,1,0.5158161624999998,1
M22,2026-06-08 02:00:00,0,0.09824426666666668,0,0.0082719625,0
M23,2026-06-08 02:00:00,0,0.7754593500000001,1,0.488091525,0
M24,2026-06-08 02:00:00,0,0.005193133333333333,0,0.0004914625,0
M25,2026-06-08 02:00:00,0,0.5716607333333334,1,0.5012901124999999,1
M01,2026-06-08 03:00:00,0,0.02380628333333333,0,8.9e-06,0
M02,2026-06-08 03:00:00,0,0.48883291666666656,0,0.440579325,0
M03,2026-06-08 03:00:00,0,0.8583690333333334,1,0.6477661125000002,1
M04,2026-06-08 03:00:00,0,0.024253700000000003,0,0.005998612500000001,0
M05,2026-06-08 03:00:00,0,0.5387639666666666,1,0.39013231249999997,0
M06,2026-06-08 03:00:00,0,0.05567048333333335,0,0.026963525,0
M07,2026-06-08 03:00:00,0,0.04449368333333334,0,0.026157950000000003,0
M08,2026-06-08 03:00:00,0,0.0060041,0,0.001965725,0
M09,2026-06-08 03:00:00,0,0.051062916666666666,0,0.0009731875000000001,0
M10,2026-06-08 03:00:00,0,0.11975483333333332,0,0.0784346875,0
M11,2026-06-08 03:00:00,1,0.8421652999999999,1,0.7386211,1
M12,2026-06-08 03:00:00,0,0.022268533333333337,0,0.0005434750000000001,0
M13,2026-06-08 03:00:00,0,0.36526275,0,0.46276874999999995,0
M14,2026-06-08 03:00:00,0,0.015368283333333335,0,0.0007805749999999999,0
M15,2026-06-08 03:00:00,0,0.22835826666666664,0,0.229884775,0
M16,2026-06-08 03:00:00,0,0.040259716666666674,0,0.0075884,0
M17,2026-06-08 03:00:00,1,0.5604708666666668,1,0.16235972499999998,0
M18,2026-06-08 03:00:00,0,0.8260471666666668,1,0.6336385250000001,1
M19,2026-06-08 03:00:00,0,0.18873878333333335,0,0.0725687375,0
M20,2026-06-08 03:00:00,0,0.010140733333333336,0,0.006130575,0
M21,2026-06-08 03:00:00,1,0.8960965166666662,1,0.6458412749999998,1
M22,2026-06-08 03:00:00,0,0.08426033333333333,0,0.00484585,0
M23,2026-06-08 03:00:00,0,0.7957744833333333,1,0.5669902625000002,1
M24,2026-06-08 03:00:00,0,0.008130799999999999,0,0.00031099999999999997,0
M25,2026-06-08 03:00:00,0,0.49579363333333326,0,0.4582082500000001,0
M01,2026-06-08 04:00:00,0,0.020457716666666667,0,0.0019825875,0
M02,2026-06-08 04:00:00,0,0.8678783999999997,1,0.8388496874999998,1
M03,2026-06-08 04:00:00,0,0.8471488333333334,1,0.6200813750000002,1
M04,2026-06-08 04:00:00,0,0.03933473333333334,0,0.0026230000000000003,0
M05,2026-06-08 04:00:00,0,0.45293748333333345,0,0.335860025,0
M06,2026-06-08 04:00:00,0,0.09890788333333335,0,0.0452871375,0
M07,2026-06-08 04:00:00,0,0.0238778,0,0.007950212500000001,0
M08,2026-06-08 04:00:00,0,0.019431066666666667,0,0.003289475,0
M09,2026-06-08 04:00:00,0,0.060993649999999996,0,0.0026503625000000005,0
M10,2026-06-08 04:00:00,0,0.11848790000000001,0,0.08575405,0
M11,2026-06-08 04:00:00,1,0.8827834833333336,1,0.818591275,1
M12,2026-06-08 04:00:00,0,0.031049466666666668,0,0.010986199999999998,0
M13,2026-06-08 04:00:00,0,0.3715030666666667,0,0.44654227499999993,0
M14,2026-06-08 04:00:00,0,0.02044211666666667,0,0.0011871625,0
M15,2026-06-08 04:00:00,0,0.4602380833333333,0,0.3917187374999999,0
M16,2026-06-08 04:00:00,0,0.008754483333333335,0,0.006296225,0
M17,2026-06-08 04:00:00,1,0.8052298166666667,1,0.5209027875000001,1
M18,2026-06-08 04:00:00,0,0.7532073333333335,1,0.5616843125000001,1
M19,2026-06-08 04:00:00,0,0.08475316666666667,0,0.017205425000000003,0
M20,2026-06-08 04:00:00,0,0.021751866666666668,0,0.007174125000000002,0
M21,2026-06-08 04:00:00,1,0.902554183333333,1,0.6857423999999999,1
M22,2026-06-08 04:00:00,0,0.11069044999999998,0,0.010811949999999999,0
M23,2026-06-08 04:00:00,0,0.8891415500000001,1,0.5967009249999999,1
M24,2026-06-08 04:00:00,0,0.005193133333333333,0,0.00031099999999999997,0
M25,2026-06-08 04:00:00,0,0.4556283499999999,0,0.3957392875,0
M01,2026-06-08 05:00:00,0,0.04660491666666666,0,0.00711435,0
M02,2026-06-08 05:00:00,0,0.8109045666666663,1,0.5364084499999999,1
M03,2026-06-08 05:00:00,0,0.8535879166666667,1,0.650704975,1
M04,2026-06-08 05:00:00,0,0.019363683333333333,0,0.0048890125,0
M05,2026-06-08 05:00:00,0,0.4365023166666668,0,0.32820945,0
M06,2026-06-08 05:00:00,0,0.10943720000000003,0,0.0452871375,0
M07,2026-06-08 05:00:00,0,0.12064035,0,0.028810412500000004,0
M08,2026-06-08 05:00:00,0,0.0033108499999999997,0,0.0,0
M09,2026-06-08 05:00:00,0,0.037156883333333335,0,6.91875e-05,0
M10,2026-06-08 05:00:00,0,0.14054951666666665,0,0.0922398,0
M11,2026-06-08 05:00:00,1,0.9133568833333335,1,0.8605960125,1
M12,2026-06-08 05:00:00,0,0.012768900000000001,0,0.010986199999999998,0
M13,2026-06-08 05:00:00,0,0.5377596166666667,1,0.44047297500000016,0
M14,2026-06-08 05:00:00,0,0.02516733333333333,0,0.0016319875,0
M15,2026-06-08 05:00:00,0,0.4695370333333333,0,0.37638040000000006,0
M16,2026-06-08 05:00:00,0,0.0257197,0,0.000731675,0
M17,2026-06-08 05:00:00,1,0.8250971166666666,1,0.5412029625000001,1
M18,2026-06-08 05:00:00,0,0.8335757333333333,1,0.6405310749999998,1
M19,2026-06-08 05:00:00,0,0.08797835,0,0.08807548750000001,0
M20,2026-06-08 05:00:00,0,0.026259083333333332,0,0.013737912500000001,0
M21,2026-06-08 05:00:00,1,0.9040071666666664,1,0.6681202499999999,1
M22,2026-06-08 05:00:00,0,0.07548135,0,0.007669899999999999,0
M23,2026-06-08 05:00:00,0,0.8844177500000001,1,0.7828693875,1
M24,2026-06-08 05:00:00,0,0.005193133333333333,0,0.0006332125,0
M25,2026-06-08 05:00:00,0,0.3962268333333333,0,0.40252385,0
M01,2026-06-08 06:00:00,0,0.03409423333333333,0,2.03e-05,0
M02,2026-06-08 06:00:00,0,0.7958456666666666,1,0.5773889874999998,1
M03,2026-06-08 06:00:00,0,0.840973566666667,1,0.6500041249999999,1
M04,2026-06-08 06:00:00,0,0.01737131666666667,0,0.0036348375000000003,0
M05,2026-06-08 06:00:00,0,0.5418289666666668,1,0.36494167499999997,0
M06,2026-06-08 06:00:00,0,0.06025726666666666,0,0.02745205,0
M07,2026-06-08 06:00:00,0,0.07458870000000001,0,0.0444489,0
M08,2026-06-08 06:00:00,0,0.0,0,0.0,0
M09,2026-06-08 06:00:00,0,0.05687361666666667,0,0.031962237500000004,0
M10,2026-06-08 06:00:00,0,0.2761617333333333,0,0.20509951249999997,0
M11,2026-06-08 06:00:00,1,0.9148356166666667,1,0.8625841875000001,1
M12,2026-06-08 06:00:00,0,0.02336416666666667,0,0.0190467125,0
M13,2026-06-08 06:00:00,0,0.760170216666667,1,0.50793415,1
M14,2026-06-08 06:00:00,0,0.03578155,0,0.0159259,0
M15,2026-06-08 06:00:00,0,0.31873133333333337,0,0.20734149999999998,0
M16,2026-06-08 06:00:00,0,0.02563896666666667,0,0.0028933500000000003,0
M17,2026-06-08 06:00:00,1,0.8879766,1,0.6346432999999998,1
M18,2026-06-08 06:00:00,0,0.8197413333333334,1,0.6509315250000001,1
M19,2026-06-08 06:00:00,0,0.11286376666666667,0,0.14014928750000002,0
M20,2026-06-08 06:00:00,0,0.021573183333333332,0,0.013281125000000001,0
M21,2026-06-08 06:00:00,1,0.880899083333333,1,0.6660283249999996,1
M22,2026-06-08 06:00:00,0,0.08101956666666667,0,0.008881074999999999,0
M23,2026-06-08 06:00:00,0,0.8354348166666667,1,0.617332875,1
M24,2026-06-08 06:00:00,0,0.005193133333333333,0,0.00031099999999999997,0
M25,2026-06-08 06:00:00,0,0.4311891166666666,0,0.41139867500000005,0
M01,2026-06-08 07:00:00,0,0.02106696666666667,0,0.012973725,0
M02,2026-06-08 07:00:00,0,0.8624045499999995,1,0.641826575,1
M03,2026-06-08 07:00:00,0,0.9440888666666667,1,0.7819392124999999,1
M04,2026-06-08 07:00:00,0,0.009222283333333334,0,0.0079530625,0
M05,2026-06-08 07:00:00,0,0.6092290166666666,1,0.37481577499999996,0
M06,2026-06-08 07:00:00,0,0.03614391666666667,0,0.025973450000000002,0
M07,2026-06-08 07:00:00,0,0.08973931666666665,0,0.028107,0
M08,2026-06-08 07:00:00,0,0.00018446666666666666,0,0.0010064375,0
M09,2026-06-08 07:00:00,0,0.007716766666666667,0,0.0024550125,0
M10,2026-06-08 07:00:00,0,0.20983736666666666,0,0.18675777500000001,0
M11,2026-06-08 07:00:00,1,0.8194286500000001,1,0.7406805499999999,1
M12,2026-06-08 07:00:00,0,0.03621361666666666,0,0.010986199999999998,0
M13,2026-06-08 07:00:00,0,0.7823067500000003,1,0.513164925,1
M14,2026-06-08 07:00:00,0,0.0807007,0,0.040725525000000005,0
M15,2026-06-08 07:00:00,0,0.5141411666666668,1,0.2695501625,0
M16,2026-06-08 07:00:00,0,0.04421365,0,0.010412787500000001,0
M17,2026-06-08 07:00:00,1,0.7713856500000004,1,0.50069365,1
M18,2026-06-08 07:00:00,0,0.8902605500000002,1,0.6678455250000002,1
M19,2026-06-08 07:00:00,0,0.14162115,0,0.2545601125,0
M20,2026-06-08 07:00:00,0,0.02007148333333333,0,0.007293087500000001,0
M21,2026-06-08 07:00:00,1,0.9043500166666664,1,0.657263075,1
M22,2026-06-08 07:00:00,0,0.09907276666666669,0,0.007505474999999999,0
M23,2026-06-08 07:00:00,0,0.8926366166666669,1,0.8069529124999999,1
M24,2026-06-08 07:00:00,0,0.008692816666666667,0,0.006236500000000001,0
M25,2026-06-08 07:00:00,0,0.4909197333333332,0,0.4366805124999999,0
M01,2026-06-08 08:00:00,0,0.010956833333333334,0,0.0047822,0
M02,2026-06-08 08:00:00,0,0.8136075666666667,1,0.6834850749999997,1
M03,2026-06-08 08:00:00,0,0.9273963333333332,1,0.7952274999999999,1
M04,2026-06-08 08:00:00,0,0.01970448333333334,0,0.0087238125,0
M05,2026-06-08 08:00:00,0,0.44964548333333343,0,0.2299549375,0
M06,2026-06-08 08:00:00,0,0.04932283333333333,0,0.026557887500000005,0
M07,2026-06-08 08:00:00,0,0.062002666666666664,0,0.023632887499999998,0
M08,2026-06-08 08:00:00,0,0.0223451,0,0.0,0
M09,2026-06-08 08:00:00,0,0.07129208333333333,0,0.026339625000000005,0
M10,2026-06-08 08:00:00,0,0.2205001,0,0.1866633125,0
M11,2026-06-08 08:00:00,1,0.9148356166666667,1,0.862617625,1
M12,2026-06-08 08:00:00,0,0.01970953333333333,0,0.0239659875,0
M13,2026-06-08 08:00:00,0,0.7976253500000002,1,0.5487005249999999,1
M14,2026-06-08 08:00:00,0,0.0371105,0,0.05559027500000001,0
M15,2026-06-08 08:00:00,0,0.6136878666666665,1,0.30963136250000006,0
M16,2026-06-08 08:00:00,0,0.027429183333333333,0,0.0076235625,0
M17,2026-06-08 08:00:00,1,0.8995892333333334,1,0.6562177375,1
M18,2026-06-08 08:00:00,0,0.9065863333333332,1,0.6838780750000002,1
M19,2026-06-08 08:00:00,0,0.1432656,0,0.2568214125,0
M20,2026-06-08 08:00:00,0,0.021573183333333332,0,0.013281125000000001,0
M21,2026-06-08 08:00:00,1,0.9047496499999997,1,0.6433351375,1
M22,2026-06-08 08:00:00,0,0.09247258333333334,0,0.012761262500000004,0
M23,2026-06-08 08:00:00,0,0.8849046500000001,1,0.869206725,1
M24,2026-06-08 08:00:00,0,0.008692816666666667,0,0.0060560375,0
M25,2026-06-08 08:00:00,0,0.41158195000000003,0,0.46099616250000014,0
M01,2026-06-08 09:00:00,0,0.03593428333333334,0,0.0098294625,0
M02,2026-06-08 09:00:00,0,0.8256553833333334,1,0.7002208874999998,1
M03,2026-06-08 09:00:00,0,0.827138183333333,1,0.6122558375,1
M04,2026-06-08 09:00:00,0,0.01686443333333333,0,0.0081956375,0
M05,2026-06-08 09:00:00,0,0.5793608666666666,1,0.20924105,0
M06,2026-06-08 09:00:00,0,0.040607250000000004,0,0.025859775,0
M07,2026-06-08 09:00:00,0,0.09024781666666666,0,0.032481475,0
M08,2026-06-08 09:00:00,0,0.0,0,0.0,0
M09,2026-06-08 09:00:00,0,0.010467216666666666,0,0.0026076874999999998,0
M10,2026-06-08 09:00:00,0,0.26544425,0,0.2968460125,0
M11,2026-06-08 09:00:00,1,0.9166661666666668,1,0.8596605,1
M12,2026-06-08 09:00:00,0,0.022453466666666665,0,0.0242824375,0
M13,2026-06-08 09:00:00,0,0.721120516666667,1,0.4832961125,0
M14,2026-06-08 09:00:00,0,0.08391413333333334,0,0.066836925,0
M15,2026-06-08 09:00:00,0,0.6225168333333333,1,0.327205375,0
M16,2026-06-08 09:00:00,0,0.03761436666666666,0,0.0129777375,0
M17,2026-06-08 09:00:00,1,0.8513583166666666,1,0.5498487375,1
M18,2026-06-08 09:00:00,0,0.8897419333333333,1,0.7019543250000002,1
M19,2026-06-08 09:00:00,0,0.18856963333333335,0,0.21169469999999996,0
M20,2026-06-08 09:00:00,0,0.023253566666666666,0,0.013082500000000002,0
M21,2026-06-08 09:00:00,1,0.897721933333333,1,0.7339845874999997,1
M22,2026-06-08 09:00:00,0,0.11503751666666667,0,0.0116464,0
M23,2026-06-08 09:00:00,0,0.8855114833333335,1,0.8535969874999998,1
M24,2026-06-08 09:00:00,0,0.008692816666666667,0,0.0060560375,0
M25,2026-06-08 09:00:00,0,0.37374194999999993,0,0.4423578000000001,0
M01,2026-06-08 10:00:00,0,0.010956833333333334,0,0.008608987500000002,0
M02,2026-06-08 10:00:00,0,0.7879129333333332,1,0.6713199999999996,1
M03,2026-06-08 10:00:00,0,0.830839833333333,1,0.6352977875000001,1
M04,2026-06-08 10:00:00,0,0.012501216666666669,0,0.004977150000000001,0
M05,2026-06-08 10:00:00,0,0.5198645000000001,1,0.21359941249999997,0
M06,2026-06-08 10:00:00,0,0.0460224,0,0.026888525000000003,0
M07,2026-06-08 10:00:00,0,0.04133708333333332,0,0.0329833125,0
M08,2026-06-08 10:00:00,0,0.0,0,0.0,0
M09,2026-06-08 10:00:00,0,0.027741049999999996,0,0.0027016749999999997,0
M10,2026-06-08 10:00:00,0,0.2667760833333333,0,0.2036307125,0
M11,2026-06-08 10:00:00,1,0.9178391333333333,1,0.8765733000000001,1
M12,2026-06-08 10:00:00,0,0.03621361666666666,0,0.0133010125,0
M13,2026-06-08 10:00:00,0,0.8622311333333335,1,0.55872095,1
M14,2026-06-08 10:00:00,0,0.07539785,0,0.064336925,0
M15,2026-06-08 10:00:00,0,0.33068671666666666,0,0.20360195,0
M16,2026-06-08 10:00:00,0,0.028475000000000004,0,0.007822787500000001,0
M17,2026-06-08 10:00:00,1,0.7643672166666668,1,0.485877075,0
M18,2026-06-08 10:00:00,0,0.9505550500000001,1,0.8172943250000001,1
M19,2026-06-08 10:00:00,0,0.24867601666666667,0,0.3355289625000001,0
M20,2026-06-08 10:00:00,0,0.04641378333333334,0,0.010462787500000003,0
M21,2026-06-08 10:00:00,1,0.908844183333333,1,0.7211011374999999,1
M22,2026-06-08 10:00:00,0,0.09625011666666666,0,0.010064824999999998,0
M23,2026-06-08 10:00:00,0,0.8789272000000001,1,0.8535969874999998,1
M24,2026-06-08 10:00:00,0,0.008692816666666667,0,0.0118139625,0
M25,2026-06-08 10:00:00,0,0.6698461499999999,1,0.5365837874999999,1
M01,2026-06-08 11:00:00,0,0.010956833333333334,0,0.0080906875,0
M02,2026-06-08 11:00:00,0,0.7626633500000001,1,0.6307955249999997,1
M03,2026-06-08 11:00:00,0,0.8299199833333331,1,0.6403447749999999,1
M04,2026-06-08 11:00:00,0,0.012501216666666669,0,0.004977150000000001,0
M05,2026-06-08 11:00:00,1,0.7221508499999999,1,0.31346771250000005,0
M06,2026-06-08 11:00:00,0,0.04838595,0,0.027321100000000004,0
M07,2026-06-08 11:00:00,0,0.03231451666666667,0,0.025255,0
M08,2026-06-08 11:00:00,0,0.02229486666666667,0,0.0005208375000000001,0
M09,2026-06-08 11:00:00,0,0.04011351666666666,0,0.00278285,0
M10,2026-06-08 11:00:00,0,0.2090690333333333,0,0.20484948749999998,0
M11,2026-06-08 11:00:00,1,0.9166483000000002,1,0.8697440875,1
M12,2026-06-08 11:00:00,0,0.03621361666666666,0,0.015086737499999999,0
M13,2026-06-08 11:00:00,0,0.8696077333333334,1,0.57237945,1
M14,2026-06-08 11:00:00,0,0.05274029999999998,0,0.04291292499999999,0
M15,2026-06-08 11:00:00,0,0.3361287,0,0.2148507,0
M16,2026-06-08 11:00:00,0,0.045259233333333336,0,0.0115085875,0
M17,2026-06-08 11:00:00,1,0.7871694833333331,1,0.5678772000000001,1
M18,2026-06-08 11:00:00,0,0.9339223833333334,1,0.7971519875,1
M19,2026-06-08 11:00:00,0,0.16817338333333334,0,0.25161817500000005,0
M20,2026-06-08 11:00:00,0,0.028425916666666665,0,0.013251962500000002,0
M21,2026-06-08 11:00:00,1,0.8853702999999997,1,0.7208156999999997,1
M22,2026-06-08 11:00:00,0,0.0882418,0,0.008866699999999998,0
M23,2026-06-08 11:00:00,0,0.8037870166666667,1,0.5664875749999999,1
M24,2026-06-08 11:00:00,0,0.008692816666666667,0,0.0089538875,0
M25,2026-06-08 11:00:00,0,0.7106666333333335,1,0.5701627624999999,1
M01,2026-06-08 12:00:00,0,0.016476133333333334,0,0.010043100000000001,0
M02,2026-06-08 12:00:00,0,0.7793091666666666,1,0.6562115624999997,1
M03,2026-06-08 12:00:00,0,0.8398706666666664,1,0.6274202625,1
M04,2026-06-08 12:00:00,0,0.012501216666666669,0,0.0081956375,0
M05,2026-06-08 12:00:00,1,0.5945585999999999,1,0.27419103749999996,0
M06,2026-06-08 12:00:00,0,0.03234106666666667,0,0.0262420875,0
M07,2026-06-08 12:00:00,0,0.036680449999999996,0,0.02407405,0
M08,2026-06-08 12:00:00,0,0.0,0,0.0,0
M09,2026-06-08 12:00:00,0,0.026615616666666668,0,9.39875e-05,0
M10,2026-06-08 12:00:00,0,0.4990821666666667,0,0.45447323750000007,0
M11,2026-06-08 12:00:00,1,0.8232371666666666,1,0.7807219,1
M12,2026-06-08 12:00:00,0,0.03621361666666666,0,0.010986199999999998,0
M13,2026-06-08 12:00:00,0,0.9357548500000002,1,0.8118473874999997,1
M14,2026-06-08 12:00:00,0,0.15725470000000003,0,0.12018434999999998,0
M15,2026-06-08 12:00:00,0,0.3648072333333333,0,0.1693876125,0
M16,2026-06-08 12:00:00,0,0.03743925,0,0.0072469875000000005,0
M17,2026-06-08 12:00:00,1,0.7749437166666666,1,0.5119524999999999,1
M18,2026-06-08 12:00:00,0,0.9779240666666666,1,0.9482694500000001,1
M19,2026-06-08 12:00:00,0,0.23215268333333333,0,0.25540992500000004,0
M20,2026-06-08 12:00:00,0,0.0229948,0,0.010247600000000003,0
M21,2026-06-08 12:00:00,1,0.8114023833333334,1,0.557784475,1
M22,2026-06-08 12:00:00,0,0.07548135,0,0.0041399,0
M23,2026-06-08 12:00:00,0,0.7688071166666668,1,0.5291220625000002,1
M24,2026-06-08 12:00:00,0,0.008692816666666667,0,0.0060560375,0
M25,2026-06-08 12:00:00,0,0.6164065833333333,1,0.5023136125000003,1
M01,2026-06-08 13:00:00,0,0.02380628333333333,0,0.0001176,0
M02,2026-06-08 13:00:00,0,0.7811144833333336,1,0.6490256874999998,1
M03,2026-06-08 13:00:00,0,0.827138183333333,1,0.6045921750000001,1
M04,2026-06-08 13:00:00,0,0.012501216666666669,0,0.0036348375000000003,0
M05,2026-06-08 13:00:00,1,0.5469956000000001,1,0.23075553750000002,0
M06,2026-06-08 13:00:00,0,0.03510336666666666,0,0.026360349999999998,0
M07,2026-06-08 13:00:00,0,0.03192728333333334,0,0.02926195,0
M08,2026-06-08 13:00:00,0,0.0,0,0.0,0
M09,2026-06-08 13:00:00,0,0.027741049999999996,0,0.0027016749999999997,0
M10,2026-06-08 13:00:00,0,0.6117570000000001,1,0.5584150625000001,1
M11,2026-06-08 13:00:00,1,0.91578685,1,0.871224475,1
M12,2026-06-08 13:00:00,0,0.03621361666666666,0,0.021350875,0
M13,2026-06-08 13:00:00,0,0.96440335,1,0.9131537124999998,1
M14,2026-06-08 13:00:00,0,0.04739341666666666,0,0.059497549999999996,0
M15,2026-06-08 13:00:00,0,0.6983084499999997,1,0.32330575,0
M16,2026-06-08 13:00:00,0,0.019612916666666667,0,0.007304187500000001,0
M17,2026-06-08 13:00:00,1,0.8986965166666666,1,0.7715216624999999,1
M18,2026-06-08 13:00:00,0,0.9439527333333333,1,0.8409544624999998,1
M19,2026-06-08 13:00:00,0,0.13019465,0,0.1457309875,0
M20,2026-06-08 13:00:00,0,0.031431433333333335,0,0.013025375000000002,0
M21,2026-06-08 13:00:00,1,0.8989891999999998,1,0.6867186124999998,1
M22,2026-06-08 13:00:00,0,0.08985495000000002,0,0.007202637499999999,0
M23,2026-06-08 13:00:00,0,0.8043059333333334,1,0.5259885500000001,1
M24,2026-06-08 13:00:00,0,0.008692816666666667,0,0.008912600000000001,0
M25,2026-06-08 13:00:00,0,0.6215264833333333,1,0.47674569999999994,0
M01,2026-06-08 14:00:00,0,0.017783700000000003,0,0.0005376875000000001,0
M02,2026-06-08 14:00:00,0,0.7899969166666667,1,0.6259902999999998,1
M03,2026-06-08 14:00:00,0,0.8442780499999998,1,0.623124225,1
M04,2026-06-08 14:00:00,0,0.02005441666666667,0,0.0106738875,0
M05,2026-06-08 14:00:00,1,0.769162283333333,1,0.3743097125,0
M06,2026-06-08 14:00:00,0,0.07643345,0,0.028979175000000003,0
M07,2026-06-08 14:00:00,0,0.07981115,0,0.0469003125,0
M08,2026-06-08 14:00:00,0,0.0,0,0.0,0
M09,2026-06-08 14:00:00,0,0.022173433333333336,0,0.00462475,0
M10,2026-06-08 14:00:00,0,0.6390881666666667,1,0.6180548374999998,1
M11,2026-06-08 14:00:00,1,0.9158842333333334,1,0.8766111375000001,1
M12,2026-06-08 14:00:00,0,0.02336416666666667,0,0.0190467125,0
M13,2026-06-08 14:00:00,0,0.8645722833333335,1,0.6394915374999999,1
M14,2026-06-08 14:00:00,0,0.05726851666666665,0,0.0554997375,0
M15,2026-06-08 14:00:00,0,0.3677923,0,0.174061075,0
M16,2026-06-08 14:00:00,0,0.03307988333333333,0,0.013563225000000002,0
M17,2026-06-08 14:00:00,1,0.7108235999999999,1,0.45639745000000004,0
M18,2026-06-08 14:00:00,0,0.9485427166666668,1,0.8468292249999999,1
M19,2026-06-08 14:00:00,0,0.1320873,0,0.1433927125,0
M20,2026-06-08 14:00:00,0,0.028425916666666665,0,0.013251962500000002,0
M21,2026-06-08 14:00:00,1,0.7779184,1,0.5397440375000001,1
M22,2026-06-08 14:00:00,0,0.08976236666666668,0,0.0112842875,0
M23,2026-06-08 14:00:00,0,0.7709657333333334,1,0.5131316750000001,1
M24,2026-06-08 14:00:00,0,0.008692816666666667,0,0.006236500000000001,0
M25,2026-06-08 14:00:00,0,0.7328054333333333,1,0.549415425,1
M01,2026-06-08 15:00:00,0,0.015538050000000001,0,0.0001580625,0
M02,2026-06-08 15:00:00,0,0.7771421833333333,1,0.5575336124999998,1
M03,2026-06-08 15:00:00,0,0.891990983333333,1,0.6382542375000001,1
M04,2026-06-08 15:00:00,0,0.013971716666666668,0,0.0,0
M05,2026-06-08 15:00:00,1,0.7573831166666666,1,0.41147611250000005,0
M06,2026-06-08 15:00:00,0,0.044787,0,0.025886200000000005,0
M07,2026-06-08 15:00:00,0,0.039823533333333334,0,0.031493625,0
M08,2026-06-08 15:00:00,0,0.0,0,0.0,0
M09,2026-06-08 15:00:00,0,0.046920316666666656,0,0.00278285,0
M10,2026-06-08 15:00:00,0,0.6302856833333332,1,0.5765842250000001,1
M11,2026-06-08 15:00:00,1,0.8189308666666666,1,0.7997322,1
M12,2026-06-08 15:00:00,0,0.029242416666666667,0,0.013615687500000001,0
M13,2026-06-08 15:00:00,0,0.9193792666666668,1,0.80688645,1
M14,2026-06-08 15:00:00,0,0.06553039999999997,0,0.06826090000000001,0
M15,2026-06-08 15:00:00,0,0.3846014333333334,0,0.15985577500000003,0
M16,2026-06-08 15:00:00,0,0.06854541666666665,0,0.0318817375,0
M17,2026-06-08 15:00:00,1,0.8113261499999999,1,0.5629919499999999,1
M18,2026-06-08 15:00:00,0,0.9602570666666667,1,0.880137525,1
M19,2026-06-08 15:00:00,0,0.13430881666666666,0,0.19315519999999997,0
M20,2026-06-08 15:00:00,0,0.022110833333333333,0,0.0124128125,0
M21,2026-06-08 15:00:00,1,0.9062512666666666,1,0.7036575499999999,1
M22,2026-06-08 15:00:00,0,0.07301125,0,0.0082928375,0
M23,2026-06-08 15:00:00,0,0.7220475666666667,1,0.4717838500000001,0
M24,2026-06-08 15:00:00,0,0.04242298333333334,0,0.029290899999999998,0
M25,2026-06-08 15:00:00,0,0.6533376833333333,1,0.5259735125000002,1
M01,2026-06-08 16:00:00,0,0.06415238333333334,0,0.008636775,0
M02,2026-06-08 16:00:00,0,0.5148392333333336,1,0.49746827499999996,0
M03,2026-06-08 16:00:00,0,0.8660250833333331,1,0.6455611625000002,1
M04,2026-06-08 16:00:00,0,0.019794550000000005,0,0.0002931875,0
M05,2026-06-08 16:00:00,1,0.5205830833333334,1,0.2495352,0
M06,2026-06-08 16:00:00,0,0.11092608333333336,0,0.0365149,0
M07,2026-06-08 16:00:00,0,0.12124358333333334,0,0.0476796625,0
M08,2026-06-08 16:00:00,0,0.0,0,0.0,0
M09,2026-06-08 16:00:00,0,0.07380186666666666,0,0.0182764,0
M10,2026-06-08 16:00:00,0,0.5976386333333334,1,0.5418019625,1
M11,2026-06-08 16:00:00,1,0.9154080833333335,1,0.8780954125000001,1
M12,2026-06-08 16:00:00,0,0.02351605,0,0.010986199999999998,0
M13,2026-06-08 16:00:00,0,0.8302252833333336,1,0.6999686875000001,1
M14,2026-06-08 16:00:00,0,0.11577741666666665,0,0.08549630000000001,0
M15,2026-06-08 16:00:00,0,0.5422370000000001,1,0.172209,0
M16,2026-06-08 16:00:00,0,0.047256849999999996,0,0.013575799999999999,0
M17,2026-06-08 16:00:00,0,0.3986088166666667,0,0.29023459999999995,0
M18,2026-06-08 16:00:00,0,0.9393381333333334,1,0.8311924124999999,1
M19,2026-06-08 16:00:00,0,0.2114026666666667,0,0.21735935,0
M20,2026-06-08 16:00:00,0,0.058805899999999994,0,0.0130797875,0
M21,2026-06-08 16:00:00,1,0.9038116666666666,1,0.6938739249999999,1
M22,2026-06-08 16:00:00,0,0.06308961666666667,0,0.004031,0
M23,2026-06-08 16:00:00,0,0.8463579000000002,1,0.48560201249999996,0
M24,2026-06-08 16:00:00,0,0.008692816666666667,0,0.006930950000000001,0
M25,2026-06-08 16:00:00,0,0.7144564333333335,1,0.5223461375000001,1
M01,2026-06-08 17:00:00,0,0.028227600000000002,0,0.010981975000000001,0
M02,2026-06-08 17:00:00,0,0.5256897166666669,1,0.47574008749999985,0
M03,2026-06-08 17:00:00,0,0.8938190499999996,1,0.672302725,1
M04,2026-06-08 17:00:00,0,0.01824391666666667,0,0.010031225,0
M05,2026-06-08 17:00:00,1,0.756128683333333,1,0.38333236249999997,0
M06,2026-06-08 17:00:00,0,0.05534628333333333,0,0.026690050000000003,0
M07,2026-06-08 17:00:00,0,0.058395866666666664,0,0.0339305375,0
M08,2026-06-08 17:00:00,0,0.0,0,0.0,0
M09,2026-06-08 17:00:00,0,0.05470426666666666,0,0.029083487500000005,0
M10,2026-06-08 17:00:00,0,0.6086305500000001,1,0.5478242625,1
M11,2026-06-08 17:00:00,1,0.9145488500000002,1,0.8716433374999999,1
M12,2026-06-08 17:00:00,0,0.0267038,0,0.0082688125,0
M13,2026-06-08 17:00:00,0,0.7567839666666667,1,0.4826135625,0
M14,2026-06-08 17:00:00,0,0.07615751666666665,0,0.07708857500000002,0
M15,2026-06-08 17:00:00,0,0.4813204333333335,0,0.21545846250000006,0
M16,2026-06-08 17:00:00,0,0.04280358333333333,0,0.0237364125,0
M17,2026-06-08 17:00:00,0,0.23680708333333333,0,0.14591611250000003,0
M18,2026-06-08 17:00:00,0,0.9327398666666668,1,0.849437625,1
M19,2026-06-08 17:00:00,0,0.14071693333333332,0,0.16353287499999997,0
M20,2026-06-08 17:00:00,0,0.05837328333333333,0,0.02075845,0
M21,2026-06-08 17:00:00,1,0.7585840833333334,1,0.5045970625,1
M22,2026-06-08 17:00:00,0,0.06950626666666668,0,0.0051179625,0
M23,2026-06-08 17:00:00,0,0.7014132000000003,1,0.3819197,0
M24,2026-06-08 17:00:00,0,0.015631383333333335,0,0.006750487500000001,0
M25,2026-06-08 17:00:00,0,0.7626608333333333,1,0.5516950000000002,1
M01,2026-06-08 18:00:00,0,0.012547550000000003,0,0.0001783625,0
M02,2026-06-08 18:00:00,0,0.5280242833333335,1,0.4616187375,0
M03,2026-06-08 18:00:00,0,0.9022823999999997,1,0.729391125,1
M04,2026-06-08 18:00:00,0,0.012293866666666669,0,0.0093572875,0
M05,2026-06-08 18:00:00,1,0.7497848833333329,1,0.36551207499999994,0
M06,2026-06-08 18:00:00,0,0.05893916666666666,0,0.026872012500000007,0
M07,2026-06-08 18:00:00,0,0.058395866666666664,0,0.0391426875,0
M08,2026-06-08 18:00:00,0,0.0,0,0.0,0
M09,2026-06-08 18:00:00,0,0.0180474,0,0.003632875,0
M10,2026-06-08 18:00:00,0,0.4514607166666667,0,0.37733215,0
M11,2026-06-08 18:00:00,1,0.9148356166666667,1,0.8611755999999998,1
M12,2026-06-08 18:00:00,0,0.02351605,0,0.010986199999999998,0
M13,2026-06-08 18:00:00,0,0.8406758833333333,1,0.52291885,1
M14,2026-06-08 18:00:00,0,0.04789746666666665,0,0.051931950000000004,0
M15,2026-06-08 18:00:00,0,0.3838199500000001,0,0.18912940000000003,0
M16,2026-06-08 18:00:00,0,0.04280358333333333,0,0.027226375000000004,0
M17,2026-06-08 18:00:00,0,0.22662783333333328,0,0.062474362500000005,0
M18,2026-06-08 18:00:00,0,0.9107614,1,0.788505075,1
M19,2026-06-08 18:00:00,0,0.12801821666666666,0,0.15401114999999999,0
M20,2026-06-08 18:00:00,0,0.0719857,0,0.0117404375,0
M21,2026-06-08 18:00:00,1,0.8302651500000002,1,0.5254972250000002,1
M22,2026-06-08 18:00:00,0,0.08673828333333335,0,0.015748675,0
M23,2026-06-08 18:00:00,0,0.7780048666666668,1,0.4600563875,0
M24,2026-06-08 18:00:00,0,0.015631383333333335,0,0.0075678875,0
M25,2026-06-08 18:00:00,0,0.6641888,1,0.7876307749999999,1
M01,2026-06-08 19:00:00,0,0.01726061666666667,0,0.0001783625,0
M02,2026-06-08 19:00:00,0,0.7986815833333334,1,0.6889115374999997,1
M03,2026-06-08 19:00:00,0,0.9121473333333332,1,0.7773244124999998,1
M04,2026-06-08 19:00:00,0,0.03224706666666667,0,0.007065212500000001,0
M05,2026-06-08 19:00:00,1,0.7764521499999996,1,0.37456753750000005,0
M06,2026-06-08 19:00:00,0,0.05418871666666666,0,0.026619800000000006,0
M07,2026-06-08 19:00:00,0,0.043061666666666665,0,0.025839275000000002,0
M08,2026-06-08 19:00:00,0,0.015811183333333333,0,0.0005208375000000001,0
M09,2026-06-08 19:00:00,0,0.04260283333333333,0,0.0038869374999999998,0
M10,2026-06-08 19:00:00,0,0.42943888333333324,0,0.39166045000000005,0
M11,2026-06-08 19:00:00,1,0.9148231333333334,1,0.87453375,1
M12,2026-06-08 19:00:00,0,0.024526816666666666,0,0.01269075,0
M13,2026-06-08 19:00:00,0,0.8295659666666667,1,0.5452359625000002,1
M14,2026-06-08 19:00:00,0,0.03968423333333333,0,0.052356200000000006,0
M15,2026-06-08 19:00:00,0,0.6612131166666665,1,0.3058185625000001,0
M16,2026-06-08 19:00:00,0,0.04267443333333333,0,0.012990350000000001,0
M17,2026-06-08 19:00:00,0,0.15728855,0,0.018334875,0
M18,2026-06-08 19:00:00,0,0.9109952333333333,1,0.7543209874999999,1
M19,2026-06-08 19:00:00,0,0.21932300000000005,0,0.25509503750000007,0
M20,2026-06-08 19:00:00,0,0.024644766666666665,0,0.0061513,0
M21,2026-06-08 19:00:00,1,0.898509083333333,1,0.7500854624999997,1
M22,2026-06-08 19:00:00,0,0.07662578333333332,0,0.005822275,0
M23,2026-06-08 19:00:00,0,0.8561604333333334,1,0.5778265999999999,1
M24,2026-06-08 19:00:00,0,0.018326133333333335,0,0.006930950000000001,0
M25,2026-06-08 19:00:00,0,0.7375429333333332,1,0.5637960875000001,1
M01,2026-06-08 20:00:00,0,0.013020150000000001,0,0.00028331250000000004,0
M02,2026-06-08 20:00:00,0,0.7953847000000001,1,0.6727766749999998,1
M03,2026-06-08 20:00:00,0,0.9459895833333333,1,0.8527747875000001,1
M04,2026-06-08 20:00:00,0,0.012293866666666669,0,0.004595387500000001,0
M05,2026-06-08 20:00:00,1,0.7601102333333329,1,0.3743613624999999,0
M06,2026-06-08 20:00:00,0,0.11598058333333335,0,0.0420118,0
M07,2026-06-08 20:00:00,0,0.05135619999999999,0,0.0193297625,0
M08,2026-06-08 20:00:00,0,0.04226211666666667,0,0.0005208375000000001,0
M09,2026-06-08 20:00:00,0,0.03838101666666666,0,0.0027356,0
M10,2026-06-08 20:00:00,0,0.2687179333333333,0,0.27096739999999997,0
M11,2026-06-08 20:00:00,1,0.914933,1,0.8694429125,1
M12,2026-06-08 20:00:00,0,0.06921241666666665,0,0.0119565,0
M13,2026-06-08 20:00:00,0,0.8602498000000001,1,0.7457240625000001,1
M14,2026-06-08 20:00:00,0,0.05175581666666665,0,0.05951836250000001,0
M15,2026-06-08 20:00:00,0,0.6036419000000001,1,0.24833899999999995,0
M16,2026-06-08 20:00:00,0,0.04428809999999999,0,0.013103575000000001,0
M17,2026-06-08 20:00:00,0,0.11521633333333334,0,0.0182310375,0
M18,2026-06-08 20:00:00,0,0.9603107499999999,1,0.84748565,1
M19,2026-06-08 20:00:00,0,0.1634263333333333,0,0.14280638749999996,0
M20,2026-06-08 20:00:00,0,0.03095985,0,0.0037715000000000005,0
M21,2026-06-08 20:00:00,1,0.9216231999999998,1,0.7599774624999999,1
M22,2026-06-08 20:00:00,0,0.09804408333333334,0,0.012106299999999999,0
M23,2026-06-08 20:00:00,0,0.8258991333333334,1,0.46998852499999993,0
M24,2026-06-08 20:00:00,0,0.008692816666666667,0,0.006930950000000001,0
M25,2026-06-08 20:00:00,0,0.6223770666666666,1,0.7319036624999999,1
M01,2026-06-08 21:00:00,0,0.011167149999999999,0,0.0003757125,0
M02,2026-06-08 21:00:00,0,0.9066599999999999,1,0.7726607999999999,1
M03,2026-06-08 21:00:00,0,0.9153034999999997,1,0.8148541374999999,1
M04,2026-06-08 21:00:00,0,0.012293866666666669,0,0.0070953875,0
M05,2026-06-08 21:00:00,1,0.7457997833333329,1,0.36855652499999997,0
M06,2026-06-08 21:00:00,0,0.03961343333333334,0,0.029074175,0
M07,2026-06-08 21:00:00,0,0.07645151666666666,0,0.0292252,0
M08,2026-06-08 21:00:00,0,0.03981223333333333,0,0.0020833375,0
M09,2026-06-08 21:00:00,0,0.02935493333333333,0,0.0084791625,0
M10,2026-06-08 21:00:00,0,0.3448883,0,0.28382077499999997,0
M11,2026-06-08 21:00:00,1,0.8093866166666666,1,0.76081775,1
M12,2026-06-08 21:00:00,0,0.03411131666666666,0,0.018573100000000002,0
M13,2026-06-08 21:00:00,0,0.9361662333333334,1,0.822786,1
M14,2026-06-08 21:00:00,0,0.13588314999999998,0,0.0988247125,0
M15,2026-06-08 21:00:00,0,0.3754447000000001,0,0.16397708750000003,0
M16,2026-06-08 21:00:00,0,0.039534650000000005,0,0.0162889625,0
M17,2026-06-08 21:00:00,0,0.10126863333333332,0,0.014690512499999999,0
M18,2026-06-08 21:00:00,0,0.9723822666666665,1,0.9215823750000001,1
M19,2026-06-08 21:00:00,0,0.17006266666666664,0,0.15407588749999995,0
M20,2026-06-08 21:00:00,0,0.024644766666666665,0,0.0032912250000000005,0
M21,2026-06-08 21:00:00,1,0.8538917166666669,1,0.5634035374999999,1
M22,2026-06-08 21:00:00,0,0.09003431666666667,0,0.010364075,0
M23,2026-06-08 21:00:00,0,0.8132563166666668,1,0.4768305249999999,0
M24,2026-06-08 21:00:00,0,0.008692816666666667,0,0.006930950000000001,0
M25,2026-06-08 21:00:00,0,0.6795629,1,0.5666655375000001,1
M01,2026-06-08 22:00:00,0,0.019794550000000005,0,0.00041740000000000006,0
M02,2026-06-08 22:00:00,0,0.8134220999999999,1,0.6618304499999995,1
M03,2026-06-08 22:00:00,0,0.9617264333333332,1,0.916151925,1
M04,2026-06-08 22:00:00,0,0.012758033333333333,0,0.0060892,0
M05,2026-06-08 22:00:00,1,0.5388314666666666,1,0.27481946250000006,0
M06,2026-06-08 22:00:00,0,0.04507248333333333,0,0.028607337500000003,0
M07,2026-06-08 22:00:00,0,0.06507866666666666,0,0.054971175,0
M08,2026-06-08 22:00:00,0,0.0,0,0.0,0
M09,2026-06-08 22:00:00,0,0.021737883333333333,0,0.0060148,0
M10,2026-06-08 22:00:00,0,0.3841613833333334,0,0.3228940875,0
M11,2026-06-08 22:00:00,1,0.914933,1,0.8717793374999999,1
M12,2026-06-08 22:00:00,0,0.04305378333333333,0,0.01525485,0
M13,2026-06-08 22:00:00,0,0.9391943333333334,1,0.8301609999999998,1
M14,2026-06-08 22:00:00,0,0.08072518333333333,0,0.059110862500000014,0
M15,2026-06-08 22:00:00,0,0.37293646666666663,0,0.1824738375,0
M16,2026-06-08 22:00:00,0,0.0445818,0,0.012990350000000001,0
M17,2026-06-08 22:00:00,0,0.09511515,0,0.012593737500000002,0
M18,2026-06-08 22:00:00,0,0.9170497000000002,1,0.7998357249999999,1
M19,2026-06-08 22:00:00,0,0.14339861666666665,0,0.17954984999999996,0
M20,2026-06-08 22:00:00,0,0.00846035,0,0.0030646375000000004,0
M21,2026-06-08 22:00:00,1,0.9258023166666663,1,0.7520246124999997,1
M22,2026-06-08 22:00:00,0,0.0764561,0,0.008044474999999999,0
M23,2026-06-08 22:00:00,0,0.9530029833333332,1,0.8310200624999998,1
M24,2026-06-08 22:00:00,0,0.013553933333333334,0,0.009787512500000001,0
M25,2026-06-08 22:00:00,0,0.5810524166666666,1,0.4291858125000001,0
M01,2026-06-08 23:00:00,0,0.02034811666666667,0,0.00529385,0
M02,2026-06-08 23:00:00,0,0.7909408833333332,1,0.6626907124999997,1
M03,2026-06-08 23:00:00,0,0.9552896666666666,1,0.9128030624999999,1
M04,2026-06-08 23:00:00,0,0.017047316666666666,0,0.007894000000000002,0
M05,2026-06-08 23:00:00,1,0.4884149833333334,0,0.2447862125,0
M06,2026-06-08 23:00:00,0,0.046479233333333335,0,0.029134562500000006,0
M07,2026-06-08 23:00:00,0,0.07502436666666666,0,0.032923375,0
M08,2026-06-08 23:00:00,0,0.04226211666666667,0,0.0005208375000000001,0
M09,2026-06-08 23:00:00,0,0.04555983333333333,0,0.0008321749999999999,0
M10,2026-06-08 23:00:00,0,0.46908700000000003,0,0.3855489375000001,0
M11,2026-06-08 23:00:00,1,0.8183527833333333,1,0.7314744625,1
M12,2026-06-08 23:00:00,0,0.03673423333333333,0,0.0111556625,0
M13,2026-06-08 23:00:00,0,0.9489497333333332,1,0.8949137875,1
M14,2026-06-08 23:00:00,0,0.05274029999999998,0,0.06290751250000001,0
M15,2026-06-08 23:00:00,0,0.5524165000000001,1,0.22606791250000002,0
M16,2026-06-08 23:00:00,0,0.05001291666666666,0,0.0193445125,0
M17,2026-06-08 23:00:00,0,0.09511515,0,0.0121905125,0
M18,2026-06-08 23:00:00,0,0.9228503500000002,1,0.8213294374999999,1
M19,2026-06-08 23:00:00,0,0.08779221666666666,0,0.163286425,0
M20,2026-06-08 23:00:00,0,0.004762233333333333,0,0.0030646375000000004,0
M21,2026-06-08 23:00:00,1,0.7439503833333333,1,0.562575275,1
M22,2026-06-08 23:00:00,0,0.24271201666666672,0,0.05940766249999999,0
M23,2026-06-08 23:00:00,0,0.9007008833333335,1,0.7272136625,1
M24,2026-06-08 23:00:00,0,0.039564100000000005,0,0.030256187499999997,0
M25,2026-06-08 23:00:00,0,0.5919207333333334,1,0.4795671250000001,0
M01,2026-06-09 00:00:00,0,0.03242893333333333,0,0.0020118375,0
M02,2026-06-09 00:00:00,0,0.7880575000000003,1,0.6354703249999998,1
M03,2026-06-09 00:00:00,0,0.9355826666666668,1,0.8616270625000002,1
M04,2026-06-09 00:00:00,0,0.03145933333333333,0,0.0068396125,0
M05,2026-06-09 00:00:00,1,0.7609263499999998,1,0.317471825,0
M06,2026-06-09 00:00:00,0,0.04075441666666667,0,0.029333187500000003,0
M07,2026-06-09 00:00:00,0,0.04889198333333333,0,0.035872425,0
M08,2026-06-09 00:00:00,0,0.0,0,0.0,0
M09,2026-06-09 00:00:00,0,0.07243878333333333,0,0.022898325000000004,0
M10,2026-06-09 00:00:00,0,0.5017965166666667,1,0.4162824875,0
M11,2026-06-09 00:00:00,1,0.80449935,1,0.8112601875,1
M12,2026-06-09 00:00:00,0,0.019848983333333334,0,0.0134564875,0
M13,2026-06-09 00:00:00,0,0.9440787166666668,1,0.8863852749999998,1
M14,2026-06-09 00:00:00,0,0.06329208333333332,0,0.0687391375,0
M15,2026-06-09 00:00:00,0,0.49621785000000007,0,0.272201475,0
M16,2026-06-09 00:00:00,0,0.025145050000000002,0,0.018993012499999996,0
M17,2026-06-09 00:00:00,0,0.0,0,0.001036,0
M18,2026-06-09 00:00:00,0,0.9354784333333331,1,0.8742038624999999,1
M19,2026-06-09 00:00:00,0,0.08977368333333333,0,0.1732845,0
M20,2026-06-09 00:00:00,0,0.0065717833333333335,0,0.0035276,0
M21,2026-06-09 00:00:00,1,0.8029062,1,0.5526401125,1
M22,2026-06-09 00:00:00,0,0.09397016666666666,0,0.0084100875,0
M23,2026-06-09 00:00:00,0,0.8624756999999998,1,0.6275604625,1
M24,2026-06-09 00:00:00,0,0.013739433333333332,0,0.006236500000000001,0
M25,2026-06-09 00:00:00,0,0.52237725,1,0.45985952500000005,0
M01,2026-06-09 01:00:00,0,0.014126750000000002,0,0.000135125,0
M02,2026-06-09 01:00:00,0,0.7751283499999998,1,0.6047988999999996,1
M03,2026-06-09 01:00:00,0,0.9075577833333333,1,0.7874684625000002,1
M04,2026-06-09 01:00:00,0,0.025315083333333332,0,0.0034676999999999998,0
M05,2026-06-09 01:00:00,1,0.51029125,1,0.23676010000000006,0
M06,2026-06-09 01:00:00,0,0.03578275,0,0.032147875000000006,0
M07,2026-06-09 01:00:00,0,0.04638596666666666,0,0.041222225,0
M08,2026-06-09 01:00:00,0,0.0008424,0,0.0,0
M09,2026-06-09 01:00:00,0,0.03730501666666667,0,0.0098990125,0
M10,2026-06-09 01:00:00,0,0.6117423333333334,1,0.5540133625,1
M11,2026-06-09 01:00:00,1,0.8102278500000001,1,0.805730975,1
M12,2026-06-09 01:00:00,0,0.03996475,0,0.0128602125,0
M13,2026-06-09 01:00:00,0,0.8312590333333336,1,0.6416338125000001,1
M14,2026-06-09 01:00:00,0,0.07899601666666665,0,0.068220575,0
M15,2026-06-09 01:00:00,0,0.48551738333333333,0,0.2549970375,0
M16,2026-06-09 01:00:00,0,0.04486636666666667,0,0.01773055,0
M17,2026-06-09 01:00:00,0,0.0887043,0,0.004161,0
M18,2026-06-09 01:00:00,0,0.9725095999999999,1,0.9050464875000002,1
M19,2026-06-09 01:00:00,0,0.14369669999999998,0,0.1554058375,0
M20,2026-06-09 01:00:00,0,0.04406406666666666,0,0.0161289,0
M21,2026-06-09 01:00:00,1,0.8715153499999996,1,0.5367809250000002,1
M22,2026-06-09 01:00:00,0,0.07125478333333334,0,0.007855675,0
M23,2026-06-09 01:00:00,0,0.8841069000000003,1,0.7119982125,1
M24,2026-06-09 01:00:00,0,0.06576138333333333,0,0.03955877499999999,0
M25,2026-06-09 01:00:00,0,0.6013532166666667,1,0.4766610250000001,0
M01,2026-06-09 02:00:00,0,0.009529333333333334,0,0.0002931875,0
M02,2026-06-09 02:00:00,0,0.7884722833333334,1,0.6418932249999996,1
M03,2026-06-09 02:00:00,0,0.9283898999999999,1,0.8918553499999999,1
M04,2026-06-09 02:00:00,0,0.017122800000000004,0,0.006862237500000002,0
M05,2026-06-09 02:00:00,1,0.44344273333333345,0,0.18853743750000002,0
M06,2026-06-09 02:00:00,0,0.09111715,0,0.0453807,0
M07,2026-06-09 02:00:00,0,0.04866825,0,0.047039387499999995,0
M08,2026-06-09 02:00:00,0,0.04672166666666667,0,0.0005208375000000001,0
M09,2026-06-09 02:00:00,0,0.04947095000000001,0,0.0055484374999999996,0
M10,2026-06-09 02:00:00,0,0.6075099500000001,1,0.662147475,1
M11,2026-06-09 02:00:00,1,0.8100046666666667,1,0.81608185,1
M12,2026-06-09 02:00:00,0,0.036793566666666666,0,0.020539512500000003,0
M13,2026-06-09 02:00:00,0,0.9688416666666669,1,0.9141696500000002,1
M14,2026-06-09 02:00:00,0,0.05931304999999998,0,0.067310325,0
M15,2026-06-09 02:00:00,0,0.5118826666666667,1,0.230649575,0
M16,2026-06-09 02:00:00,0,0.033834649999999994,0,0.015177850000000001,0
M17,2026-06-09 02:00:00,0,0.0,0,0.001036,0
M18,2026-06-09 02:00:00,0,0.9178339333333334,1,0.7757661250000003,1
M19,2026-06-09 02:00:00,0,0.13811761666666664,0,0.155846825,0
M20,2026-06-09 02:00:00,0,0.06170721666666666,0,0.008223900000000001,0
M21,2026-06-09 02:00:00,1,0.891673083333333,1,0.684842425,1
M22,2026-06-09 02:00:00,0,0.07426865000000002,0,0.007370887499999999,0
M23,2026-06-09 02:00:00,0,0.8259486,1,0.8050729749999999,1
M24,2026-06-09 02:00:00,0,0.018658849999999998,0,0.0073397875,0
M25,2026-06-09 02:00:00,0,0.5883129833333334,1,0.4715860125000001,0
M01,2026-06-09 03:00:00,0,0.006341583333333334,0,0.00028331250000000004,0
M02,2026-06-09 03:00:00,0,0.7809077500000001,1,0.6342763624999996,1
M03,2026-06-09 03:00:00,0,0.8078005333333333,1,0.881313825,1
M04,2026-06-09 03:00:00,0,0.023150466666666668,0,0.0044704,0
M05,2026-06-09 03:00:00,1,0.7497027333333329,1,0.37447683749999994,0
M06,2026-06-09 03:00:00,0,0.040935349999999995,0,0.029616200000000002,0
M07,2026-06-09 03:00:00,0,0.045395816666666665,0,0.033886200000000005,0
M08,2026-06-09 03:00:00,0,0.0,0,0.0,0
M09,2026-06-09 03:00:00,0,0.029919616666666666,0,0.0030698374999999995,0
M10,2026-06-09 03:00:00,0,0.6066543333333334,1,0.5860189250000001,1
M11,2026-06-09 03:00:00,1,0.9176703666666667,1,0.8709456750000001,1
M12,2026-06-09 03:00:00,0,0.019848983333333334,0,0.0134564875,0
M13,2026-06-09 03:00:00,0,0.9528038500000002,1,0.91620835,1
M14,2026-06-09 03:00:00,0,0.06212416666666665,0,0.0688519,0
M15,2026-06-09 03:00:00,0,0.4722407833333334,0,0.268565075,0
M16,2026-06-09 03:00:00,0,0.022777133333333335,0,0.0163194,0
M17,2026-06-09 03:00:00,0,0.026356116666666665,0,0.0019912375,0
M18,2026-06-09 03:00:00,0,0.8800633666666666,1,0.6648023750000001,1
M19,2026-06-09 03:00:00,0,0.15768196666666665,0,0.18407844999999998,0
M20,2026-06-09 03:00:00,0,0.0476695,0,0.011024724999999999,0
M21,2026-06-09 03:00:00,1,0.8594424499999995,1,0.5781041250000002,1
M22,2026-06-09 03:00:00,0,0.09175516666666668,0,0.007291987499999998,0
M23,2026-06-09 03:00:00,0,0.8962435333333334,1,0.8245495874999997,1
M24,2026-06-09 03:00:00,0,0.057064250000000004,0,0.02813709999999999,0
M25,2026-06-09 03:00:00,0,0.6238290666666667,1,0.46844649999999993,0
M01,2026-06-09 04:00:00,0,0.013115983333333336,0,0.00028331250000000004,0
M02,2026-06-09 04:00:00,0,0.7573284833333335,1,0.5910277124999996,1
M03,2026-06-09 04:00:00,0,0.9397493999999998,1,0.8451555875000001,1
M04,2026-06-09 04:00:00,0,0.023150466666666668,0,0.0063007875,0
M05,2026-06-09 04:00:00,1,0.7173297166666665,1,0.3308147624999999,0
M06,2026-06-09 04:00:00,0,0.08867393333333333,0,0.0305204125,0
M07,2026-06-09 04:00:00,0,0.036918,0,0.023851274999999998,0
M08,2026-06-09 04:00:00,0,0.0,0,0.0,0
M09,2026-06-09 04:00:00,0,0.038523999999999996,0,0.00307535,0
M10,2026-06-09 04:00:00,0,0.5491837166666665,1,0.5026074749999999,1
M11,2026-06-09 04:00:00,1,0.9158519,1,0.8712704500000001,1
M12,2026-06-09 04:00:00,0,0.02288808333333333,0,0.00028331250000000004,0
M13,2026-06-09 04:00:00,0,0.9596483500000004,1,0.9219160125000002,1
M14,2026-06-09 04:00:00,0,0.0570225,0,0.055274325,0
M15,2026-06-09 04:00:00,0,0.35580120000000004,0,0.23344235000000002,0
M16,2026-06-09 04:00:00,0,0.06760199999999998,0,0.023512175,0
M17,2026-06-09 04:00:00,0,0.0029005,0,0.0048176,0
M18,2026-06-09 04:00:00,0,0.8783602833333333,1,0.6424633,1
M19,2026-06-09 04:00:00,0,0.16027224999999998,0,0.153611475,0
M20,2026-06-09 04:00:00,0,0.05475696666666667,0,0.006145887500000001,0
M21,2026-06-09 04:00:00,1,0.8875835666666664,1,0.70041475,1
M22,2026-06-09 04:00:00,0,0.07810456666666667,0,0.0072963,0
M23,2026-06-09 04:00:00,0,0.9348277500000001,1,0.7278031374999996,1
M24,2026-06-09 04:00:00,0,0.0166771,0,0.0090956375,0
M25,2026-06-09 04:00:00,0,0.5622356833333334,1,0.6584150249999999,1
M01,2026-06-09 05:00:00,0,0.019265883333333334,0,0.001627075,0
M02,2026-06-09 05:00:00,0,0.9095496666666665,1,0.7607336124999997,1
M03,2026-06-09 05:00:00,1,0.9376661166666665,1,0.8365904875000002,1
M04,2026-06-09 05:00:00,0,0.0329464,0,0.00782035,0
M05,2026-06-09 05:00:00,1,0.5682872833333333,1,0.3674453374999999,0
M06,2026-06-09 05:00:00,0,0.055736549999999996,0,0.016095937499999997,0
M07,2026-06-09 05:00:00,0,0.03822206666666666,0,0.029008725000000003,0
M08,2026-06-09 05:00:00,0,0.0008424,0,0.0,0
M09,2026-06-09 05:00:00,0,0.06313638333333332,0,0.020342649999999997,0
M10,2026-06-09 05:00:00,0,0.5648448833333334,1,0.5613513874999998,1
M11,2026-06-09 05:00:00,1,0.8105461333333335,1,0.81608185,1
M12,2026-06-09 05:00:00,0,0.021326583333333336,0,0.00028331250000000004,0
M13,2026-06-09 05:00:00,0,0.9425174666666667,1,0.8702646125000001,1
M14,2026-06-09 05:00:00,0,0.04821671666666665,0,0.05645251250000001,0
M15,2026-06-09 05:00:00,0,0.5160790833333333,1,0.243457875,0
M16,2026-06-09 05:00:00,0,0.04908296666666666,0,0.011091312500000002,0
M17,2026-06-09 05:00:00,0,0.007752283333333334,0,0.001439225,0
M18,2026-06-09 05:00:00,0,0.83186865,1,0.6802599249999999,1
M19,2026-06-09 05:00:00,0,0.17617881666666665,0,0.12483799999999998,0
M20,2026-06-09 05:00:00,0,0.06734381666666668,0,0.007994112500000001,0
M21,2026-06-09 05:00:00,1,0.8299582166666666,1,0.6254883250000001,1
M22,2026-06-09 05:00:00,0,0.07341880000000002,0,0.0038925125000000005,0
M23,2026-06-09 05:00:00,0,0.6932038333333334,1,0.5385493375,1
M24,2026-06-09 05:00:00,0,0.024543066666666665,0,0.007015187500000001,0
M25,2026-06-09 05:00:00,0,0.5935878333333332,1,0.5661068999999997,1
M01,2026-06-09 06:00:00,0,0.019576333333333338,0,0.00028331250000000004,0
M02,2026-06-09 06:00:00,0,0.7939392666666669,1,0.6611738874999997,1
M03,2026-06-09 06:00:00,1,0.9401060499999996,1,0.8256544375000001,1
M04,2026-06-09 06:00:00,0,0.017122800000000004,0,0.0080865,0
M05,2026-06-09 06:00:00,1,0.7610994166666665,1,0.41816538749999993,0
M06,2026-06-09 06:00:00,0,0.043076083333333334,0,0.016574175,0
M07,2026-06-09 06:00:00,0,0.04795395,0,0.022210787499999995,0
M08,2026-06-09 06:00:00,0,0.004013466666666667,0,0.0,0
M09,2026-06-09 06:00:00,0,0.010133416666666667,0,0.0034668499999999996,0
M10,2026-06-09 06:00:00,0,0.52781585,1,0.4886474875000001,0
M11,2026-06-09 06:00:00,1,0.9158519,1,0.8712704500000001,1
M12,2026-06-09 06:00:00,0,0.0330204,0,0.0021137000000000005,0
M13,2026-06-09 06:00:00,0,0.9232486333333335,1,0.8152903250000001,1
M14,2026-06-09 06:00:00,0,0.06011811666666666,0,0.0403273875,0
M15,2026-06-09 06:00:00,0,0.3575538166666668,0,0.16560543750000004,0
M16,2026-06-09 06:00:00,0,0.022777133333333335,0,0.012346025,0
M17,2026-06-09 06:00:00,0,0.0029005,0,0.0048176,0
M18,2026-06-09 06:00:00,0,0.7994858500000002,1,0.6854558,1
M19,2026-06-09 06:00:00,0,0.15731423333333336,0,0.1842239,0
M20,2026-06-09 06:00:00,0,0.06616036666666666,0,0.0112766375,0
M21,2026-06-09 06:00:00,1,0.9417320166666664,1,0.756943325,1
M22,2026-06-09 06:00:00,0,0.05611273333333333,0,0.0016356750000000003,0
M23,2026-06-09 06:00:00,0,0.6765546166666668,1,0.5182875250000001,1
M24,2026-06-09 06:00:00,0,0.022861049999999997,0,0.0073397875,0
M25,2026-06-09 06:00:00,0,0.6176613166666666,1,0.47724723750000003,0
M01,2026-06-09 07:00:00,0,0.012501216666666669,0,0.0081857625,0
M02,2026-06-09 07:00:00,0,0.7512153833333335,1,0.573077975,1
M03,2026-06-09 07:00:00,1,0.9507595000000001,1,0.8535421999999999,1
M04,2026-06-09 07:00:00,0,0.0238972,0,0.006009225,0
M05,2026-06-09 07:00:00,1,0.7456716999999997,1,0.42288139999999996,0
M06,2026-06-09 07:00:00,0,0.04633205,0,0.016095937499999997,0
M07,2026-06-09 07:00:00,0,0.03688241666666667,0,0.0168958625,0
M08,2026-06-09 07:00:00,0,0.004013466666666667,0,0.0,0
M09,2026-06-09 07:00:00,0,0.04513043333333333,0,0.0016100625,0
M10,2026-06-09 07:00:00,0,0.5888625166666668,1,0.5667323875000001,1
M11,2026-06-09 07:00:00,1,0.9153143166666666,1,0.8593055249999999,1
M12,2026-06-09 07:00:00,0,0.02239055,0,0.005362862500000001,0
M13,2026-06-09 07:00:00,0,0.9280736500000001,1,0.8281743250000003,1
M14,2026-06-09 07:00:00,0,0.05738503333333332,0,0.041701937499999994,0
M15,2026-06-09 07:00:00,0,0.3459802000000001,0,0.188469475,0
M16,2026-06-09 07:00:00,0,0.036680449999999996,0,0.0189552875,0
M17,2026-06-09 07:00:00,0,0.027437916666666666,0,0.0122005125,0
M18,2026-06-09 07:00:00,0,0.8826496833333335,1,0.7147345125000001,1
M19,2026-06-09 07:00:00,0,0.16730236666666665,0,0.16576825,0
M20,2026-06-09 07:00:00,0,0.06471766666666667,0,0.0096165625,0
M21,2026-06-09 07:00:00,1,0.9176172499999998,1,0.7723941125000001,1
M22,2026-06-09 07:00:00,0,0.07320706666666668,0,0.0049374875,0
M23,2026-06-09 07:00:00,0,0.8176526666666667,1,0.7429499374999997,1
M24,2026-06-09 07:00:00,0,0.0219833,0,0.0061738,0
M25,2026-06-09 07:00:00,0,0.7041112,1,0.53480065,1
M01,2026-06-09 08:00:00,0,0.012283,0,0.0091681125,0
M02,2026-06-09 08:00:00,0,0.44382761666666676,0,0.4715053125,0
M03,2026-06-09 08:00:00,1,0.9056179666666665,1,0.7128885875000002,1
M04,2026-06-09 08:00:00,0,0.015215433333333334,0,0.004628625,0
M05,2026-06-09 08:00:00,1,0.47525939999999994,0,0.25856270000000003,0
M06,2026-06-09 08:00:00,0,0.13176445,0,0.038429075,0
M07,2026-06-09 08:00:00,0,0.03778618333333333,0,0.01385555,0
M08,2026-06-09 08:00:00,0,0.004013466666666667,0,0.0,0
M09,2026-06-09 08:00:00,0,0.08050344999999999,0,0.011815325,0
M10,2026-06-09 08:00:00,0,0.49602661666666675,0,0.37960109999999997,0
M11,2026-06-09 08:00:00,1,0.8077900833333334,1,0.8060112624999999,1
M12,2026-06-09 08:00:00,0,0.015594750000000001,0,0.0095773375,0
M13,2026-06-09 08:00:00,0,0.9099041833333336,1,0.7930679,1
M14,2026-06-09 08:00:00,0,0.04503286666666666,0,0.051432725,0
M15,2026-06-09 08:00:00,0,0.4531313333333334,0,0.22539879999999995,0
M16,2026-06-09 08:00:00,0,0.031150950000000004,0,0.017196399999999997,0
M17,2026-06-09 08:00:00,0,0.018603833333333333,0,0.002355275,0
M18,2026-06-09 08:00:00,0,0.8829433000000001,1,0.6909859875000001,1
M19,2026-06-09 08:00:00,0,0.15700981666666666,0,0.1182393,0
M20,2026-06-09 08:00:00,0,0.03866656666666666,0,0.0066730999999999995,0
M21,2026-06-09 08:00:00,1,0.9353680166666665,1,0.7902200375,1
M22,2026-06-09 08:00:00,0,0.06634826666666667,0,0.00319895,0
M23,2026-06-09 08:00:00,0,0.8152624666666666,1,0.5267953999999999,1
M24,2026-06-09 08:00:00,0,0.0266845,0,0.0088911875,0
M25,2026-06-09 08:00:00,0,0.6657696499999999,1,0.5129008500000001,1
M01,2026-06-09 09:00:00,0,0.030346800000000004,0,0.0075327375,0
M02,2026-06-09 09:00:00,0,0.49466976666666684,0,0.478692625,0
M03,2026-06-09 09:00:00,1,0.8989269166666667,1,0.7876768625,1
M04,2026-06-09 09:00:00,0,0.017122800000000004,0,0.0068663875,0
M05,2026-06-09 09:00:00,1,0.6594837666666665,1,0.3316266375,0
M06,2026-06-09 09:00:00,0,0.041951883333333335,0,0.014232400000000001,0
M07,2026-06-09 09:00:00,0,0.04866825,0,0.036781949999999994,0
M08,2026-06-09 09:00:00,0,0.004013466666666667,0,0.0020833375,0
M09,2026-06-09 09:00:00,0,0.06776171666666667,0,0.0101670375,0
M10,2026-06-09 09:00:00,0,0.5194303833333335,1,0.36433822499999996,0
M11,2026-06-09 09:00:00,1,0.9149480333333333,1,0.8379306125000001,1
M12,2026-06-09 09:00:00,0,0.02172781666666667,0,0.005282737500000001,0
M13,2026-06-09 09:00:00,0,0.816109666666667,1,0.6537503750000001,1
M14,2026-06-09 09:00:00,0,0.049884349999999994,0,0.05141439999999999,0
M15,2026-06-09 09:00:00,0,0.7219051833333333,1,0.2980544,0
M16,2026-06-09 09:00:00,0,0.026177633333333332,0,0.015855112499999997,0
M17,2026-06-09 09:00:00,0,0.0,0,0.001439225,0
M18,2026-06-09 09:00:00,0,0.9119984,1,0.7168332125,1
M19,2026-06-09 09:00:00,0,0.15700981666666666,0,0.16318166250000002,0
M20,2026-06-09 09:00:00,0,0.028534249999999994,0,0.004007875,0
M21,2026-06-09 09:00:00,1,0.7817832333333333,1,0.5864671625000003,1
M22,2026-06-09 09:00:00,0,0.07028426666666668,0,0.0025675750000000003,0
M23,2026-06-09 09:00:00,0,0.8542134333333334,1,0.5783956749999999,1
M24,2026-06-09 09:00:00,0,0.021765083333333334,0,0.0061738,0
M25,2026-06-09 09:00:00,0,0.62844785,1,0.478370025,0
M01,2026-06-09 10:00:00,0,0.012501216666666669,0,0.003852225,0
M02,2026-06-09 10:00:00,0,0.2892121666666666,0,0.4183528249999998,0
M03,2026-06-09 10:00:00,1,0.939436183333333,1,0.8507509749999999,1
M04,2026-06-09 10:00:00,0,0.021139883333333335,0,0.0071199374999999995,0
M05,2026-06-09 10:00:00,1,0.5641942333333334,1,0.24529462499999996,0
M06,2026-06-09 10:00:00,0,0.045764533333333336,0,0.0140425,0
M07,2026-06-09 10:00:00,0,0.03271721666666667,0,0.02375335,0
M08,2026-06-09 10:00:00,0,0.004013466666666667,0,0.0,0
M09,2026-06-09 10:00:00,0,0.06378268333333333,0,0.0102273125,0
M10,2026-06-09 10:00:00,0,0.477041,0,0.5779891500000001,1
M11,2026-06-09 10:00:00,1,0.8079586166666667,1,0.8005407374999998,1
M12,2026-06-09 10:00:00,0,0.02277565,0,0.0008372875,0
M13,2026-06-09 10:00:00,0,0.9133792666666668,1,0.7694745375,1
M14,2026-06-09 10:00:00,0,0.04961456666666665,0,0.044621249999999994,0
M15,2026-06-09 10:00:00,0,0.4513767000000001,0,0.23703037500000002,0
M16,2026-06-09 10:00:00,0,0.02160865,0,0.0157769875,0
M17,2026-06-09 10:00:00,0,0.0,0,0.001036,0
M18,2026-06-09 10:00:00,0,0.9522173333333332,1,0.82308655,1
M19,2026-06-09 10:00:00,0,0.15121116666666665,0,0.1448674625,0
M20,2026-06-09 10:00:00,0,0.025310516666666664,0,0.0035606250000000004,0
M21,2026-06-09 10:00:00,1,0.9308790666666665,1,0.787054475,1
M22,2026-06-09 10:00:00,0,0.08297278333333334,0,0.006162237500000001,0
M23,2026-06-09 10:00:00,0,0.9093131999999999,1,0.7872201125,1
M24,2026-06-09 10:00:00,0,0.02682415,0,0.0058515875,0
M25,2026-06-09 10:00:00,0,0.7526727,1,0.5207467500000001,1
M01,2026-06-09 11:00:00,0,0.012501216666666669,0,0.0036348375000000003,0
M02,2026-06-09 11:00:00,0,0.8859112499999997,1,0.7681178249999997,1
M03,2026-06-09 11:00:00,1,0.9508096999999996,1,0.8725663250000002,1
M04,2026-06-09 11:00:00,0,0.024344499999999998,0,0.0136415,0
M05,2026-06-09 11:00:00,1,0.4762259666666668,0,0.20269721250000003,0
M06,2026-06-09 11:00:00,0,0.04160833333333334,0,0.0227559375,0
M07,2026-06-09 11:00:00,0,0.0300874,0,0.0184449375,0
M08,2026-06-09 11:00:00,0,0.0,0,0.0,0
M09,2026-06-09 11:00:00,0,0.08359406666666666,0,0.0032592750000000003,0
M10,2026-06-09 11:00:00,0,0.6256317,1,0.5237374499999999,1
M11,2026-06-09 11:00:00,1,0.7055903833333332,1,0.798416475,1
M12,2026-06-09 11:00:00,0,0.020142150000000004,0,0.0035310375000000005,0
M13,2026-06-09 11:00:00,0,0.9361797333333335,1,0.7977915374999999,1
M14,2026-06-09 11:00:00,0,0.04789746666666665,0,0.05188578749999999,0
M15,2026-06-09 11:00:00,0,0.4527632333333334,0,0.25713336249999996,0
M16,2026-06-09 11:00:00,0,0.03941636666666667,0,0.0147135625,0
M17,2026-06-09 11:00:00,0,0.0,0,0.0035820875,0
M18,2026-06-09 11:00:00,0,0.9418581166666667,1,0.8176668250000001,1
M19,2026-06-09 11:00:00,0,0.15385248333333335,0,0.1506036,0
M20,2026-06-09 11:00:00,0,0.024644766666666665,0,0.0061513,0
M21,2026-06-09 11:00:00,1,0.8736801999999998,1,0.6392320750000001,1
M22,2026-06-09 11:00:00,0,0.08047566666666665,0,0.0057694625,0
M23,2026-06-09 11:00:00,0,0.801714,1,0.5632222374999999,1
M24,2026-06-09 11:00:00,0,0.016214066666666666,0,0.00852285,0
M25,2026-06-09 11:00:00,0,0.7256130999999998,1,0.7764085250000001,1
M01,2026-06-09 12:00:00,0,0.03387885,0,0.0039622875,0
M02,2026-06-09 12:00:00,0,0.8144379000000002,1,0.6496368749999999,1
M03,2026-06-09 12:00:00,1,0.9323926999999999,1,0.7990962000000004,1
M04,2026-06-09 12:00:00,0,0.024338933333333333,0,0.009947012500000001,0
M05,2026-06-09 12:00:00,1,0.3887102,0,0.22372877500000002,0
M06,2026-06-09 12:00:00,0,0.06860616666666666,0,0.018363650000000002,0
M07,2026-06-09 12:00:00,0,0.050829516666666665,0,0.0326659875,0
M08,2026-06-09 12:00:00,0,0.0029376666666666666,0,0.0,0
M09,2026-06-09 12:00:00,0,0.04961456666666665,0,0.007242537499999998,0
M10,2026-06-09 12:00:00,0,0.5923470833333334,1,0.5256628375,1
M11,2026-06-09 12:00:00,1,0.7998438000000001,1,0.7479593874999998,1
M12,2026-06-09 12:00:00,0,0.015594750000000001,0,0.0034337375000000002,0
M13,2026-06-09 12:00:00,0,0.8427256333333334,1,0.8498285250000001,1
M14,2026-06-09 12:00:00,0,0.06381183333333333,0,0.063793525,0
M15,2026-06-09 12:00:00,0,0.7229925666666664,1,0.31389562499999996,0
M16,2026-06-09 12:00:00,0,0.035700216666666666,0,0.01593555,0
M17,2026-06-09 12:00:00,0,0.029399699999999997,0,0.0158699,0
M18,2026-06-09 12:00:00,0,0.9369796833333334,1,0.8364626000000002,1
M19,2026-06-09 12:00:00,0,0.1804646833333333,0,0.24275544999999998,0
M20,2026-06-09 12:00:00,0,0.02552873333333333,0,0.004076400000000001,0
M21,2026-06-09 12:00:00,1,0.7997139833333333,1,0.5856957749999999,1
M22,2026-06-09 12:00:00,0,0.09021518333333334,0,0.007688375,0
M23,2026-06-09 12:00:00,0,0.9097614166666667,1,0.7243042375,1
M24,2026-06-09 12:00:00,0,0.018908816666666665,0,0.0058054625,0
M25,2026-06-09 12:00:00,0,0.7521547000000002,1,0.5320052000000001,1
M01,2026-06-09 13:00:00,0,0.012576700000000003,0,0.000123725,0
M02,2026-06-09 13:00:00,0,0.9223222333333329,1,0.7694502375,1
M03,2026-06-09 13:00:00,1,0.8507240333333331,1,0.6857986625000001,1
M04,2026-06-09 13:00:00,0,0.03454466666666667,0,0.0140649875,0
M05,2026-06-09 13:00:00,1,0.55806365,1,0.2619125,0
M06,2026-06-09 13:00:00,0,0.03946856666666666,0,0.016426062499999998,0
M07,2026-06-09 13:00:00,0,0.041937350000000005,0,0.022003575,0
M08,2026-06-09 13:00:00,0,0.01016565,0,0.0026926125,0
M09,2026-06-09 13:00:00,0,0.04961456666666665,0,0.00831475,0
M10,2026-06-09 13:00:00,0,0.5675497333333334,1,0.49628685000000006,0
M11,2026-06-09 13:00:00,1,0.9111593833333334,1,0.8334239,1
M12,2026-06-09 13:00:00,0,0.02239055,0,0.001860125,0
M13,2026-06-09 13:00:00,0,0.9495745500000005,1,0.8760617125000001,1
M14,2026-06-09 13:00:00,0,0.04041415,0,0.04155555,0
M15,2026-06-09 13:00:00,0,0.7266879833333331,1,0.33687535,0
M16,2026-06-09 13:00:00,0,0.06246726666666667,0,0.0158124875,0
M17,2026-06-09 13:00:00,0,0.009173666666666667,0,0.001036,0
M18,2026-06-09 13:00:00,0,0.9394785999999998,1,0.8412680499999998,1
M19,2026-06-09 13:00:00,0,0.1857216333333333,0,0.22885469999999994,0
M20,2026-06-09 13:00:00,0,0.02508528333333333,0,0.0035606250000000004,0
M21,2026-06-09 13:00:00,1,0.9106186666666664,1,0.6613504875000003,1
M22,2026-06-09 13:00:00,0,0.06720635,0,0.015915449999999998,0
M23,2026-06-09 13:00:00,0,0.8367643166666666,1,0.5889770124999998,1
M24,2026-06-09 13:00:00,0,0.031124433333333337,0,0.011306150000000001,0
M25,2026-06-09 13:00:00,0,0.7452490666666667,1,0.7573211374999997,1
M01,2026-06-09 14:00:00,0,0.01956931666666667,0,0.000135125,0
M02,2026-06-09 14:00:00,0,0.8067239499999999,1,0.6344334249999996,1
M03,2026-06-09 14:00:00,1,0.9347983166666665,1,0.7440262499999999,1
M04,2026-06-09 14:00:00,0,0.022945116666666668,0,0.010911537500000002,0
M05,2026-06-09 14:00:00,1,0.5880531000000001,1,0.2771239125,0
M06,2026-06-09 14:00:00,0,0.031727516666666664,0,0.022784925,0
M07,2026-06-09 14:00:00,0,0.10376526666666668,0,0.0509800375,0
M08,2026-06-09 14:00:00,0,0.0014203166666666668,0,0.00020605,0
M09,2026-06-09 14:00:00,0,0.057281333333333316,0,0.01202315,0
M10,2026-06-09 14:00:00,0,0.6077496333333333,1,0.5028304125,1
M11,2026-06-09 14:00:00,0,0.7084295666666666,1,0.41820905,0
M12,2026-06-09 14:00:00,0,0.017096383333333336,0,0.0047619,0
M13,2026-06-09 14:00:00,0,0.8914049166666669,1,0.6465161000000001,1
M14,2026-06-09 14:00:00,0,0.049848316666666656,0,0.0511887625,0
M15,2026-06-09 14:00:00,0,0.7151495999999997,1,0.3356101375,0
M16,2026-06-09 14:00:00,0,0.06514398333333334,0,0.0341620125,0
M17,2026-06-09 14:00:00,0,0.014172816666666668,0,0.007689224999999999,0
M18,2026-06-09 14:00:00,0,0.9328909166666667,1,0.7922247624999998,1
M19,2026-06-09 14:00:00,0,0.27023098333333334,0,0.26962642500000006,0
M20,2026-06-09 14:00:00,0,0.050008416666666666,0,0.0061037374999999994,0
M21,2026-06-09 14:00:00,1,0.8083897166666666,1,0.6272435125000002,1
M22,2026-06-09 14:00:00,0,0.09110503333333332,0,0.04130721250000001,0
M23,2026-06-09 14:00:00,0,0.8345668833333334,1,0.5711633499999998,1
M24,2026-06-09 14:00:00,0,0.026605933333333335,0,0.0058515875,0
M25,2026-06-09 14:00:00,0,0.5896329333333333,1,0.5612953125000002,1
M01,2026-06-09 15:00:00,0,0.01873705,0,0.0056007374999999995,0
M02,2026-06-09 15:00:00,0,0.8053935333333333,1,0.6261364874999995,1
M03,2026-06-09 15:00:00,1,0.9538152333333331,1,0.8777145125000001,1
M04,2026-06-09 15:00:00,0,0.03881779999999999,0,0.010314037500000001,0
M05,2026-06-09 15:00:00,1,0.28536856666666666,0,0.19859165,0
M06,2026-06-09 15:00:00,0,0.062532,0,0.0176495375,0
M07,2026-06-09 15:00:00,0,0.0479209,0,0.0366685125,0
M08,2026-06-09 15:00:00,0,0.005433783333333333,0,0.000609275,0
M09,2026-06-09 15:00:00,0,0.058917183333333324,0,0.009603662499999999,0
M10,2026-06-09 15:00:00,0,0.6402200666666668,1,0.7232041124999999,1
M11,2026-06-09 15:00:00,0,0.4282380666666666,0,0.26881087499999995,0
M12,2026-06-09 15:00:00,0,0.015594750000000001,0,0.004977150000000001,0
M13,2026-06-09 15:00:00,0,0.9333276333333335,1,0.8488371375000001,1
M14,2026-06-09 15:00:00,0,0.15434035000000002,0,0.0963298125,0
M15,2026-06-09 15:00:00,0,0.58421375,1,0.23279558750000007,0
M16,2026-06-09 15:00:00,0,0.1208693,0,0.0547522625,0
M17,2026-06-09 15:00:00,0,0.022957949999999998,0,0.0127847875,0
M18,2026-06-09 15:00:00,0,0.93518525,1,0.8215696750000001,1
M19,2026-06-09 15:00:00,0,0.35259050000000003,0,0.35031621250000006,0
M20,2026-06-09 15:00:00,0,0.02552873333333333,0,0.006473512499999999,0
M21,2026-06-09 15:00:00,1,0.9436881166666665,1,0.7411645499999999,1
M22,2026-06-09 15:00:00,0,0.10452306666666664,0,0.014762637500000004,0
M23,2026-06-09 15:00:00,0,0.83272565,1,0.4795192749999999,0
M24,2026-06-09 15:00:00,0,0.016214066666666666,0,0.008220625,0
M25,2026-06-09 15:00:00,0,0.7431876000000002,1,0.5770419625000002,1
M01,2026-06-09 16:00:00,0,0.02691876666666667,0,0.0047249625,0
M02,2026-06-09 16:00:00,0,0.7888557499999997,1,0.6508787374999997,1
M03,2026-06-09 16:00:00,1,0.9694499499999997,1,0.8872843750000001,1
M04,2026-06-09 16:00:00,0,0.02955196666666667,0,0.0020269375,0
M05,2026-06-09 16:00:00,1,0.7104469333333331,1,0.30565552500000004,0
M06,2026-06-09 16:00:00,0,0.04763679999999999,0,0.0166345625,0
M07,2026-06-09 16:00:00,0,0.06042601666666667,0,0.03292803749999999,0
M08,2026-06-09 16:00:00,0,0.0014203166666666668,0,0.0015949375000000002,0
M09,2026-06-09 16:00:00,0,0.05738503333333332,0,0.0170816625,0
M10,2026-06-09 16:00:00,0,0.5123704833333333,1,0.4541835250000001,0
M11,2026-06-09 16:00:00,0,0.2414923333333333,0,0.20191892500000003,0
M12,2026-06-09 16:00:00,0,0.0225798,0,0.0091083625,0
M13,2026-06-09 16:00:00,0,0.9336005833333335,1,0.8652751375000003,1
M14,2026-06-09 16:00:00,0,0.059212199999999986,0,0.063513625,0
M15,2026-06-09 16:00:00,0,0.39513385000000006,0,0.2457324125,0
M16,2026-06-09 16:00:00,0,0.12722613333333332,0,0.0663911875,0
M17,2026-06-09 16:00:00,0,0.0089241,0,0.000857375,0
M18,2026-06-09 16:00:00,0,0.9083733833333334,1,0.8018374499999998,1
M19,2026-06-09 16:00:00,0,0.3568770666666667,0,0.36086528750000013,0
M20,2026-06-09 16:00:00,0,0.01819315,0,0.0008026749999999999,0
M21,2026-06-09 16:00:00,1,0.882366433333333,1,0.565809875,1
M22,2026-06-09 16:00:00,0,0.08325611666666663,0,0.018929175,0
M23,2026-06-09 16:00:00,0,0.8499891166666668,1,0.5233544249999998,1
M24,2026-06-09 16:00:00,0,0.05942183333333333,0,0.012456587500000001,0
M25,2026-06-09 16:00:00,0,0.6136690333333333,1,0.464655475,0
M01,2026-06-09 17:00:00,0,0.02419651666666667,0,0.0046687874999999995,0
M02,2026-06-09 17:00:00,0,0.7774749166666666,1,0.6215792124999998,1
M03,2026-06-09 17:00:00,1,0.9255499333333331,1,0.7483663125,1
M04,2026-06-09 17:00:00,0,0.024121183333333334,0,0.0010515625,0
M05,2026-06-09 17:00:00,1,0.6105301999999999,1,0.23002412499999997,0
M06,2026-06-09 17:00:00,0,0.04971463333333334,0,0.017302162500000003,0
M07,2026-06-09 17:00:00,0,0.13205846666666665,0,0.054532887500000016,0
M08,2026-06-09 17:00:00,0,0.005433783333333333,0,0.0022893875,0
M09,2026-06-09 17:00:00,0,0.06668604999999998,0,0.010260637500000001,0
M10,2026-06-09 17:00:00,0,0.5496964666666667,1,0.6005056624999998,1
M11,2026-06-09 17:00:00,0,0.23671543333333334,0,0.11200822500000003,0
M12,2026-06-09 17:00:00,0,0.015594750000000001,0,0.008633400000000001,0
M13,2026-06-09 17:00:00,0,0.9325271000000002,1,0.8608483875000003,1
M14,2026-06-09 17:00:00,0,0.039290816666666666,0,0.053523762499999995,0
M15,2026-06-09 17:00:00,0,0.32813858333333346,0,0.2191545375,0
M16,2026-06-09 17:00:00,0,0.09903060000000001,0,0.04868223749999999,0
M17,2026-06-09 17:00:00,0,0.004570716666666667,0,0.00020605,0
M18,2026-06-09 17:00:00,0,0.9386472166666664,1,0.8284096,1
M19,2026-06-09 17:00:00,0,0.3268746166666667,0,0.32233000000000006,0
M20,2026-06-09 17:00:00,0,0.013273733333333336,0,0.00131845,0
M21,2026-06-09 17:00:00,0,0.4520786166666666,0,0.37382409999999994,0
M22,2026-06-09 17:00:00,0,0.06542608333333334,0,0.020455537500000003,0
M23,2026-06-09 17:00:00,0,0.9066898333333333,1,0.7475485,1
M24,2026-06-09 17:00:00,0,0.02682415,0,0.008879412500000001,0
M25,2026-06-09 17:00:00,0,0.5739173999999999,1,0.4368017125,0
M01,2026-06-09 18:00:00,0,0.01354081666666667,0,0.002910775,0
M02,2026-06-09 18:00:00,0,0.7793917833333333,1,0.6447141124999997,1
M03,2026-06-09 18:00:00,1,0.8488729166666665,1,0.6079414000000003,1
M04,2026-06-09 18:00:00,0,0.0182274,0,0.0023107500000000003,0
M05,2026-06-09 18:00:00,1,0.6272368166666666,1,0.2814963875,0
M06,2026-06-09 18:00:00,0,0.0495271,0,0.015432425,0
M07,2026-06-09 18:00:00,0,0.11619484999999999,0,0.052891749999999994,0
M08,2026-06-09 18:00:00,0,0.0014203166666666668,0,0.000609275,0
M09,2026-06-09 18:00:00,0,0.06381183333333333,0,0.015702925,0
M10,2026-06-09 18:00:00,0,0.5947635000000002,1,0.5194403999999999,1
M11,2026-06-09 18:00:00,0,0.03981796666666667,0,0.024187524999999998,0
M12,2026-06-09 18:00:00,0,0.022392083333333333,0,0.007266575,0
M13,2026-06-09 18:00:00,0,0.9423403,1,0.85376955,1
M14,2026-06-09 18:00:00,0,0.024977066666666665,0,0.0695887,0
M15,2026-06-09 18:00:00,0,0.26065326666666666,0,0.17916658750000003,0
M16,2026-06-09 18:00:00,0,0.041202449999999995,0,0.010403312500000001,0
M17,2026-06-09 18:00:00,0,0.011529816666666668,0,0.000857375,0
M18,2026-06-09 18:00:00,0,0.9232995999999998,1,0.8450012249999999,1
M19,2026-06-09 18:00:00,0,0.27615735,0,0.32934030000000003,0
M20,2026-06-09 18:00:00,0,0.04549184999999999,0,0.0014080625,0
M21,2026-06-09 18:00:00,0,0.1390797666666667,0,0.18751545000000003,0
M22,2026-06-09 18:00:00,0,0.21474718333333334,0,0.0639824375,0
M23,2026-06-09 18:00:00,0,0.9609138333333334,1,0.8806649625,1
M24,2026-06-09 18:00:00,0,0.016214066666666666,0,0.00602285,0
M25,2026-06-09 18:00:00,0,0.5739312333333333,1,0.52078695,1
M01,2026-06-09 19:00:00,0,0.04446256666666667,0,0.0049852375,0
M02,2026-06-09 19:00:00,0,0.8883015666666663,1,0.6482915875,1
M03,2026-06-09 19:00:00,1,0.7587055166666666,1,0.6174557500000002,1
M04,2026-06-09 19:00:00,0,0.024275816666666665,0,0.002284225,0
M05,2026-06-09 19:00:00,1,0.5089581333333334,1,0.22761078750000005,0
M06,2026-06-09 19:00:00,0,0.04782251666666667,0,0.0131214875,0
M07,2026-06-09 19:00:00,0,0.08865443333333335,0,0.04021005,0
M08,2026-06-09 19:00:00,0,0.0014203166666666668,0,0.00020605,0
M09,2026-06-09 19:00:00,0,0.05706964999999999,0,0.014172575000000003,0
M10,2026-06-09 19:00:00,0,0.6066596166666668,1,0.5322766999999999,1
M11,2026-06-09 19:00:00,0,0.03728041666666667,0,0.0003787875,0
M12,2026-06-09 19:00:00,0,0.02288808333333333,0,0.0002931875,0
M13,2026-06-09 19:00:00,0,0.9656037500000004,1,0.8818073250000003,1
M14,2026-06-09 19:00:00,0,0.024659350000000003,0,0.04592362499999998,0
M15,2026-06-09 19:00:00,0,0.6151003666666667,1,0.24080763750000006,0
M16,2026-06-09 19:00:00,0,0.08781156666666665,0,0.06148228750000001,0
M17,2026-06-09 19:00:00,0,0.004570716666666667,0,0.00020605,0
M18,2026-06-09 19:00:00,0,0.8767854833333332,1,0.6653367125,1
M19,2026-06-09 19:00:00,0,0.23337409999999997,0,0.27970490000000003,0
M20,2026-06-09 19:00:00,0,0.011385166666666667,0,0.0008554875,0
M21,2026-06-09 19:00:00,0,0.18734815000000002,0,0.14586471249999997,0
M22,2026-06-09 19:00:00,0,0.09594681666666664,0,0.019004762499999998,0
M23,2026-06-09 19:00:00,0,0.8153619166666667,1,0.5000193249999999,1
M24,2026-06-09 19:00:00,0,0.018682516666666663,0,0.008220625,0
M25,2026-06-09 19:00:00,0,0.6026506999999999,1,0.5446520250000001,1
M01,2026-06-09 20:00:00,0,0.035174833333333336,0,0.0049852375,0
M02,2026-06-09 20:00:00,0,0.7866794666666668,1,0.6690170749999997,1
M03,2026-06-09 20:00:00,1,0.9021421,1,0.7275871750000003,1
M04,2026-06-09 20:00:00,0,0.03971068333333332,0,0.0029165875,0
M05,2026-06-09 20:00:00,1,0.6903031333333332,1,0.3081805625,0
M06,2026-06-09 20:00:00,0,0.04247953333333333,0,0.014869062499999999,0
M07,2026-06-09 20:00:00,0,0.03821573333333333,0,0.016878849999999997,0
M08,2026-06-09 20:00:00,0,0.0014203166666666668,0,0.00020605,0
M09,2026-06-09 20:00:00,0,0.058269983333333324,0,0.005162524999999999,0
M10,2026-06-09 20:00:00,0,0.5951568166666666,1,0.5429979,1
M11,2026-06-09 20:00:00,0,0.0179374,0,0.0047537875,0
M12,2026-06-09 20:00:00,0,0.026749433333333333,0,0.0036712625,0
M13,2026-06-09 20:00:00,0,0.9329149000000001,1,0.874891525,1
M14,2026-06-09 20:00:00,0,0.028235733333333332,0,0.0501831125,0
M15,2026-06-09 20:00:00,0,0.5730636166666667,1,0.2599463125,0
M16,2026-06-09 20:00:00,0,0.06680823333333333,0,0.001074025,0
M17,2026-06-09 20:00:00,0,0.004570716666666667,0,0.00020605,0
M18,2026-06-09 20:00:00,0,0.87752365,1,0.6911002625000001,1
M19,2026-06-09 20:00:00,0,0.2046014833333333,0,0.25450617500000006,0
M20,2026-06-09 20:00:00,0,0.027921833333333333,0,0.000725625,0
M21,2026-06-09 20:00:00,0,0.06327175,0,0.0661593125,0
M22,2026-06-09 20:00:00,0,0.20734305000000006,0,0.06034101249999999,0
M23,2026-06-09 20:00:00,0,0.74828465,1,0.45478926249999985,0
M24,2026-06-09 20:00:00,0,0.016214066666666666,0,0.0058054625,0
M25,2026-06-09 20:00:00,0,0.6376243666666668,1,0.45912961250000006,0
M01,2026-06-09 21:00:00,0,0.013832400000000003,0,0.00046058750000000005,0
M02,2026-06-09 21:00:00,0,0.6409510666666667,1,0.5289965374999999,1
M03,2026-06-09 21:00:00,1,0.7868600333333333,1,0.7946775250000001,1
M04,2026-06-09 21:00:00,0,0.07278494999999999,0,0.0060792625,0
M05,2026-06-09 21:00:00,1,0.7734138833333329,1,0.347949575,0
M06,2026-06-09 21:00:00,0,0.03607645,0,0.013226437499999999,0
M07,2026-06-09 21:00:00,0,0.05580829999999999,0,0.0221672375,0
M08,2026-06-09 21:00:00,0,0.0014203166666666668,0,0.00020605,0
M09,2026-06-09 21:00:00,0,0.042047333333333325,0,0.0097091625,0
M10,2026-06-09 21:00:00,0,0.6201675333333334,1,0.7966467625000001,1
M11,2026-06-09 21:00:00,0,0.015677983333333333,0,0.0047537875,0
M12,2026-06-09 21:00:00,0,0.0162827,0,0.0025610875,0
M13,2026-06-09 21:00:00,0,0.9435868333333333,1,0.8759737874999999,1
M14,2026-06-09 21:00:00,0,0.020698483333333333,0,0.011716850000000001,0
M15,2026-06-09 21:00:00,0,0.5713537166666668,1,0.23293939999999994,0
M16,2026-06-09 21:00:00,0,0.089852,0,0.0050793,0
M17,2026-06-09 21:00:00,0,0.015567183333333335,0,0.021913949999999998,0
M18,2026-06-09 21:00:00,0,0.920157,1,0.798048775,1
M19,2026-06-09 21:00:00,0,0.20601276666666665,0,0.2790004875000001,0
M20,2026-06-09 21:00:00,0,0.05551578333333334,0,0.0100421125,0
M21,2026-06-09 21:00:00,0,0.034779783333333335,0,0.013949150000000002,0
M22,2026-06-09 21:00:00,0,0.061835433333333335,0,0.008898699999999999,0
M23,2026-06-09 21:00:00,0,0.6852984833333334,1,0.44816103749999997,0
M24,2026-06-09 21:00:00,0,0.027166100000000006,0,0.008892125,0
M25,2026-06-09 21:00:00,0,0.6399892999999999,1,0.47661130000000007,0
M01,2026-06-09 22:00:00,0,0.038438916666666656,0,0.0404581625,0
M02,2026-06-09 22:00:00,1,0.9018894166666664,1,0.7194241625,1
M03,2026-06-09 22:00:00,1,0.8995425499999998,1,0.7462180375000002,1
M04,2026-06-09 22:00:00,0,0.025734999999999997,0,0.00112855,0
M05,2026-06-09 22:00:00,1,0.5646766999999999,1,0.33369741249999996,0
M06,2026-06-09 22:00:00,0,0.11640858333333333,0,0.03910956250000001,0
M07,2026-06-09 22:00:00,0,0.04826821666666667,0,0.021191712499999998,0
M08,2026-06-09 22:00:00,0,0.015811183333333333,0,0.002875725,0
M09,2026-06-09 22:00:00,0,0.033131466666666665,0,0.010357700000000001,0
M10,2026-06-09 22:00:00,0,0.5303028999999999,1,0.47841570000000005,0
M11,2026-06-09 22:00:00,0,0.06744246666666666,0,0.0119350875,0
M12,2026-06-09 22:00:00,0,0.014798333333333335,0,0.0007627875,0
M13,2026-06-09 22:00:00,0,0.9438086833333333,1,0.8621492124999998,1
M14,2026-06-09 22:00:00,0,0.008968833333333334,0,0.0083284875,0
M15,2026-06-09 22:00:00,0,0.7376057999999995,1,0.37388485000000005,0
M16,2026-06-09 22:00:00,0,0.0355778,0,0.0183543,0
M17,2026-06-09 22:00:00,0,0.011529816666666668,0,0.006625575,0
M18,2026-06-09 22:00:00,0,0.9091055499999999,1,0.7105912749999999,1
M19,2026-06-09 22:00:00,0,0.18710108333333333,0,0.15041939999999998,0
M20,2026-06-09 22:00:00,0,0.02552873333333333,0,0.0042344625,0
M21,2026-06-09 22:00:00,0,0.019685116666666665,0,0.013380962500000001,0
M22,2026-06-09 22:00:00,0,0.04688381666666666,0,0.013634349999999998,0
M23,2026-06-09 22:00:00,0,0.6461872166666667,1,0.43871283749999995,0
M24,2026-06-09 22:00:00,0,0.024129400000000002,0,0.007817399999999999,0
M25,2026-06-09 22:00:00,0,0.7572883333333335,1,0.569594175,1
M01,2026-06-09 23:00:00,0,0.0258165,0,0.025118924999999997,0
M02,2026-06-09 23:00:00,1,0.7679152499999999,1,0.6299916749999996,1
M03,2026-06-09 23:00:00,1,0.9616795499999997,1,0.9355743625,1
M04,2026-06-09 23:00:00,0,0.02826115,0,0.013339087500000003,0
M05,2026-06-09 23:00:00,1,0.7988108666666662,1,0.39790808749999995,0
M06,2026-06-09 23:00:00,0,0.09701645,0,0.032335425,0
M07,2026-06-09 23:00:00,0,0.04521758333333334,0,0.0359095625,0
M08,2026-06-09 23:00:00,0,0.005433783333333333,0,0.00020605,0
M09,2026-06-09 23:00:00,0,0.051533033333333325,0,0.0114933875,0
M10,2026-06-09 23:00:00,0,0.5455103833333335,1,0.5334447625000001,1
M11,2026-06-09 23:00:00,0,0.0179374,0,0.0047537875,0
M12,2026-06-09 23:00:00,0,0.022876216666666664,0,0.0023488625,0
M13,2026-06-09 23:00:00,0,0.9375254000000002,1,0.8561965875,1
M14,2026-06-09 23:00:00,0,0.0277503,0,0.0148507625,0
M15,2026-06-09 23:00:00,0,0.5351484000000002,1,0.274283125,0
M16,2026-06-09 23:00:00,0,0.03843646666666666,0,0.018315249999999998,0
M17,2026-06-09 23:00:00,0,0.016831900000000004,0,0.021510724999999998,0
M18,2026-06-09 23:00:00,0,0.8139531833333333,1,0.6566493375,1
M19,2026-06-09 23:00:00,0,0.21922478333333334,0,0.23296026250000001,0
M20,2026-06-09 23:00:00,0,0.0532749,0,0.00855355,0
M21,2026-06-09 23:00:00,0,0.019685116666666665,0,0.0084896625,0
M22,2026-06-09 23:00:00,0,0.07706528333333336,0,0.014172174999999999,0
M23,2026-06-09 23:00:00,0,0.7680996666666667,1,0.4786219625,0
M24,2026-06-09 23:00:00,0,0.024129400000000002,0,0.00603205,0
M25,2026-06-09 23:00:00,0,0.7351147833333332,1,0.7976593000000001,1
M01,2026-06-10 00:00:00,0,0.021360433333333335,0,0.0355087125,0
M02,2026-06-10 00:00:00,1,0.8502608666666664,1,0.6641308375,1
M03,2026-06-10 00:00:00,1,0.8461779999999999,1,0.9056304125000002,1
M04,2026-06-10 00:00:00,0,0.019587200000000006,0,0.0275487125,0
M05,2026-06-10 00:00:00,1,0.6347210333333334,1,0.22573966249999997,0
M06,2026-06-10 00:00:00,0,0.035317900000000006,0,0.000943825,0
M07,2026-06-10 00:00:00,0,0.07451911666666665,0,0.0405112125,0
M08,2026-06-10 00:00:00,0,0.005433783333333333,0,0.00031099999999999997,0
M09,2026-06-10 00:00:00,0,0.08182506666666665,0,0.0080707875,0
M10,2026-06-10 00:00:00,0,0.6419681,1,0.8006476625000001,1
M11,2026-06-10 00:00:00,0,0.06423776666666667,0,0.0139745,0
M12,2026-06-10 00:00:00,0,0.019888933333333338,0,0.0006210250000000001,0
M13,2026-06-10 00:00:00,0,0.9288162000000003,1,0.8459954250000001,1
M14,2026-06-10 00:00:00,0,0.043361800000000006,0,0.027621312500000002,0
M15,2026-06-10 00:00:00,0,0.5381216666666667,1,0.18366367500000003,0
M16,2026-06-10 00:00:00,0,0.06109551666666667,0,0.059477087500000005,0
M17,2026-06-10 00:00:00,0,0.015567183333333335,0,0.0048887125,0
M18,2026-06-10 00:00:00,0,0.9187954333333332,1,0.6561518125,1
M19,2026-06-10 00:00:00,0,0.0985331,0,0.1658626375,0
M20,2026-06-10 00:00:00,0,0.03374715,0,0.0034921000000000006,0
M21,2026-06-10 00:00:00,0,0.027782866666666666,0,0.01382015,0
M22,2026-06-10 00:00:00,0,0.0595849,0,0.017211575,0
M23,2026-06-10 00:00:00,0,0.7007385333333337,1,0.3996920125,0
M24,2026-06-10 00:00:00,0,0.03758173333333333,0,0.0096015875,0
M25,2026-06-10 00:00:00,0,0.7560203166666669,1,0.5185775875,1
M01,2026-06-10 01:00:00,0,0.011836033333333336,0,0.0264114625,0
M02,2026-06-10 01:00:00,1,0.7288192333333332,1,0.5633088375000002,1
M03,2026-06-10 01:00:00,1,0.8025302166666666,1,0.8939748499999999,1
M04,2026-06-10 01:00:00,0,0.04846221666666666,0,0.010807562500000001,0
M05,2026-06-10 01:00:00,1,0.8089817166666663,1,0.6119670625,1
M06,2026-06-10 01:00:00,0,0.04899268333333332,0,0.003134675,0
M07,2026-06-10 01:00:00,0,0.05680881666666668,0,0.0355445875,0
M08,2026-06-10 01:00:00,0,0.022356250000000005,0,0.0032680875,0
M09,2026-06-10 01:00:00,0,0.06751093333333333,0,0.004721412499999999,0
M10,2026-06-10 01:00:00,0,0.6194524,1,0.75964625,1
M11,2026-06-10 01:00:00,0,0.017723916666666666,0,0.0047537875,0
M12,2026-06-10 01:00:00,0,0.025359450000000002,0,0.0021986125,0
M13,2026-06-10 01:00:00,0,0.944084166666667,1,0.8812013125,1
M14,2026-06-10 01:00:00,0,0.08207359999999998,0,0.03772045,0
M15,2026-06-10 01:00:00,0,0.3436180666666667,0,0.1317168625,0
M16,2026-06-10 01:00:00,0,0.054753599999999986,0,0.023488425,0
M17,2026-06-10 01:00:00,0,0.015567183333333335,0,0.00020605,0
M18,2026-06-10 01:00:00,0,0.85834425,1,0.6487307625,1
M19,2026-06-10 01:00:00,0,0.17243628333333333,0,0.16706043749999996,0
M20,2026-06-10 01:00:00,0,0.039985833333333325,0,0.0037186875000000006,0
M21,2026-06-10 01:00:00,0,0.019685116666666665,0,0.009234700000000002,0
M22,2026-06-10 01:00:00,0,0.19928496666666667,0,0.08755128749999999,0
M23,2026-06-10 01:00:00,0,0.8365710333333334,1,0.5852028,1
M24,2026-06-10 01:00:00,0,0.03758173333333333,0,0.009375,0
M25,2026-06-10 01:00:00,0,0.766999866666667,1,0.5385034000000001,1
M01,2026-06-10 02:00:00,0,0.022642516666666668,0,0.031900887499999996,0
M02,2026-06-10 02:00:00,1,0.8079014166666667,1,0.6178340625000001,1
M03,2026-06-10 02:00:00,1,0.93672335,1,0.9082485624999999,1
M04,2026-06-10 02:00:00,0,0.017510033333333338,0,0.009537475,0
M05,2026-06-10 02:00:00,1,0.8212808166666663,1,0.5205155875,1
M06,2026-06-10 02:00:00,0,0.03578275,0,0.0041675625,0
M07,2026-06-10 02:00:00,0,0.054014033333333336,0,0.0464281625,0
M08,2026-06-10 02:00:00,0,0.0014203166666666668,0,0.00031099999999999997,0
M09,2026-06-10 02:00:00,0,0.033131466666666665,0,0.00793705,0
M10,2026-06-10 02:00:00,0,0.5951568166666666,1,0.5549458500000001,1
M11,2026-06-10 02:00:00,0,0.017723916666666666,0,0.006539500000000001,0
M12,2026-06-10 02:00:00,0,0.018260983333333335,0,0.00021525,0
M13,2026-06-10 02:00:00,0,0.9116739833333337,1,0.7859327125000001,1
M14,2026-06-10 02:00:00,0,0.03972725,0,0.008479025000000001,0
M15,2026-06-10 02:00:00,0,0.5677820333333334,1,0.17010069999999997,0
M16,2026-06-10 02:00:00,0,0.031150883333333334,0,0.02844705,0
M17,2026-06-10 02:00:00,0,0.015567183333333335,0,0.00020605,0
M18,2026-06-10 02:00:00,0,0.8209245500000001,1,0.6515781374999998,1
M19,2026-06-10 02:00:00,0,0.08746121666666667,0,0.1218993375,0
M20,2026-06-10 02:00:00,0,0.08100596666666667,0,0.0168061625,0
M21,2026-06-10 02:00:00,0,0.09591441666666665,0,0.0356075625,0
M22,2026-06-10 02:00:00,0,0.19464811666666665,0,0.0526407125,0
M23,2026-06-10 02:00:00,0,0.9289357,1,0.7843470125,1
M24,2026-06-10 02:00:00,0,0.04464431666666666,0,0.0109635875,0
M25,2026-06-10 02:00:00,0,0.7608432333333336,1,0.5264816875,1
M01,2026-06-10 03:00:00,0,0.04891226666666666,0,0.030002787500000006,0
M02,2026-06-10 03:00:00,1,0.8989750666666663,1,0.7209252625,1
M03,2026-06-10 03:00:00,1,0.9807241499999997,1,0.9548584875000001,1
M04,2026-06-10 03:00:00,0,0.029271683333333333,0,0.0098701375,0
M05,2026-06-10 03:00:00,1,0.8112312999999998,1,0.44865640000000007,0
M06,2026-06-10 03:00:00,0,0.04788243333333333,0,0.0049340124999999995,0
M07,2026-06-10 03:00:00,0,0.08543306666666667,0,0.071837075,0
M08,2026-06-10 03:00:00,0,0.014215433333333334,0,0.0032680875,0
M09,2026-06-10 03:00:00,0,0.04030673333333333,0,0.002670875,0
M10,2026-06-10 03:00:00,0,0.5918720833333334,1,0.5536203125000001,1
M11,2026-06-10 03:00:00,0,0.03554533333333333,0,0.0047537875,0
M12,2026-06-10 03:00:00,0,0.012794916666666666,0,0.00029335000000000006,0
M13,2026-06-10 03:00:00,0,0.8808704833333337,1,0.7097946625,1
M14,2026-06-10 03:00:00,0,0.017959566666666666,0,0.0006412,0
M15,2026-06-10 03:00:00,0,0.47421359999999996,0,0.11855795,0
M16,2026-06-10 03:00:00,0,0.021773533333333334,0,0.018019550000000002,0
M17,2026-06-10 03:00:00,0,0.0031504,0,0.0,0
M18,2026-06-10 03:00:00,1,0.8864105666666667,1,0.7421400749999998,1
M19,2026-06-10 03:00:00,0,0.06605875,0,0.11428891249999998,0
M20,2026-06-10 03:00:00,0,0.08475731666666665,0,0.0164385,0
M21,2026-06-10 03:00:00,0,0.09469135000000001,0,0.04806275,0
M22,2026-06-10 03:00:00,0,0.19724326666666667,0,0.08398205,0
M23,2026-06-10 03:00:00,0,0.9208462000000001,1,0.8535063874999997,1
M24,2026-06-10 03:00:00,0,0.045165833333333336,0,0.01310595,0
M25,2026-06-10 03:00:00,0,0.7590189666666668,1,0.5154859500000002,1
M01,2026-06-10 04:00:00,0,0.011317100000000002,0,0.0322857375,0
M02,2026-06-10 04:00:00,1,0.7676517666666665,1,0.5998501375,1
M03,2026-06-10 04:00:00,1,0.8110001,1,0.8982165624999998,1
M04,2026-06-10 04:00:00,0,0.03648568333333333,0,0.0285929375,0
M05,2026-06-10 04:00:00,1,0.8085762166666665,1,0.6504449874999999,1
M06,2026-06-10 04:00:00,0,0.02553061666666667,0,0.013201425,0
M07,2026-06-10 04:00:00,0,0.040649899999999996,0,0.050086225000000005,0
M08,2026-06-10 04:00:00,0,0.005433783333333333,0,0.00031099999999999997,0
M09,2026-06-10 04:00:00,0,0.04961456666666665,0,0.006622412499999999,0
M10,2026-06-10 04:00:00,0,0.6398255333333334,1,0.7729192374999999,1
M11,2026-06-10 04:00:00,0,0.015067749999999998,0,0.0003787875,0
M12,2026-06-10 04:00:00,0,0.012576700000000003,0,0.00029335000000000006,0
M13,2026-06-10 04:00:00,0,0.7696061333333337,1,0.7449181874999999,1
M14,2026-06-10 04:00:00,0,0.026389966666666664,0,0.0038880625,0
M15,2026-06-10 04:00:00,0,0.5385196166666667,1,0.17040118750000002,0
M16,2026-06-10 04:00:00,0,0.03452136666666667,0,0.012243275000000001,0
M17,2026-06-10 04:00:00,0,0.0031504,0,0.0,0
M18,2026-06-10 04:00:00,1,0.9178330499999998,1,0.7002739125,1
M19,2026-06-10 04:00:00,0,0.13740436666666664,0,0.143439075,0
M20,2026-06-10 04:00:00,0,0.039985833333333325,0,0.004040112500000001,0
M21,2026-06-10 04:00:00,0,0.019685116666666665,0,0.009234700000000002,0
M22,2026-06-10 04:00:00,0,0.07139115,0,0.018681200000000002,0
M23,2026-06-10 04:00:00,0,0.79033525,1,0.7978865374999999,1
M24,2026-06-10 04:00:00,0,0.03758173333333333,0,0.0096015875,0
M25,2026-06-10 04:00:00,0,0.7345381499999999,1,0.7928276875,1
M01,2026-06-10 05:00:00,0,0.017521816666666672,0,0.014275375000000002,0
M02,2026-06-10 05:00:00,1,0.9227942499999998,1,0.7419273000000001,1
M03,2026-06-10 05:00:00,1,0.9904507833333333,1,0.9388610125000001,1
M04,2026-06-10 05:00:00,0,0.01911425,0,0.0370282625,0
M05,2026-06-10 05:00:00,1,0.6976088666666664,1,0.44659285000000004,0
M06,2026-06-10 05:00:00,0,0.03607645,0,0.0007264375000000001,0
M07,2026-06-10 05:00:00,0,0.12106068333333332,0,0.05716065,0
M08,2026-06-10 05:00:00,0,0.0062761833333333334,0,0.0038824250000000005,0
M09,2026-06-10 05:00:00,0,0.07285818333333333,0,0.007378899999999999,0
M10,2026-06-10 05:00:00,0,0.6050443666666666,1,0.5222144249999999,1
M11,2026-06-10 05:00:00,0,0.015067749999999998,0,0.0003787875,0
M12,2026-06-10 05:00:00,0,0.01956931666666667,0,0.00021525,0
M13,2026-06-10 05:00:00,0,0.8303114833333333,1,0.8834464250000001,1
M14,2026-06-10 05:00:00,0,0.04740846666666667,0,0.0041703625,0
M15,2026-06-10 05:00:00,0,0.5533173833333332,1,0.171361975,0
M16,2026-06-10 05:00:00,0,0.02823618333333333,0,0.02246215,0
M17,2026-06-10 05:00:00,0,0.0031504,0,0.000403225,0
M18,2026-06-10 05:00:00,1,0.8829250333333334,1,0.6705516875,1
M19,2026-06-10 05:00:00,0,0.15808501666666666,0,0.1801140875,0
M20,2026-06-10 05:00:00,0,0.08085498333333334,0,0.006420187499999999,0
M21,2026-06-10 05:00:00,0,0.027782866666666666,0,0.014363625,0
M22,2026-06-10 05:00:00,0,0.04919406666666667,0,0.021065300000000002,0
M23,2026-06-10 05:00:00,0,0.9646936833333334,1,0.8985582625000001,1
M24,2026-06-10 05:00:00,0,0.016214066666666666,0,0.008342387500000001,0
M25,2026-06-10 05:00:00,0,0.5742442333333333,1,0.71577135,1
M01,2026-06-10 06:00:00,0,0.022497283333333333,0,0.029804962499999997,0
M02,2026-06-10 06:00:00,1,0.8253532666666665,1,0.627107825,1
M03,2026-06-10 06:00:00,1,0.9793438833333331,1,0.9133457875000002,1
M04,2026-06-10 06:00:00,0,0.02650745,0,0.032402975,0
M05,2026-06-10 06:00:00,1,0.6074224833333333,1,0.3270766625,0
M06,2026-06-10 06:00:00,0,0.0363601,0,0.00447005,0
M07,2026-06-10 06:00:00,0,0.050455883333333326,0,0.04326675,0
M08,2026-06-10 06:00:00,0,0.0014203166666666668,0,0.00031099999999999997,0
M09,2026-06-10 06:00:00,0,0.04030673333333333,0,0.006141012499999999,0
M10,2026-06-10 06:00:00,0,0.5354669,1,0.5221684750000001,1
M11,2026-06-10 06:00:00,0,0.02953856666666667,0,0.0003787875,0
M12,2026-06-10 06:00:00,0,0.019576333333333338,0,0.0029129000000000004,0
M13,2026-06-10 06:00:00,0,0.9383665500000001,1,0.8371086499999997,1
M14,2026-06-10 06:00:00,0,0.04827468333333333,0,0.0006874124999999999,0
M15,2026-06-10 06:00:00,0,0.5557319333333334,1,0.25189114999999995,0
M16,2026-06-10 06:00:00,0,0.02683806666666667,0,0.011849525,0
M17,2026-06-10 06:00:00,0,0.0031504,0,0.0,0
M18,2026-06-10 06:00:00,1,0.9615938333333333,1,0.871339525,1
M19,2026-06-10 06:00:00,0,0.10977008333333334,0,0.1089390375,0
M20,2026-06-10 06:00:00,0,0.055415700000000005,0,0.006829687499999999,0
M21,2026-06-10 06:00:00,0,0.02570043333333333,0,0.009234700000000002,0
M22,2026-06-10 06:00:00,0,0.20534130000000003,0,0.06337303749999999,0
M23,2026-06-10 06:00:00,0,0.9257906000000001,1,0.77949755,1
M24,2026-06-10 06:00:00,0,0.0048281,0,0.0040628875,0
M25,2026-06-10 06:00:00,0,0.7473650666666668,1,0.5647717125,1
M01,2026-06-10 07:00:00,0,0.01911425,0,0.025699537499999998,0
M02,2026-06-10 07:00:00,1,0.9003735333333333,1,0.757895425,1
M03,2026-06-10 07:00:00,1,0.9206398000000001,1,0.834735375,1
M04,2026-06-10 07:00:00,0,0.019004283333333333,0,0.0112612875,0
M05,2026-06-10 07:00:00,1,0.6260424833333335,1,0.31425303749999994,0
M06,2026-06-10 07:00:00,0,0.03134848333333334,0,0.0010857624999999998,0
M07,2026-06-10 07:00:00,0,0.06368263333333334,0,0.03627085,0
M08,2026-06-10 07:00:00,0,0.009278566666666665,0,0.0038824250000000005,0
M09,2026-06-10 07:00:00,0,0.07886793333333333,0,0.011014925,0
M10,2026-06-10 07:00:00,0,0.6079231666666666,1,0.5117947625000001,1
M11,2026-06-10 07:00:00,0,0.06744246666666666,0,0.0108237125,0
M12,2026-06-10 07:00:00,0,0.011876500000000002,0,0.00011482500000000001,0
M13,2026-06-10 07:00:00,1,0.9776982500000003,1,0.9371740000000003,1
M14,2026-06-10 07:00:00,0,0.05135436666666667,0,0.006600949999999999,0
M15,2026-06-10 07:00:00,0,0.5484756666666667,1,0.16747163750000002,0
M16,2026-06-10 07:00:00,0,0.030266133333333334,0,0.0462401125,0
M17,2026-06-10 07:00:00,0,0.004570716666666667,0,0.00020605,0
M18,2026-06-10 07:00:00,1,0.9744886166666666,1,0.9272828375000002,1
M19,2026-06-10 07:00:00,0,0.1618775,0,0.0961130125,0
M20,2026-06-10 07:00:00,0,0.04894771666666667,0,0.016501387500000003,0
M21,2026-06-10 07:00:00,0,0.027782866666666666,0,0.014363625,0
M22,2026-06-10 07:00:00,0,0.03992776666666667,0,0.015159787500000002,0
M23,2026-06-10 07:00:00,0,0.9286800166666667,1,0.855063625,1
M24,2026-06-10 07:00:00,0,0.06076606666666667,0,0.011659300000000001,0
M25,2026-06-10 07:00:00,0,0.7461101333333334,1,0.5210137875,1
M01,2026-06-10 08:00:00,0,0.016364250000000004,0,0.024702312499999997,0
M02,2026-06-10 08:00:00,1,0.9044150333333331,1,0.7396344125,1
M03,2026-06-10 08:00:00,1,0.985807083333333,1,0.9539027125,1
M04,2026-06-10 08:00:00,0,0.034025683333333334,0,0.025687675,0
M05,2026-06-10 08:00:00,1,0.7874394666666663,1,0.4618882375,0
M06,2026-06-10 08:00:00,0,0.032260133333333336,0,0.001994625,0
M07,2026-06-10 08:00:00,0,0.04623468333333333,0,0.029106475,0
M08,2026-06-10 08:00:00,0,0.05486211666666666,0,0.00567005,0
M09,2026-06-10 08:00:00,0,0.03513148333333334,0,0.002139875,0
M10,2026-06-10 08:00:00,0,0.6034940500000001,1,0.48881897500000004,0
M11,2026-06-10 08:00:00,0,0.015067749999999998,0,0.0003787875,0
M12,2026-06-10 08:00:00,0,0.013856983333333335,0,0.0028926,0
M13,2026-06-10 08:00:00,1,0.9464226833333335,1,0.9155347124999998,1
M14,2026-06-10 08:00:00,0,0.07780248333333334,0,0.0167132875,0
M15,2026-06-10 08:00:00,0,0.5319357166666667,1,0.18568065,0
M16,2026-06-10 08:00:00,0,0.022483433333333337,0,0.0212982125,0
M17,2026-06-10 08:00:00,0,0.004570716666666667,0,0.00020605,0
M18,2026-06-10 08:00:00,1,0.93246195,1,0.8294560750000001,1
M19,2026-06-10 08:00:00,0,0.2277242666666667,0,0.22058144999999998,0
M20,2026-06-10 08:00:00,0,0.04049051666666667,0,0.020043937500000004,0
M21,2026-06-10 08:00:00,0,0.02570043333333333,0,0.0084896625,0
M22,2026-06-10 08:00:00,0,0.06891203333333333,0,0.0166149625,0
M23,2026-06-10 08:00:00,0,0.9295025333333334,1,0.8458262499999998,1
M24,2026-06-10 08:00:00,0,0.005193133333333333,0,0.0004914625,0
M25,2026-06-10 08:00:00,0,0.7465904166666667,1,0.514136175,1
M01,2026-06-10 09:00:00,0,0.023138649999999997,0,0.024702312499999997,0
M02,2026-06-10 09:00:00,1,0.9177568666666662,1,0.7704923874999998,1
M03,2026-06-10 09:00:00,1,0.9868151666666664,1,0.9453862624999999,1
M04,2026-06-10 09:00:00,0,0.017510033333333338,0,0.014731912500000003,0
M05,2026-06-10 09:00:00,1,0.6509293166666666,1,0.22235514999999997,0
M06,2026-06-10 09:00:00,0,0.03554296666666667,0,0.0049062,0
M07,2026-06-10 09:00:00,0,0.08438595,0,0.058700962499999995,0
M08,2026-06-10 09:00:00,0,0.0014203166666666668,0,0.00031099999999999997,0
M09,2026-06-10 09:00:00,0,0.06347068333333332,0,0.008775512499999999,0
M10,2026-06-10 09:00:00,0,0.5021690666666667,1,0.3665571499999999,0
M11,2026-06-10 09:00:00,0,0.015067749999999998,0,0.0003787875,0
M12,2026-06-10 09:00:00,0,0.02424566666666667,0,0.0119717375,0
M13,2026-06-10 09:00:00,1,0.9455404166666667,1,0.8958883375,1
M14,2026-06-10 09:00:00,0,0.037253783333333325,0,0.0027071125,0
M15,2026-06-10 09:00:00,0,0.3280722166666667,0,0.142610725,0
M16,2026-06-10 09:00:00,0,0.02820825,0,0.029348662499999994,0
M17,2026-06-10 09:00:00,0,0.0089241,0,0.00414685,0
M18,2026-06-10 09:00:00,1,0.9159905833333332,1,0.8313231749999999,1
M19,2026-06-10 09:00:00,0,0.21840379999999998,0,0.2557505875,0
M20,2026-06-10 09:00:00,0,0.02508528333333333,0,0.0167503875,0
M21,2026-06-10 09:00:00,0,0.07496021666666666,0,0.029464225,0
M22,2026-06-10 09:00:00,0,0.06778203333333334,0,0.0186860875,0
M23,2026-06-10 09:00:00,0,0.9678045166666667,1,0.9257238375,1
M24,2026-06-10 09:00:00,0,0.005193133333333333,0,0.00031099999999999997,0
M25,2026-06-10 09:00:00,0,0.7517624333333334,1,0.5842030125,1
M01,2026-06-10 10:00:00,0,0.029919933333333332,0,0.01411915,0
M02,2026-06-10 10:00:00,1,0.8980124833333331,1,0.7510010999999999,1
M03,2026-06-10 10:00:00,1,0.8886800166666666,1,0.7953421875,1
M04,2026-06-10 10:00:00,0,0.017510033333333338,0,0.0125598,0
M05,2026-06-10 10:00:00,1,0.6237202500000001,1,0.20871556249999998,0
M06,2026-06-10 10:00:00,0,0.02723121666666667,0,0.0005914000000000001,0
M07,2026-06-10 10:00:00,0,0.05165633333333334,0,0.033928075,0
M08,2026-06-10 10:00:00,0,0.00164555,0,0.0038824250000000005,0
M09,2026-06-10 10:00:00,0,0.05200389999999999,0,0.009768337499999998,0
M10,2026-06-10 10:00:00,0,0.5985103333333335,1,0.4792430125,0
M11,2026-06-10 10:00:00,0,0.015067749999999998,0,0.0003787875,0
M12,2026-06-10 10:00:00,0,0.012283,0,0.0081956375,0
M13,2026-06-10 10:00:00,1,0.7857896500000001,1,0.8017157374999998,1
M14,2026-06-10 10:00:00,0,0.05579655000000001,0,0.00167315,0
M15,2026-06-10 10:00:00,0,0.3652130166666667,0,0.17052285000000003,0
M16,2026-06-10 10:00:00,0,0.03031353333333334,0,0.024404875,0
M17,2026-06-10 10:00:00,0,0.004570716666666667,0,0.000609275,0
M18,2026-06-10 10:00:00,1,0.9811178833333333,1,0.9515071125000002,1
M19,2026-06-10 10:00:00,0,0.19394398333333332,0,0.22162782499999997,0
M20,2026-06-10 10:00:00,0,0.07780136666666665,0,0.027785387499999998,0
M21,2026-06-10 10:00:00,0,0.027782866666666666,0,0.013416925000000001,0
M22,2026-06-10 10:00:00,0,0.20763845000000003,0,0.0751927,0
M23,2026-06-10 10:00:00,0,0.9280880000000001,1,0.83069765,1
M24,2026-06-10 10:00:00,0,0.0048281,0,0.0004914625,0
M25,2026-06-10 10:00:00,0,0.7224993499999998,1,0.7919538875,1
M01,2026-06-10 11:00:00,0,0.020135899999999998,0,0.0327772375,0
M02,2026-06-10 11:00:00,1,0.7371609666666668,1,0.6185191624999998,1
M03,2026-06-10 11:00:00,1,0.977071183333333,1,0.9073008125000002,1
M04,2026-06-10 11:00:00,0,0.017510033333333338,0,0.007841400000000002,0
M05,2026-06-10 11:00:00,1,0.8138024333333331,1,0.39996888750000004,0
M06,2026-06-10 11:00:00,0,0.039045399999999994,0,0.0068386875,0
M07,2026-06-10 11:00:00,0,0.033756,0,0.0231159125,0
M08,2026-06-10 11:00:00,0,0.0210614,0,0.0054811125,0
M09,2026-06-10 11:00:00,0,0.06032991666666666,0,0.0092378375,0
M10,2026-06-10 11:00:00,0,0.5940179666666666,1,0.5033783750000002,1
M11,2026-06-10 11:00:00,0,0.08151466666666667,0,0.0095995,0
M12,2026-06-10 11:00:00,0,0.019794550000000005,0,0.000135125,0
M13,2026-06-10 11:00:00,1,0.8860184666666668,1,0.6061296500000001,1
M14,2026-06-10 11:00:00,0,0.04708369999999999,0,0.00443915,0
M15,2026-06-10 11:00:00,0,0.23438996666666664,0,0.13662125,0
M16,2026-06-10 11:00:00,0,0.03189603333333333,0,0.0451138875,0
M17,2026-06-10 11:00:00,0,0.004570716666666667,0,0.00020605,0
M18,2026-06-10 11:00:00,1,0.9774372999999998,1,0.9032517,1
M19,2026-06-10 11:00:00,0,0.15562078333333335,0,0.17100456249999998,0
M20,2026-06-10 11:00:00,0,0.028420383333333323,0,0.0075197000000000016,0
M21,2026-06-10 11:00:00,0,0.019685116666666665,0,0.00631575,0
M22,2026-06-10 11:00:00,0,0.08831123333333335,0,0.020193950000000002,0
M23,2026-06-10 11:00:00,0,0.7863931,1,0.839127925,1
M24,2026-06-10 11:00:00,0,0.005193133333333333,0,0.0030333,0
M25,2026-06-10 11:00:00,0,0.75924015,1,0.5844674875,1
M01,2026-06-10 12:00:00,0,0.029498149999999997,0,0.015757100000000003,0
M02,2026-06-10 12:00:00,1,0.8945685333333331,1,0.7488151874999999,1
M03,2026-06-10 12:00:00,1,0.9358085666666666,1,0.8891098375,1
M04,2026-06-10 12:00:00,0,0.05956053333333333,0,0.027873375,0
M05,2026-06-10 12:00:00,1,0.7997444666666663,1,0.3966977625,0
M06,2026-06-10 12:00:00,0,0.026237633333333333,0,0.0027454,0
M07,2026-06-10 12:00:00,0,0.0870701,0,0.08684058750000001,0
M08,2026-06-10 12:00:00,0,0.0014203166666666668,0,0.00031099999999999997,0
M09,2026-06-10 12:00:00,0,0.06163553333333333,0,0.00903495,0
M10,2026-06-10 12:00:00,0,0.6044444333333333,1,0.4971881625000002,0
M11,2026-06-10 12:00:00,0,0.015067749999999998,0,0.0003787875,0
M12,2026-06-10 12:00:00,0,0.024495749999999997,0,0.001632475,0
M13,2026-06-10 12:00:00,1,0.8614073833333336,1,0.5674200125000002,1
M14,2026-06-10 12:00:00,0,0.03444266666666666,0,0.0005511749999999999,0
M15,2026-06-10 12:00:00,0,0.31208868333333334,0,0.1675825375,0
M16,2026-06-10 12:00:00,0,0.03015638333333333,0,0.019414024999999998,0
M17,2026-06-10 12:00:00,0,0.004570716666666667,0,0.000609275,0
M18,2026-06-10 12:00:00,1,0.9187254666666664,1,0.832753125,1
M19,2026-06-10 12:00:00,0,0.15813253333333332,0,0.19601012499999998,0
M20,2026-06-10 12:00:00,0,0.06369626666666668,0,0.017452875,0
M21,2026-06-10 12:00:00,0,0.1388060333333333,0,0.058847149999999994,0
M22,2026-06-10 12:00:00,0,0.08882911666666665,0,0.01742485,0
M23,2026-06-10 12:00:00,0,0.9095651500000003,1,0.64764165,1
M24,2026-06-10 12:00:00,0,0.010054249999999999,0,0.0040628875,0
M25,2026-06-10 12:00:00,0,0.6222201666666667,1,0.5330707999999998,1
M01,2026-06-10 13:00:00,0,0.015048900000000002,0,0.0294863,0
M02,2026-06-10 13:00:00,1,0.9004170499999998,1,0.7244181874999999,1
M03,2026-06-10 13:00:00,1,0.920704333333333,1,0.8696077375,1
M04,2026-06-10 13:00:00,0,0.029218683333333332,0,0.010980037500000001,0
M05,2026-06-10 13:00:00,1,0.7806025499999996,1,0.34964146250000006,0
M06,2026-06-10 13:00:00,0,0.0571853,0,0.007784325,0
M07,2026-06-10 13:00:00,0,0.05484561666666667,0,0.0357938375,0
M08,2026-06-10 13:00:00,0,0.0014203166666666668,0,0.00031099999999999997,0
M09,2026-06-10 13:00:00,0,0.057281333333333316,0,0.007283125,0
M10,2026-06-10 13:00:00,0,0.5478051666666667,1,0.67520845,1
M11,2026-06-10 13:00:00,0,0.015067749999999998,0,0.0047537875,0
M12,2026-06-10 13:00:00,0,0.01638005,0,0.0030595625,0
M13,2026-06-10 13:00:00,1,0.8238569666666667,1,0.569750225,1
M14,2026-06-10 13:00:00,0,0.03444266666666666,0,0.0005511749999999999,0
M15,2026-06-10 13:00:00,0,0.5460202333333334,1,0.17675314999999997,0
M16,2026-06-10 13:00:00,0,0.025622933333333334,0,0.0161698375,0
M17,2026-06-10 13:00:00,0,0.004570716666666667,0,0.000609275,0
M18,2026-06-10 13:00:00,1,0.9391887833333334,1,0.8212709375000002,1
M19,2026-06-10 13:00:00,0,0.15165274999999998,0,0.15800248749999996,0
M20,2026-06-10 13:00:00,0,0.04261551666666667,0,0.006180212500000001,0
M21,2026-06-10 13:00:00,0,0.019685116666666665,0,0.00631575,0
M22,2026-06-10 13:00:00,0,0.08091299999999998,0,0.025276162499999998,0
M23,2026-06-10 13:00:00,0,0.8052517833333332,1,0.5729712499999999,1
M24,2026-06-10 13:00:00,0,0.06758316666666667,0,0.012189600000000002,0
M25,2026-06-10 13:00:00,0,0.6185357833333334,1,0.5525068499999999,1
M01,2026-06-10 14:00:00,0,0.016364250000000004,0,0.024147087499999997,0
M02,2026-06-10 14:00:00,1,0.6556190333333335,1,0.591447775,1
M03,2026-06-10 14:00:00,1,0.9793159333333331,1,0.9366114625000002,1
M04,2026-06-10 14:00:00,0,0.03704046666666667,0,0.018806299999999998,0
M05,2026-06-10 14:00:00,1,0.7679905833333331,1,0.375965325,0
M06,2026-06-10 14:00:00,0,0.05312445,0,0.0043836625,0
M07,2026-06-10 14:00:00,0,0.11026425,0,0.0761354625,0
M08,2026-06-10 14:00:00,0,0.0014203166666666668,0,0.00031099999999999997,0
M09,2026-06-10 14:00:00,0,0.17216035000000002,0,0.097111875,0
M10,2026-06-10 14:00:00,0,0.6145568166666668,1,0.49354985000000007,0
M11,2026-06-10 14:00:00,0,0.10583950000000002,0,0.012826725,0
M12,2026-06-10 14:00:00,0,0.024667533333333335,0,0.0074123625,0
M13,2026-06-10 14:00:00,1,0.8634971666666669,1,0.5383915125000001,1
M14,2026-06-10 14:00:00,0,0.03444266666666666,0,0.0005511749999999999,0
M15,2026-06-10 14:00:00,0,0.3481671500000001,0,0.16857392499999999,0
M16,2026-06-10 14:00:00,0,0.025527133333333334,0,0.026251212500000003,0
M17,2026-06-10 14:00:00,0,0.004570716666666667,0,0.000609275,0
M18,2026-06-10 14:00:00,1,0.9771282166666667,1,0.9170119624999999,1
M19,2026-06-10 14:00:00,0,0.08437445,0,0.1360503125,0
M20,2026-06-10 14:00:00,0,0.042397300000000006,0,0.0088760625,0
M21,2026-06-10 14:00:00,0,0.027782866666666666,0,0.013960400000000001,0
M22,2026-06-10 14:00:00,0,0.09998091666666668,0,0.0123040125,0
M23,2026-06-10 14:00:00,0,0.6981337,1,0.514874675,1
M24,2026-06-10 14:00:00,0,0.09827646666666667,0,0.0190719875,0
M25,2026-06-10 14:00:00,0,0.7436714833333334,1,0.530104675,1
M01,2026-06-10 15:00:00,0,0.029357333333333336,0,0.012907924999999997,0
M02,2026-06-10 15:00:00,1,0.9131195833333332,1,0.752984925,1
M03,2026-06-10 15:00:00,1,0.9792747999999997,1,0.9303533875000001,1
M04,2026-06-10 15:00:00,0,0.020589916666666666,0,0.010311325,0
M05,2026-06-10 15:00:00,1,0.7880929499999998,1,0.3452211125,0
M06,2026-06-10 15:00:00,0,0.05893098333333333,0,0.0079895625,0
M07,2026-06-10 15:00:00,0,0.045881849999999995,0,0.018444637499999996,0
M08,2026-06-10 15:00:00,0,0.0014203166666666668,0,0.00031099999999999997,0
M09,2026-06-10 15:00:00,0,0.05307236666666666,0,0.015316025,0
M10,2026-06-10 15:00:00,0,0.6346263333333333,1,0.5065441874999999,1
M11,2026-06-10 15:00:00,0,0.06413236666666668,0,0.026316675,0
M12,2026-06-10 15:00:00,0,0.03657733333333333,0,0.0050975625,0
M13,2026-06-10 15:00:00,1,0.9578260833333335,1,0.8074012250000001,1
M14,2026-06-10 15:00:00,0,0.03888485,0,0.001128,0
M15,2026-06-10 15:00:00,0,0.7502688333333332,1,0.37743806250000006,0
M16,2026-06-10 15:00:00,0,0.023815483333333335,0,0.02813235,0
M17,2026-06-10 15:00:00,0,0.004570716666666667,0,0.000609275,0
M18,2026-06-10 15:00:00,1,0.8253264666666665,1,0.8388808749999999,1
M19,2026-06-10 15:00:00,0,0.08095461666666666,0,0.165785625,0
M20,2026-06-10 15:00:00,0,0.035936133333333335,0,0.016996287500000005,0
M21,2026-06-10 15:00:00,0,0.06733685,0,0.0909926875,0
M22,2026-06-10 15:00:00,0,0.09795948333333335,0,0.011282949999999998,0
M23,2026-06-10 15:00:00,0,0.8830299166666666,1,0.8104456124999999,1
M24,2026-06-10 15:00:00,0,0.01729083333333333,0,0.0025034000000000002,0
M25,2026-06-10 15:00:00,0,0.7514278166666668,1,0.5335417250000001,1
M01,2026-06-10 16:00:00,0,0.034065366666666666,0,0.01624185,0
M02,2026-06-10 16:00:00,1,0.774778166666667,1,0.5820282375,1
M03,2026-06-10 16:00:00,1,0.9339531166666665,1,0.9202423125000001,1
M04,2026-06-10 16:00:00,0,0.024577466666666666,0,0.0104210875,0
M05,2026-06-10 16:00:00,1,0.6880964333333331,1,0.45857033750000004,0
M06,2026-06-10 16:00:00,0,0.06868875,0,0.010964725,0
M07,2026-06-10 16:00:00,0,0.046583516666666665,0,0.017368599999999998,0
M08,2026-06-10 16:00:00,0,0.00164555,0,0.00031099999999999997,0
M09,2026-06-10 16:00:00,0,0.06895146666666666,0,0.009413874999999999,0
M10,2026-06-10 16:00:00,0,0.59470205,1,0.4613112375000001,0
M11,2026-06-10 16:00:00,0,0.06011835000000001,0,0.025894249999999997,0
M12,2026-06-10 16:00:00,0,0.013020150000000001,0,0.000510575,0
M13,2026-06-10 16:00:00,1,0.9460798666666667,1,0.8860898124999996,1
M14,2026-06-10 16:00:00,0,0.050676599999999995,0,0.011319825,0
M15,2026-06-10 16:00:00,0,0.5788832666666667,1,0.2464736624999999,0
M16,2026-06-10 16:00:00,0,0.04500456666666666,0,0.0162989875,0
M17,2026-06-10 16:00:00,0,0.027406283333333333,0,0.001482375,0
M18,2026-06-10 16:00:00,1,0.9239243,1,0.8119166874999999,1
M19,2026-06-10 16:00:00,0,0.12075998333333332,0,0.1812304125,0
M20,2026-06-10 16:00:00,0,0.04911806666666666,0,0.007730787500000001,0
M21,2026-06-10 16:00:00,0,0.07514673333333333,0,0.09503031250000002,0
M22,2026-06-10 16:00:00,0,0.09058375,0,0.0176480625,0
M23,2026-06-10 16:00:00,1,0.9221509000000001,1,0.6912483624999999,1
M24,2026-06-10 16:00:00,0,0.012743433333333333,0,0.0025034000000000002,0
M25,2026-06-10 16:00:00,0,0.6172915666666666,1,0.5317907124999999,1
M01,2026-06-10 17:00:00,0,0.029861399999999996,0,0.0260777,0
M02,2026-06-10 17:00:00,1,0.6507433,1,0.5769153625000001,1
M03,2026-06-10 17:00:00,1,0.9853122666666665,1,0.959566125,1
M04,2026-06-10 17:00:00,0,0.03520246666666667,0,0.0350418875,0
M05,2026-06-10 17:00:00,1,0.5815481333333332,1,0.2767861625,0
M06,2026-06-10 17:00:00,0,0.1652355,0,0.017899324999999997,0
M07,2026-06-10 17:00:00,0,0.04622896666666666,0,0.014465750000000003,0
M08,2026-06-10 17:00:00,0,0.0014203166666666668,0,0.00031099999999999997,0
M09,2026-06-10 17:00:00,0,0.06895146666666666,0,0.0106322625,0
M10,2026-06-10 17:00:00,0,0.6121275333333336,1,0.4572075375000001,0
M11,2026-06-10 17:00:00,0,0.09468855000000001,0,0.014256937500000002,0
M12,2026-06-10 17:00:00,0,0.00193995,0,0.0019655125,0
M13,2026-06-10 17:00:00,1,0.9743088666666668,1,0.9172854375,1
M14,2026-06-10 17:00:00,0,0.04280333333333333,0,0.001003125,0
M15,2026-06-10 17:00:00,0,0.5959256166666667,1,0.23560071249999998,0
M16,2026-06-10 17:00:00,0,0.05203385,0,0.0252315,0
M17,2026-06-10 17:00:00,0,0.005835433333333334,0,0.00020605,0
M18,2026-06-10 17:00:00,1,0.9794465833333332,1,0.9315937,1
M19,2026-06-10 17:00:00,0,0.1837544333333333,0,0.19960879999999998,0
M20,2026-06-10 17:00:00,0,0.04624598333333333,0,0.012558187500000002,0
M21,2026-06-10 17:00:00,0,0.11816536666666666,0,0.06835655,0
M22,2026-06-10 17:00:00,0,0.06071273333333334,0,0.0188574125,0
M23,2026-06-10 17:00:00,1,0.9117864,1,0.8514423624999999,1
M24,2026-06-10 17:00:00,0,0.012743433333333333,0,0.0007180499999999999,0
M25,2026-06-10 17:00:00,0,0.7626193833333335,1,0.5728859,1
M01,2026-06-10 18:00:00,0,0.043895866666666665,0,0.012281887500000001,0
M02,2026-06-10 18:00:00,1,0.9193268499999996,1,0.730139075,1
M03,2026-06-10 18:00:00,1,0.9269416333333332,1,0.903482275,1
M04,2026-06-10 18:00:00,0,0.03229086666666667,0,0.0340746375,0
M05,2026-06-10 18:00:00,1,0.8303229499999997,1,0.6040312749999999,1
M06,2026-06-10 18:00:00,0,0.0531032,0,0.0023533250000000003,0
M07,2026-06-10 18:00:00,0,0.04648876666666666,0,0.015313737499999999,0
M08,2026-06-10 18:00:00,0,0.00164555,0,0.00031099999999999997,0
M09,2026-06-10 18:00:00,0,0.06024763333333332,0,0.008272449999999999,0
M10,2026-06-10 18:00:00,0,0.6215175333333334,1,0.47050920000000007,0
M11,2026-06-10 18:00:00,0,0.05950811666666667,0,0.007106875,0
M12,2026-06-10 18:00:00,0,0.014992400000000001,0,0.004842025000000001,0
M13,2026-06-10 18:00:00,1,0.970769466666667,1,0.9260504500000002,1
M14,2026-06-10 18:00:00,0,0.0430719,0,0.0038586500000000004,0
M15,2026-06-10 18:00:00,0,0.6656267,1,0.5371139874999998,1
M16,2026-06-10 18:00:00,0,0.03365196666666667,0,0.016951825,0
M17,2026-06-10 18:00:00,0,0.004570716666666667,0,0.00020605,0
M18,2026-06-10 18:00:00,1,0.9775630999999999,1,0.9238486,1
M19,2026-06-10 18:00:00,0,0.18303813333333335,0,0.22315440000000003,0
M20,2026-06-10 18:00:00,0,0.07618704999999999,0,0.0186839125,0
M21,2026-06-10 18:00:00,0,0.09818839999999998,0,0.07015936249999999,0
M22,2026-06-10 18:00:00,0,0.08484363333333333,0,0.027746737499999997,0
M23,2026-06-10 18:00:00,1,0.9633880666666668,1,0.9048399499999998,1
M24,2026-06-10 18:00:00,0,0.015780133333333335,0,0.0007180499999999999,0
M25,2026-06-10 18:00:00,0,0.7411517833333334,1,0.5513110625000002,1
M01,2026-06-10 19:00:00,0,0.0268177,0,0.0370031625,0
M02,2026-06-10 19:00:00,1,0.9143877999999998,1,0.7242353249999998,1
M03,2026-06-10 19:00:00,1,0.9324011999999999,1,0.904482875,1
M04,2026-06-10 19:00:00,0,0.03220911666666667,0,0.0317439625,0
M05,2026-06-10 19:00:00,1,0.8013314333333329,1,0.5059662125,1
M06,2026-06-10 19:00:00,0,0.06044401666666667,0,0.0030180750000000003,0
M07,2026-06-10 19:00:00,0,0.04071123333333333,0,0.017087262500000002,0
M08,2026-06-10 19:00:00,0,0.0014203166666666668,0,0.00031099999999999997,0
M09,2026-06-10 19:00:00,0,0.05953606666666666,0,0.0238148375,0
M10,2026-06-10 19:00:00,0,0.5421843666666667,1,0.45587683750000013,0
M11,2026-06-10 19:00:00,0,0.07078453333333333,0,0.011195825,0
M12,2026-06-10 19:00:00,0,0.02034811666666667,0,0.002356675,0
M13,2026-06-10 19:00:00,1,0.9765637833333335,1,0.925150475,1
M14,2026-06-10 19:00:00,0,0.05169321666666667,0,0.008589012500000002,0
M15,2026-06-10 19:00:00,0,0.5864168999999999,1,0.299978875,0
M16,2026-06-10 19:00:00,0,0.1341752833333333,0,0.03682922499999999,0
M17,2026-06-10 19:00:00,0,0.004570716666666667,0,0.00020605,0
M18,2026-06-10 19:00:00,1,0.9324698666666668,1,0.8475998375000001,1
M19,2026-06-10 19:00:00,0,0.17709903333333335,0,0.22137690000000002,0
M20,2026-06-10 19:00:00,0,0.04589433333333334,0,0.009286850000000003,0
M21,2026-06-10 19:00:00,0,0.16313588333333331,0,0.1339641625,0
M22,2026-06-10 19:00:00,0,0.06781173333333332,0,0.023524587500000003,0
M23,2026-06-10 19:00:00,1,0.9155531000000001,1,0.8735169625000001,1
M24,2026-06-10 19:00:00,0,0.015780133333333335,0,0.0007180499999999999,0
M25,2026-06-10 19:00:00,0,0.6918142500000003,1,0.6658586375000001,1
M01,2026-06-10 20:00:00,0,0.05431591666666666,0,0.016157887500000002,0
M02,2026-06-10 20:00:00,1,0.7723439499999998,1,0.5589537874999999,1
M03,2026-06-10 20:00:00,1,0.978266383333333,1,0.9367844999999999,1
M04,2026-06-10 20:00:00,0,0.03704143333333333,0,0.029400225000000002,0
M05,2026-06-10 20:00:00,1,0.819851383333333,1,0.6038824624999999,1
M06,2026-06-10 20:00:00,0,0.12062293333333332,0,0.003165275,0
M07,2026-06-10 20:00:00,0,0.10145991666666666,0,0.050185999999999995,0
M08,2026-06-10 20:00:00,0,0.0391644,0,0.0032680875,0
M09,2026-06-10 20:00:00,0,0.06212416666666665,0,0.012800787500000002,0
M10,2026-06-10 20:00:00,0,0.3688029666666666,0,0.38243560000000004,0
M11,2026-06-10 20:00:00,0,0.09468855000000001,0,0.014899112499999997,0
M12,2026-06-10 20:00:00,0,0.01866751666666667,0,3.0174999999999998e-05,0
M13,2026-06-10 20:00:00,1,0.9598154333333334,1,0.9307843375000001,1
M14,2026-06-10 20:00:00,0,0.08974911666666667,0,0.024006262500000004,0
M15,2026-06-10 20:00:00,0,0.8325126666666663,1,0.6361198999999998,1
M16,2026-06-10 20:00:00,0,0.030604383333333332,0,0.011569675,0
M17,2026-06-10 20:00:00,0,0.005835433333333334,0,0.00020605,0
M18,2026-06-10 20:00:00,1,0.9782317333333332,1,0.9166798999999999,1
M19,2026-06-10 20:00:00,0,0.16786279999999998,0,0.19614321249999994,0
M20,2026-06-10 20:00:00,0,0.05478108333333334,0,0.0103009125,0
M21,2026-06-10 20:00:00,0,0.12866861666666668,0,0.0699719875,0
M22,2026-06-10 20:00:00,0,0.06435323333333334,0,0.04988012499999999,0
M23,2026-06-10 20:00:00,1,0.9607271833333332,1,0.9094655500000002,1
M24,2026-06-10 20:00:00,0,0.012743433333333333,0,0.0007180499999999999,0
M25,2026-06-10 20:00:00,0,0.7419373166666667,1,0.5787096375,1
M01,2026-06-10 21:00:00,0,0.0268177,0,0.015580500000000002,0
M02,2026-06-10 21:00:00,1,0.9033429166666664,1,0.6923675374999998,1
M03,2026-06-10 21:00:00,1,0.9093687666666666,1,0.8197111125000003,1
M04,2026-06-10 21:00:00,0,0.0271114,0,0.0103771125,0
M05,2026-06-10 21:00:00,1,0.6560688333333334,1,0.3994038124999999,0
M06,2026-06-10 21:00:00,0,0.03286650000000001,0,0.0174455125,0
M07,2026-06-10 21:00:00,0,0.07719485,0,0.035415325000000004,0
M08,2026-06-10 21:00:00,0,0.0014203166666666668,0,0.00031099999999999997,0
M09,2026-06-10 21:00:00,0,0.06517274999999999,0,0.0172559125,0
M10,2026-06-10 21:00:00,0,0.45569196666666667,0,0.4303324875,0
M11,2026-06-10 21:00:00,0,0.0453071,0,0.014201112500000002,0
M12,2026-06-10 21:00:00,0,0.016305933333333338,0,0.00030940000000000004,0
M13,2026-06-10 21:00:00,1,0.8458286333333335,1,0.9045482250000001,1
M14,2026-06-10 21:00:00,0,0.027328533333333335,0,0.009602524999999999,0
M15,2026-06-10 21:00:00,0,0.6315945833333335,1,0.34764791249999993,0
M16,2026-06-10 21:00:00,0,0.039664316666666664,0,0.026973550000000002,0
M17,2026-06-10 21:00:00,0,0.004570716666666667,0,0.00020605,0
M18,2026-06-10 21:00:00,1,0.9800954833333333,1,0.9249206749999999,1
M19,2026-06-10 21:00:00,0,0.17318366666666665,0,0.21145978749999994,0
M20,2026-06-10 21:00:00,0,0.05018795,0,0.010416400000000003,0
M21,2026-06-10 21:00:00,0,0.16745386666666665,0,0.11569421249999998,0
M22,2026-06-10 21:00:00,0,0.17523648333333333,0,0.081714225,0
M23,2026-06-10 21:00:00,1,0.9270540333333334,1,0.8827682000000001,1
M24,2026-06-10 21:00:00,0,0.01602845,0,0.0065511125,0
M25,2026-06-10 21:00:00,0,0.57419595,1,0.7532672750000001,1
M01,2026-06-10 22:00:00,0,0.02413936666666667,0,0.0065172500000000005,0
M02,2026-06-10 22:00:00,1,0.8925399499999996,1,0.6815565124999997,1
M03,2026-06-10 22:00:00,1,0.9707773166666662,1,0.8982558375,1
M04,2026-06-10 22:00:00,0,0.018872533333333334,0,0.0093707125,0
M05,2026-06-10 22:00:00,1,0.7585131499999996,1,0.48325119999999994,0
M06,2026-06-10 22:00:00,0,0.03787783333333334,0,0.0056707375,0
M07,2026-06-10 22:00:00,0,0.05680363333333334,0,0.02098145,0
M08,2026-06-10 22:00:00,0,0.0014203166666666668,0,0.00031099999999999997,0
M09,2026-06-10 22:00:00,0,0.07139343333333331,0,0.0089151625,0
M10,2026-06-10 22:00:00,0,0.42364738333333335,0,0.395250525,0
M11,2026-06-10 22:00:00,0,0.04892398333333333,0,0.007087675,0
M12,2026-06-10 22:00:00,0,0.0388596,0,0.030778687500000002,0
M13,2026-06-10 22:00:00,1,0.9501193333333334,1,0.892758725,1
M14,2026-06-10 22:00:00,0,0.0349515,0,0.008364375,0
M15,2026-06-10 22:00:00,0,0.5690598166666666,1,0.2680986625,0
M16,2026-06-10 22:00:00,0,0.029977816666666664,0,0.020959575,0
M17,2026-06-10 22:00:00,0,0.004570716666666667,0,0.00020605,0
M18,2026-06-10 22:00:00,1,0.8060768833333333,1,0.8131663124999999,1
M19,2026-06-10 22:00:00,0,0.19310518333333332,0,0.18854161249999998,0
M20,2026-06-10 22:00:00,0,0.050406166666666676,0,0.006942024999999999,0
M21,2026-06-10 22:00:00,0,0.09388596666666667,0,0.0631482125,0
M22,2026-06-10 22:00:00,0,0.07972985000000002,0,0.019278825,0
M23,2026-06-10 22:00:00,1,0.9294197666666668,1,0.8732754500000002,1
M24,2026-06-10 22:00:00,0,0.015219966666666668,0,0.0062381,0
M25,2026-06-10 22:00:00,0,0.7579551333333334,1,0.5374176625,1
M01,2026-06-10 23:00:00,0,0.009222283333333334,0,0.00278765,0
M02,2026-06-10 23:00:00,1,0.8065546833333332,1,0.5473330375,1
M03,2026-06-10 23:00:00,1,0.9723937999999995,1,0.8986091875000002,1
M04,2026-06-10 23:00:00,0,0.016167183333333335,0,0.0018030499999999998,0
M05,2026-06-10 23:00:00,1,0.7623744166666664,1,0.42644456249999985,0
M06,2026-06-10 23:00:00,0,0.046242933333333326,0,0.0018610500000000002,0
M07,2026-06-10 23:00:00,0,0.0647842,0,0.0284275875,0
M08,2026-06-10 23:00:00,0,0.0014203166666666668,0,0.00031099999999999997,0
M09,2026-06-10 23:00:00,0,0.06951143333333333,0,0.0074277499999999995,0
M10,2026-06-10 23:00:00,0,0.5723299666666668,1,0.4689425625,0
M11,2026-06-10 23:00:00,0,0.09769455,0,0.0352429375,0
M12,2026-06-10 23:00:00,0,0.1114637,0,0.027201799999999998,0
M13,2026-06-10 23:00:00,1,0.9769329000000002,1,0.9515988375000003,1
M14,2026-06-10 23:00:00,0,0.04310986666666667,0,0.0093033375,0
M15,2026-06-10 23:00:00,0,0.5360864666666666,1,0.33670663749999985,0
M16,2026-06-10 23:00:00,0,0.008271683333333333,0,0.0162284875,0
M17,2026-06-10 23:00:00,0,0.004570716666666667,0,0.00020605,0
M18,2026-06-10 23:00:00,1,0.9339330166666665,1,0.8235390249999999,1
M19,2026-06-10 23:00:00,0,0.15181453333333333,0,0.2073334,0
M20,2026-06-10 23:00:00,0,0.06126225000000001,0,0.021187900000000003,0
M21,2026-06-10 23:00:00,0,0.10045155000000001,0,0.10827568749999998,0
M22,2026-06-10 23:00:00,0,0.06335676666666666,0,0.045727675,0
M23,2026-06-10 23:00:00,1,0.9452795333333334,1,0.8860585750000001,1
M24,2026-06-10 23:00:00,0,0.0048281,0,0.00802345,0
M25,2026-06-10 23:00:00,0,0.7476527833333334,1,0.5161651375,1
M01,2026-06-11 00:00:00,0,0.009284216666666668,0,0.0019082875000000002,0
M02,2026-06-11 00:00:00,1,0.5164847666666668,1,0.44357189999999996,0
M03,2026-06-11 00:00:00,1,0.9771533999999996,1,0.9270845125000001,1
M04,2026-06-11 00:00:00,0,0.048675,0,0.007474737499999999,0
M05,2026-06-11 00:00:00,1,0.7761176166666665,1,0.461791775,0
M06,2026-06-11 00:00:00,0,0.06517015,0,0.006945912500000001,0
M07,2026-06-11 00:00:00,0,0.03951171666666666,0,0.026480775,0
M08,2026-06-11 00:00:00,0,0.0014203166666666668,0,0.00031099999999999997,0
M09,2026-06-11 00:00:00,0,0.05584423333333332,0,0.0022955875,0
M10,2026-06-11 00:00:00,0,0.44945556666666664,0,0.44965132500000005,0
M11,2026-06-11 00:00:00,0,0.06167505,0,0.024895787500000002,0
M12,2026-06-11 00:00:00,0,0.05756736666666667,0,0.0300070375,0
M13,2026-06-11 00:00:00,1,0.9757705166666671,1,0.9539934125000002,1
M14,2026-06-11 00:00:00,0,0.05916526666666667,0,0.0070066125,0
M15,2026-06-11 00:00:00,0,0.5269319333333332,1,0.26563115,0
M16,2026-06-11 00:00:00,0,0.013141783333333334,0,0.018293825000000003,0
M17,2026-06-11 00:00:00,0,0.004570716666666667,0,0.00020605,0
M18,2026-06-11 00:00:00,1,0.9762734666666666,1,0.91633785,1
M19,2026-06-11 00:00:00,0,0.22462196666666664,0,0.2721069875,0
M20,2026-06-11 00:00:00,0,0.045815433333333336,0,0.0184375625,0
M21,2026-06-11 00:00:00,0,0.13986039999999997,0,0.083452725,0
M22,2026-06-11 00:00:00,0,0.055972433333333335,0,0.0226052625,0
M23,2026-06-11 00:00:00,1,0.9693356500000001,1,0.9281754625000002,1
M24,2026-06-11 00:00:00,0,0.0048281,0,0.0060115125,0
M25,2026-06-11 00:00:00,0,0.7434019666666669,1,0.5353791375,1
M01,2026-06-11 01:00:00,0,0.00967145,0,0.0024106125,0
M02,2026-06-11 01:00:00,1,0.8611064333333328,1,0.6664024124999999,1
M03,2026-06-11 01:00:00,1,0.9250246333333332,1,0.8639967375000002,1
M04,2026-06-11 01:00:00,0,0.021598300000000004,0,0.0026973749999999997,0
M05,2026-06-11 01:00:00,1,0.741529783333333,1,0.439446575,0
M06,2026-06-11 01:00:00,0,0.06448671666666667,0,0.007424837500000001,0
M07,2026-06-11 01:00:00,0,0.13566525,0,0.0485685875,0
M08,2026-06-11 01:00:00,0,0.0014203166666666668,0,0.00031099999999999997,0
M09,2026-06-11 01:00:00,0,0.051847199999999996,0,0.0052444375,0
M10,2026-06-11 01:00:00,0,0.5292252333333334,1,0.43952848750000006,0
M11,2026-06-11 01:00:00,0,0.08007593333333334,0,0.0181932875,0
M12,2026-06-11 01:00:00,0,0.051321433333333326,0,0.017695237500000002,0
M13,2026-06-11 01:00:00,1,0.9394293666666668,1,0.8334676125,1
M14,2026-06-11 01:00:00,0,0.0522127,0,0.005101625,0
M15,2026-06-11 01:00:00,0,0.56535725,1,0.2546358875,0
M16,2026-06-11 01:00:00,0,0.015676000000000006,0,0.0163329875,0
M17,2026-06-11 01:00:00,0,0.0089241,0,0.0012606000000000002,0
M18,2026-06-11 01:00:00,1,0.9770250166666666,1,0.9275737625,1
M19,2026-06-11 01:00:00,0,0.21580316666666663,0,0.24396377499999997,0
M20,2026-06-11 01:00:00,0,0.05728566666666668,0,0.0184375625,0
M21,2026-06-11 01:00:00,0,0.10450968333333331,0,0.06118050000000001,0
M22,2026-06-11 01:00:00,0,0.06805195000000001,0,0.027941287500000002,0
M23,2026-06-11 01:00:00,1,0.9689455833333334,1,0.9395781625000001,1
M24,2026-06-11 01:00:00,0,0.0048281,0,0.0060115125,0
M25,2026-06-11 01:00:00,0,0.6093494666666666,1,0.5750191250000001,1
M01,2026-06-11 02:00:00,0,0.017160666666666668,0,0.0055711125,0
M02,2026-06-11 02:00:00,1,0.2795125499999999,0,0.37002138749999997,0
M03,2026-06-11 02:00:00,1,0.9820849333333331,1,0.9367199625,1
M04,2026-06-11 02:00:00,0,0.03846955,0,0.010383637499999999,0
M05,2026-06-11 02:00:00,1,0.7544887999999997,1,0.3754991875,0
M06,2026-06-11 02:00:00,0,0.15630249999999998,0,0.0092123875,0
M07,2026-06-11 02:00:00,0,0.12433263333333332,0,0.08431936250000001,0
M08,2026-06-11 02:00:00,0,0.00164555,0,0.00031099999999999997,0
M09,2026-06-11 02:00:00,0,0.061531283333333325,0,0.013835925000000002,0
M10,2026-06-11 02:00:00,0,0.39093788333333335,0,0.36494335,0
M11,2026-06-11 02:00:00,0,0.06167505,0,0.0218342625,0
M12,2026-06-11 02:00:00,0,0.06528251666666667,0,0.0199801625,0
M13,2026-06-11 02:00:00,1,0.9460306333333334,1,0.8929919499999999,1
M14,2026-06-11 02:00:00,0,0.17360176666666668,0,0.09422892499999999,0
M15,2026-06-11 02:00:00,0,0.5044722833333334,1,0.252237575,0
M16,2026-06-11 02:00:00,0,0.0164919,0,0.003997475,0
M17,2026-06-11 02:00:00,0,0.004570716666666667,0,0.000609275,0
M18,2026-06-11 02:00:00,1,0.9293716833333333,1,0.8147239000000001,1
M19,2026-06-11 02:00:00,0,0.31920041666666665,0,0.33576885000000006,0
M20,2026-06-11 02:00:00,0,0.048398916666666666,0,0.019402737500000003,0
M21,2026-06-11 02:00:00,0,0.13562933333333332,0,0.11973677499999999,0
M22,2026-06-11 02:00:00,0,0.07140985000000001,0,0.0333911875,0
M23,2026-06-11 02:00:00,1,0.9682620166666668,1,0.9274486375000001,1
M24,2026-06-11 02:00:00,0,0.0048281,0,0.0061561375000000005,0
M25,2026-06-11 02:00:00,0,0.7440250666666668,1,0.553619225,1
M01,2026-06-11 03:00:00,0,0.022254733333333332,0,0.00221835,0
M02,2026-06-11 03:00:00,1,0.44971933333333336,0,0.38100809999999996,0
M03,2026-06-11 03:00:00,1,0.9396190000000001,1,0.9007526374999999,1
M04,2026-06-11 03:00:00,0,0.011818150000000001,0,0.00024055000000000002,0
M05,2026-06-11 03:00:00,1,0.6735056833333332,1,0.4101415749999999,0
M06,2026-06-11 03:00:00,0,0.15177306666666665,0,0.00926375,0
M07,2026-06-11 03:00:00,0,0.15420996666666661,0,0.05836492500000001,0
M08,2026-06-11 03:00:00,0,0.0022627166666666664,0,0.00031099999999999997,0
M09,2026-06-11 03:00:00,0,0.06124754999999999,0,0.0095988,0
M10,2026-06-11 03:00:00,0,0.5162896166666666,1,0.47540073749999995,0
M11,2026-06-11 03:00:00,0,0.0570508,0,0.02430055,0
M12,2026-06-11 03:00:00,0,0.02772125,0,0.024941237499999998,0
M13,2026-06-11 03:00:00,1,0.9496276333333334,1,0.9049804499999998,1
M14,2026-06-11 03:00:00,0,0.06776068333333332,0,0.0693705625,0
M15,2026-06-11 03:00:00,0,0.5786945666666667,1,0.24642133749999995,0
M16,2026-06-11 03:00:00,0,0.016721,0,0.0022748750000000004,0
M17,2026-06-11 03:00:00,0,0.004570716666666667,0,0.000609275,0
M18,2026-06-11 03:00:00,1,0.9329073333333333,1,0.8297522875000002,1
M19,2026-06-11 03:00:00,0,0.18639248333333333,0,0.21549526250000003,0
M20,2026-06-11 03:00:00,0,0.052290733333333346,0,0.015624575000000002,0
M21,2026-06-11 03:00:00,0,0.11363563333333332,0,0.0751136625,0
M22,2026-06-11 03:00:00,0,0.06844085000000001,0,0.040334475,0
M23,2026-06-11 03:00:00,1,0.9653202833333334,1,0.9207159125000002,1
M24,2026-06-11 03:00:00,0,0.015438183333333333,0,0.0062381,0
M25,2026-06-11 03:00:00,0,0.7243366166666665,1,0.7561038625000001,1
M01,2026-06-11 04:00:00,0,0.03276601666666667,0,0.013513575,0
M02,2026-06-11 04:00:00,1,0.7326895833333329,1,0.6058312874999999,1
M03,2026-06-11 04:00:00,1,0.9433873000000002,1,0.8696103374999998,1
M04,2026-06-11 04:00:00,0,0.04023341666666666,0,0.0228988,0
M05,2026-06-11 04:00:00,1,0.6096507499999999,1,0.2887324499999999,0
M06,2026-06-11 04:00:00,0,0.07594881666666667,0,0.0018795500000000002,0
M07,2026-06-11 04:00:00,0,0.05825093333333333,0,0.030184487500000003,0
M08,2026-06-11 04:00:00,0,0.0022627166666666664,0,0.000714225,0
M09,2026-06-11 04:00:00,0,0.06984694999999999,0,0.007691887499999999,0
M10,2026-06-11 04:00:00,0,0.42694529999999997,0,0.44704777500000015,0
M11,2026-06-11 04:00:00,0,0.0570508,0,0.0248765875,0
M12,2026-06-11 04:00:00,0,0.03458339999999999,0,0.027119125,0
M13,2026-06-11 04:00:00,1,0.9765691000000003,1,0.9419868375,1
M14,2026-06-11 04:00:00,0,0.04514956666666667,0,0.0423954125,0
M15,2026-06-11 04:00:00,0,0.52725935,1,0.2863133,0
M16,2026-06-11 04:00:00,0,0.016536533333333336,0,0.005132012500000001,0
M17,2026-06-11 04:00:00,0,0.0089241,0,0.0012606000000000002,0
M18,2026-06-11 04:00:00,1,0.9821659333333332,1,0.9623848625000001,1
M19,2026-06-11 04:00:00,0,0.18286634999999998,0,0.2353351125,0
M20,2026-06-11 04:00:00,0,0.08744506666666665,0,0.06071617499999998,0
M21,2026-06-11 04:00:00,0,0.10147363333333331,0,0.06587097500000001,0
M22,2026-06-11 04:00:00,0,0.07130748333333334,0,0.05863315,0
M23,2026-06-11 04:00:00,1,0.9685223500000001,1,0.9380799250000003,1
M24,2026-06-11 04:00:00,0,0.015438183333333333,0,0.0062381,0
M25,2026-06-11 04:00:00,0,0.7480575333333336,1,0.584246075,1
M01,2026-06-11 05:00:00,0,0.0656044,0,0.019629787500000002,0
M02,2026-06-11 05:00:00,1,0.7879568,1,0.57218275,1
M03,2026-06-11 05:00:00,1,0.8512738666666665,1,0.9068174500000001,1
M04,2026-06-11 05:00:00,0,0.02260953333333333,0,0.020572587500000003,0
M05,2026-06-11 05:00:00,1,0.8284231499999998,1,0.6582112124999998,1
M06,2026-06-11 05:00:00,0,0.04764326666666666,0,0.0071480875,0
M07,2026-06-11 05:00:00,0,0.06072521666666667,0,0.0297431875,0
M08,2026-06-11 05:00:00,0,0.0014203166666666668,0,0.00031099999999999997,0
M09,2026-06-11 05:00:00,0,0.1047385333333333,0,0.010307424999999999,0
M10,2026-06-11 05:00:00,0,0.42286206666666665,0,0.39880306249999997,0
M11,2026-06-11 05:00:00,0,0.05872273333333334,0,0.02430055,0
M12,2026-06-11 05:00:00,0,0.03867028333333334,0,0.022785375,0
M13,2026-06-11 05:00:00,1,0.969292316666667,1,0.9320086625000001,1
M14,2026-06-11 05:00:00,0,0.06568299999999999,0,0.0437273125,0
M15,2026-06-11 05:00:00,0,0.53173795,1,0.2565812625,0
M16,2026-06-11 05:00:00,0,0.01119285,0,0.0165202875,0
M17,2026-06-11 05:00:00,0,0.004570716666666667,0,0.000609275,0
M18,2026-06-11 05:00:00,1,0.93248745,1,0.8463916250000001,1
M19,2026-06-11 05:00:00,0,0.17706234999999998,0,0.2079106,0
M20,2026-06-11 05:00:00,0,0.04253483333333333,0,0.015112487500000002,0
M21,2026-06-11 05:00:00,0,0.08406646666666666,0,0.06118050000000001,0
M22,2026-06-11 05:00:00,0,0.07315586666666667,0,0.0199053,0
M23,2026-06-11 05:00:00,1,0.9680711500000001,1,0.9298128875,1
M24,2026-06-11 05:00:00,0,0.0048281,0,0.0060115125,0
M25,2026-06-11 05:00:00,0,0.7435595666666669,1,0.5600949875000001,1
M01,2026-06-11 06:00:00,0,0.03147361666666666,0,0.0230962875,0
M02,2026-06-11 06:00:00,1,0.6897082833333336,1,0.5795781,1
M03,2026-06-11 06:00:00,1,0.8143401166666668,1,0.8472690999999999,1
M04,2026-06-11 06:00:00,0,0.02673188333333333,0,0.020869837500000002,0
M05,2026-06-11 06:00:00,1,0.6912648666666669,1,0.5486323499999999,1
M06,2026-06-11 06:00:00,0,0.06167308333333333,0,0.008073750000000001,0
M07,2026-06-11 06:00:00,0,0.07425405,0,0.0311645,0
M08,2026-06-11 06:00:00,0,0.0022627166666666664,0,0.00031099999999999997,0
M09,2026-06-11 06:00:00,0,0.07618489999999999,0,0.0054757875,0
M10,2026-06-11 06:00:00,0,0.5001477,1,0.3955658874999999,0
M11,2026-06-11 06:00:00,0,0.046054333333333336,0,0.007149475,0
M12,2026-06-11 06:00:00,0,0.022497283333333333,0,0.030825862500000002,0
M13,2026-06-11 06:00:00,1,0.94140585,1,0.9016968625000003,1
M14,2026-06-11 06:00:00,0,0.05242568333333332,0,0.047245525,0
M15,2026-06-11 06:00:00,0,0.5176767833333333,1,0.2852645374999999,0
M16,2026-06-11 06:00:00,0,0.009678733333333333,0,0.0006808750000000001,0
M17,2026-06-11 06:00:00,0,0.004570716666666667,0,0.00020605,0
M18,2026-06-11 06:00:00,1,0.9329123666666667,1,0.8866253374999999,1
M19,2026-06-11 06:00:00,0,0.17996001666666667,0,0.186705425,0
M20,2026-06-11 06:00:00,0,0.13357418333333332,0,0.056577937499999995,0
M21,2026-06-11 06:00:00,0,0.09939073333333331,0,0.06854955,0
M22,2026-06-11 06:00:00,0,0.06427733333333333,0,0.0164567375,0
M23,2026-06-11 06:00:00,1,0.9446143166666668,1,0.8951488624999999,1
M24,2026-06-11 06:00:00,0,0.015219966666666668,0,0.009098175,0
M25,2026-06-11 06:00:00,0,0.7247271833333333,1,0.7910059999999999,1
M01,2026-06-11 07:00:00,0,0.06291328333333332,0,0.0102874,0
M02,2026-06-11 07:00:00,1,0.8935681833333331,1,0.62865265,1
M03,2026-06-11 07:00:00,1,0.9570867999999998,1,0.8858403000000001,1
M04,2026-06-11 07:00:00,0,0.04275105,0,0.021735525000000002,0
M05,2026-06-11 07:00:00,1,0.8530496499999998,1,0.6530088124999998,1
M06,2026-06-11 07:00:00,0,0.0505033,0,0.003631075,0
M07,2026-06-11 07:00:00,0,0.07498158333333334,0,0.029684550000000004,0
M08,2026-06-11 07:00:00,0,0.0014203166666666668,0,0.00031099999999999997,0
M09,2026-06-11 07:00:00,0,0.08117296666666667,0,0.00694235,0
M10,2026-06-11 07:00:00,0,0.48690238333333336,0,0.37628656250000003,0
M11,2026-06-11 07:00:00,0,0.042849783333333336,0,0.011570549999999999,0
M12,2026-06-11 07:00:00,0,0.023138649999999997,0,0.02076145,0
M13,2026-06-11 07:00:00,1,0.9476158,1,0.8239875,1
M14,2026-06-11 07:00:00,0,0.07558228333333332,0,0.075576625,0
M15,2026-06-11 07:00:00,0,0.48954309999999995,0,0.30368684999999995,0
M16,2026-06-11 07:00:00,0,0.012473183333333334,0,0.013665287500000001,0
M17,2026-06-11 07:00:00,0,0.013311883333333333,0,0.003289475,0
M18,2026-06-11 07:00:00,1,0.9780485666666666,1,0.9277678250000001,1
M19,2026-06-11 07:00:00,0,0.15531556666666668,0,0.16251603750000002,0
M20,2026-06-11 07:00:00,0,0.05599755,0,0.017514450000000004,0
M21,2026-06-11 07:00:00,0,0.09923903333333332,0,0.06118050000000001,0
M22,2026-06-11 07:00:00,0,0.10063409999999998,0,0.01643105,0
M23,2026-06-11 07:00:00,1,0.9313394333333334,1,0.8771141375000001,1
M24,2026-06-11 07:00:00,0,0.005418366666666666,0,0.010565287500000001,0
M25,2026-06-11 07:00:00,0,0.7469855000000002,1,0.5731408250000001,1
M01,2026-06-11 08:00:00,0,0.050537900000000004,0,0.023295774999999998,0
M02,2026-06-11 08:00:00,1,0.9011116666666664,1,0.7236681749999999,1
M03,2026-06-11 08:00:00,1,0.96309355,1,0.9303840375000002,1
M04,2026-06-11 08:00:00,0,0.026527283333333332,0,0.009277325,0
M05,2026-06-11 08:00:00,1,0.8380888666666664,1,0.6288005750000002,1
M06,2026-06-11 08:00:00,0,0.06839986666666667,0,0.020869525,0
M07,2026-06-11 08:00:00,0,0.04916781666666666,0,0.021442287499999997,0
M08,2026-06-11 08:00:00,0,0.0014203166666666668,0,0.00031099999999999997,0
M09,2026-06-11 08:00:00,0,0.06598933333333333,0,0.005938312499999999,0
M10,2026-06-11 08:00:00,0,0.6041556500000002,1,0.5647511875,1
M11,2026-06-11 08:00:00,0,0.08465720000000002,0,0.0186392375,0
M12,2026-06-11 08:00:00,0,0.016364250000000004,0,0.021281500000000002,0
M13,2026-06-11 08:00:00,1,0.9423641333333335,1,0.7947803999999999,1
M14,2026-06-11 08:00:00,0,0.06956548333333332,0,0.09051292500000002,0
M15,2026-06-11 08:00:00,0,0.5369301333333333,1,0.2913749749999999,0
M16,2026-06-11 08:00:00,0,0.017863216666666668,0,0.0030403375000000003,0
M17,2026-06-11 08:00:00,0,0.021492833333333336,0,0.000403225,0
M18,2026-06-11 08:00:00,1,0.9452195499999999,1,0.8271866874999999,1
M19,2026-06-11 08:00:00,0,0.1638139833333333,0,0.13712551250000002,0
M20,2026-06-11 08:00:00,0,0.13391956666666668,0,0.0618990125,0
M21,2026-06-11 08:00:00,0,0.09620298333333333,0,0.0711062875,0
M22,2026-06-11 08:00:00,0,0.08768639999999998,0,0.018865800000000002,0
M23,2026-06-11 08:00:00,1,0.9391164666666667,1,0.876843075,1
M24,2026-06-11 08:00:00,0,0.005418366666666666,0,0.006333725,0
M25,2026-06-11 08:00:00,0,0.6069153833333333,1,0.5764434625000001,1
M01,2026-06-11 09:00:00,0,0.045914166666666666,0,0.015686837500000002,0
M02,2026-06-11 09:00:00,1,0.922741483333333,1,0.737221475,1
M03,2026-06-11 09:00:00,1,0.8531424166666665,1,0.9125483125,1
M04,2026-06-11 09:00:00,0,0.026588566666666664,0,0.0219416875,0
M05,2026-06-11 09:00:00,1,0.7143705499999998,1,0.620223825,1
M06,2026-06-11 09:00:00,0,0.03968485,0,0.00587125,0
M07,2026-06-11 09:00:00,0,0.06036296666666666,0,0.012156112500000002,0
M08,2026-06-11 09:00:00,0,0.0014203166666666668,0,0.00031099999999999997,0
M09,2026-06-11 09:00:00,0,0.08058726666666666,0,0.0062210875,0
M10,2026-06-11 09:00:00,0,0.5029184666666666,1,0.5482885124999999,1
M11,2026-06-11 09:00:00,0,0.046054333333333336,0,0.0063152875,0
M12,2026-06-11 09:00:00,0,0.04032919999999999,0,0.03917517499999999,0
M13,2026-06-11 09:00:00,1,0.75211435,1,0.5104905125,1
M14,2026-06-11 09:00:00,0,0.05845333333333333,0,0.0752901375,0
M15,2026-06-11 09:00:00,0,0.5410770500000001,1,0.280167925,0
M16,2026-06-11 09:00:00,0,0.01562285,0,0.0015335375,0
M17,2026-06-11 09:00:00,0,0.0031504,0,0.0,0
M18,2026-06-11 09:00:00,1,0.9800867666666665,1,0.9158059000000002,1
M19,2026-06-11 09:00:00,0,0.18874205000000002,0,0.17722641249999999,0
M20,2026-06-11 09:00:00,0,0.07289446666666666,0,0.02376895,0
M21,2026-06-11 09:00:00,0,0.10281264999999998,0,0.07722457499999999,0
M22,2026-06-11 09:00:00,0,0.08927815,0,0.025475474999999997,0
M23,2026-06-11 09:00:00,1,0.96236835,1,0.8885721500000001,1
M24,2026-06-11 09:00:00,0,0.005418366666666666,0,0.006333725,0
M25,2026-06-11 09:00:00,0,0.7442946666666669,1,0.5722189124999998,1
M01,2026-06-11 10:00:00,0,0.039393649999999995,0,0.024799587499999998,0
M02,2026-06-11 10:00:00,1,0.9363189999999996,1,0.7080771749999999,1
M03,2026-06-11 10:00:00,1,0.9856123666666664,1,0.9425737375000001,1
M04,2026-06-11 10:00:00,0,0.0338665,0,0.0194390375,0
M05,2026-06-11 10:00:00,1,0.6418509166666667,1,0.39837381249999987,0
M06,2026-06-11 10:00:00,0,0.040758249999999996,0,0.00023723750000000004,0
M07,2026-06-11 10:00:00,0,0.06796783333333334,0,0.05168515,0
M08,2026-06-11 10:00:00,0,0.0014203166666666668,0,0.00031099999999999997,0
M09,2026-06-11 10:00:00,0,0.05844858333333333,0,0.0049249,0
M10,2026-06-11 10:00:00,0,0.4902160166666666,0,0.4528122499999999,0
M11,2026-06-11 10:00:00,0,0.04587310000000001,0,0.00957695,0
M12,2026-06-11 10:00:00,0,0.03101185,0,0.018031775,0
M13,2026-06-11 10:00:00,1,0.9467857833333336,1,0.7743783874999999,1
M14,2026-06-11 10:00:00,0,0.041803883333333326,0,0.07992275000000001,0
M15,2026-06-11 10:00:00,0,0.5386158833333333,1,0.3089567124999999,0
M16,2026-06-11 10:00:00,0,0.0710897,0,0.020716787499999997,0
M17,2026-06-11 10:00:00,0,0.0031504,0,0.0,0
M18,2026-06-11 10:00:00,1,0.9768730999999999,1,0.9278452500000002,1
M19,2026-06-11 10:00:00,0,0.08479014999999998,0,0.10964803749999999,0
M20,2026-06-11 10:00:00,0,0.05590086666666668,0,0.014339862500000003,0
M21,2026-06-11 10:00:00,0,0.14927346666666666,0,0.1316729125,0
M22,2026-06-11 10:00:00,0,0.0873934166666667,0,0.030388224999999998,0
M23,2026-06-11 10:00:00,1,0.9606257499999998,1,0.8971272750000001,1
M24,2026-06-11 10:00:00,0,0.0048281,0,0.006865837500000001,0
M25,2026-06-11 10:00:00,0,0.6418422166666669,1,0.6167460874999999,1
M01,2026-06-11 11:00:00,0,0.035756866666666665,0,0.030763112500000002,0
M02,2026-06-11 11:00:00,1,0.7909386000000002,1,0.6728827874999997,1
M03,2026-06-11 11:00:00,1,0.9863798999999999,1,0.9457167499999999,1
M04,2026-06-11 11:00:00,0,0.07914365,0,0.013604312499999998,0
M05,2026-06-11 11:00:00,0,0.4575004500000001,0,0.31835103749999993,0
M06,2026-06-11 11:00:00,0,0.048847999999999996,0,0.0064751125000000005,0
M07,2026-06-11 11:00:00,0,0.054765133333333334,0,0.0309550625,0
M08,2026-06-11 11:00:00,0,0.0014203166666666668,0,0.00031099999999999997,0
M09,2026-06-11 11:00:00,0,0.09086983333333332,0,0.024462750000000002,0
M10,2026-06-11 11:00:00,0,0.5171198166666667,1,0.4224803125,0
M11,2026-06-11 11:00:00,0,0.060467866666666675,0,0.00897625,0
M12,2026-06-11 11:00:00,0,0.026042016666666664,0,0.021467625,0
M13,2026-06-11 11:00:00,1,0.8867663000000001,1,0.6102807875000001,1
M14,2026-06-11 11:00:00,0,0.05447021666666665,0,0.052209275,0
M15,2026-06-11 11:00:00,0,0.52236795,1,0.2730272749999999,0
M16,2026-06-11 11:00:00,0,0.009306083333333335,0,0.018022875,0
M17,2026-06-11 11:00:00,0,0.01700353333333333,0,0.0,0
M18,2026-06-11 11:00:00,1,0.9797257833333333,1,0.9239880375,1
M19,2026-06-11 11:00:00,0,0.15578475,0,0.138834475,0
M20,2026-06-11 11:00:00,0,0.07060901666666666,0,0.01705055,0
M21,2026-06-11 11:00:00,0,0.10450968333333331,0,0.06083868750000001,0
M22,2026-06-11 11:00:00,0,0.08073778333333335,0,0.020249637500000004,0
M23,2026-06-11 11:00:00,1,0.9630340500000002,1,0.8792609625000001,1
M24,2026-06-11 11:00:00,0,0.015438183333333333,0,0.009378875,0
M25,2026-06-11 11:00:00,0,0.5567314333333331,1,0.5351240124999999,1
M01,2026-06-11 12:00:00,0,0.06942636666666667,0,0.0259837,0
M02,2026-06-11 12:00:00,1,0.9463234666666664,1,0.78977015,1
M03,2026-06-11 12:00:00,1,0.9859308833333332,1,0.944497975,1
M04,2026-06-11 12:00:00,0,0.03476778333333333,0,0.011365662500000002,0
M05,2026-06-11 12:00:00,0,0.3687481833333333,0,0.2438764375,0
M06,2026-06-11 12:00:00,0,0.05208366666666667,0,0.0007480000000000001,0
M07,2026-06-11 12:00:00,0,0.12680845000000002,0,0.050501375,0
M08,2026-06-11 12:00:00,0,0.0014203166666666668,0,0.00031099999999999997,0
M09,2026-06-11 12:00:00,0,0.047933366666666664,0,0.03756695,0
M10,2026-06-11 12:00:00,0,0.4380505333333334,0,0.4210047125,0
M11,2026-06-11 12:00:00,0,0.05067858333333333,0,0.011378537499999999,0
M12,2026-06-11 12:00:00,0,0.014456883333333335,0,0.018217575000000003,0
M13,2026-06-11 12:00:00,1,0.9789694833333334,1,0.9339563875,1
M14,2026-06-11 12:00:00,0,0.05242568333333332,0,0.04904252499999999,0
M15,2026-06-11 12:00:00,0,0.5739952833333334,1,0.2595871874999999,0
M16,2026-06-11 12:00:00,0,0.05428025000000001,0,0.0236186625,0
M17,2026-06-11 12:00:00,0,0.004570716666666667,0,0.00020605,0
M18,2026-06-11 12:00:00,1,0.9208552666666665,1,0.7098222375000002,1
M19,2026-06-11 12:00:00,0,0.14362948333333334,0,0.1423600875,0
M20,2026-06-11 12:00:00,0,0.09077873333333333,0,0.015190600000000004,0
M21,2026-06-11 12:00:00,0,0.08933711666666665,0,0.041994149999999994,0
M22,2026-06-11 12:00:00,0,0.10318738333333334,0,0.021486425,0
M23,2026-06-11 12:00:00,1,0.9631510333333335,1,0.8658346874999999,1
M24,2026-06-11 12:00:00,0,0.0048281,0,0.0060115125,0
M25,2026-06-11 12:00:00,0,0.7292233499999999,1,0.8014609374999999,1
M01,2026-06-11 13:00:00,0,0.06082861666666666,0,0.017752325,0
M02,2026-06-11 13:00:00,1,0.83677345,1,0.7416648625,1
M03,2026-06-11 13:00:00,1,0.9864943833333333,1,0.9421621749999998,1
M04,2026-06-11 13:00:00,0,0.049118933333333344,0,0.0157837375,0
M05,2026-06-11 13:00:00,0,0.31218755000000004,0,0.1465804875,0
M06,2026-06-11 13:00:00,0,0.04032951666666666,0,0.0031471875,0
M07,2026-06-11 13:00:00,0,0.02679713333333333,0,0.021421525,0
M08,2026-06-11 13:00:00,0,0.0038887666666666664,0,0.00031099999999999997,0
M09,2026-06-11 13:00:00,0,0.06598933333333333,0,0.014069575,0
M10,2026-06-11 13:00:00,0,0.5318894000000001,1,0.5513746124999999,1
M11,2026-06-11 13:00:00,0,0.060467866666666675,0,0.0051056125,0
M12,2026-06-11 13:00:00,0,0.04199343333333332,0,0.05710876250000001,0
M13,2026-06-11 13:00:00,1,0.9769329000000002,1,0.9450610875000001,1
M14,2026-06-11 13:00:00,0,0.07130781666666666,0,0.05549855,0
M15,2026-06-11 13:00:00,0,0.5786355500000001,1,0.268285075,0
M16,2026-06-11 13:00:00,0,0.008616383333333333,0,0.01810585,0
M17,2026-06-11 13:00:00,0,0.004570716666666667,0,0.00020605,0
M18,2026-06-11 13:00:00,1,0.9416794999999997,1,0.8160760875000002,1
M19,2026-06-11 13:00:00,0,0.19425499999999996,0,0.21277782499999995,0
M20,2026-06-11 13:00:00,0,0.1122973,0,0.024034875000000004,0
M21,2026-06-11 13:00:00,0,0.1133911,0,0.0510987875,0
M22,2026-06-11 13:00:00,0,0.08880463333333335,0,0.020341450000000004,0
M23,2026-06-11 13:00:00,1,0.9446633,1,0.8710171625,1
M24,2026-06-11 13:00:00,0,0.01973846666666667,0,0.006403787499999999,0
M25,2026-06-11 13:00:00,0,0.7576674666666668,1,0.5576302125000002,1
M01,2026-06-11 14:00:00,0,0.021770366666666666,0,0.028939425,0
M02,2026-06-11 14:00:00,1,0.8097117333333333,1,0.7294469500000001,1
M03,2026-06-11 14:00:00,1,0.9774068666666663,1,0.9060178375000001,1
M04,2026-06-11 14:00:00,0,0.09518783333333332,0,0.021089474999999996,0
M05,2026-06-11 14:00:00,0,0.19900033333333333,0,0.09118277500000002,0
M06,2026-06-11 14:00:00,0,0.0420736,0,0.0054327625000000004,0
M07,2026-06-11 14:00:00,0,0.11781866666666668,0,0.05747335,0
M08,2026-06-11 14:00:00,0,0.004873616666666667,0,0.000714225,0
M09,2026-06-11 14:00:00,0,0.0902338333333333,0,0.005753375,0
M10,2026-06-11 14:00:00,0,0.4718412333333334,0,0.4089630625000001,0
M11,2026-06-11 14:00:00,0,0.03611443333333333,0,0.0032701,0
M12,2026-06-11 14:00:00,0,0.044356933333333334,0,0.0264419,0
M13,2026-06-11 14:00:00,1,0.9742064166666669,1,0.8900591500000001,1
M14,2026-06-11 14:00:00,0,0.043169216666666656,0,0.04612907499999999,0
M15,2026-06-11 14:00:00,0,0.5981046833333333,1,0.25120247500000004,0
M16,2026-06-11 14:00:00,0,0.015777733333333335,0,0.019649725,0
M17,2026-06-11 14:00:00,0,0.005835433333333334,0,0.00020605,0
M18,2026-06-11 14:00:00,1,0.8172860166666663,1,0.7424740250000001,1
M19,2026-06-11 14:00:00,0,0.2506538666666667,0,0.2329897125,0
M20,2026-06-11 14:00:00,0,0.1002818,0,0.025122062500000004,0
M21,2026-06-11 14:00:00,0,0.1476796833333333,0,0.087609575,0
M22,2026-06-11 14:00:00,0,0.16699186666666668,0,0.056804274999999994,0
M23,2026-06-11 14:00:00,1,0.9257292333333333,1,0.8750305875000002,1
M24,2026-06-11 14:00:00,0,0.015438183333333333,0,0.0006130999999999999,0
M25,2026-06-11 14:00:00,0,0.6895811833333334,1,0.7421488875,1
M01,2026-06-11 15:00:00,0,0.05999505,0,0.0167617,0
M02,2026-06-11 15:00:00,1,0.9418720833333332,1,0.7361748624999999,1
M03,2026-06-11 15:00:00,1,0.9663532499999997,1,0.8996779250000001,1
M04,2026-06-11 15:00:00,0,0.05948816666666667,0,0.0165795625,0
M05,2026-06-11 15:00:00,0,0.03213105,0,0.0073832249999999985,0
M06,2026-06-11 15:00:00,0,0.0420736,0,0.0041690375,0
M07,2026-06-11 15:00:00,0,0.07140275,0,0.038628687499999995,0
M08,2026-06-11 15:00:00,0,0.0014203166666666668,0,0.00031099999999999997,0
M09,2026-06-11 15:00:00,0,0.06317821666666666,0,0.0170459125,0
M10,2026-06-11 15:00:00,0,0.48511285000000004,0,0.3691988125,0
M11,2026-06-11 15:00:00,0,0.03611443333333333,0,0.0032701,0
M12,2026-06-11 15:00:00,0,0.016364250000000004,0,0.0169907,0
M13,2026-06-11 15:00:00,1,0.9336187166666667,1,0.9159815625000002,1
M14,2026-06-11 15:00:00,0,0.12371289999999997,0,0.082735625,0
M15,2026-06-11 15:00:00,0,0.6046233166666665,1,0.34393305,0
M16,2026-06-11 15:00:00,0,0.011649883333333335,0,0.0185696375,0
M17,2026-06-11 15:00:00,0,0.004570716666666667,0,0.00020605,0
M18,2026-06-11 15:00:00,1,0.9363139666666667,1,0.8216313999999997,1
M19,2026-06-11 15:00:00,0,0.23970626666666664,0,0.2655578375,0
M20,2026-06-11 15:00:00,0,0.12399193333333332,0,0.03563211250000001,0
M21,2026-06-11 15:00:00,0,0.11044788333333333,0,0.04475103749999999,0
M22,2026-06-11 15:00:00,0,0.055153366666666655,0,0.006299637499999999,0
M23,2026-06-11 15:00:00,1,0.8435587499999999,1,0.8685727000000002,1
M24,2026-06-11 15:00:00,0,0.015219966666666668,0,0.0006130999999999999,0
M25,2026-06-11 15:00:00,0,0.6900901166666666,1,0.8038662375000001,1
M01,2026-06-11 16:00:00,0,0.029957200000000003,0,0.026475525,0
M02,2026-06-11 16:00:00,1,0.7993927999999997,1,0.5580984000000002,1
M03,2026-06-11 16:00:00,1,0.9243491833333334,1,0.8682110249999999,1
M04,2026-06-11 16:00:00,0,0.06735819999999998,0,0.0162802875,0
M05,2026-06-11 16:00:00,0,0.06971078333333333,0,0.0177609875,0
M06,2026-06-11 16:00:00,0,0.11993244999999998,0,0.00519135,0
M07,2026-06-11 16:00:00,0,0.1475495833333333,0,0.05143915,0
M08,2026-06-11 16:00:00,0,0.004873616666666667,0,0.00031099999999999997,0
M09,2026-06-11 16:00:00,0,0.07381229999999998,0,0.0244753875,0
M10,2026-06-11 16:00:00,0,0.6064069833333333,1,0.5663780375,1
M11,2026-06-11 16:00:00,0,0.04117128333333333,0,0.006445049999999999,0
M12,2026-06-11 16:00:00,0,0.0268177,0,0.0225471625,0
M13,2026-06-11 16:00:00,1,0.9118364666666667,1,0.8581130375000001,1
M14,2026-06-11 16:00:00,0,0.07593864999999998,0,0.07144838750000002,0
M15,2026-06-11 16:00:00,0,0.5323412666666666,1,0.24796021249999994,0
M16,2026-06-11 16:00:00,0,0.019239799999999998,0,0.0201311125,0
M17,2026-06-11 16:00:00,0,0.004570716666666667,0,0.000609275,0
M18,2026-06-11 16:00:00,1,0.96433855,1,0.8921107499999998,1
M19,2026-06-11 16:00:00,0,0.2230291,0,0.30708150000000006,0
M20,2026-06-11 16:00:00,0,0.1196869,0,0.031367487500000006,0
M21,2026-06-11 16:00:00,0,0.08697936666666667,0,0.0428274875,0
M22,2026-06-11 16:00:00,0,0.20579478333333334,0,0.08761537500000002,0
M23,2026-06-11 16:00:00,1,0.8069355333333333,1,0.5265673624999999,1
M24,2026-06-11 16:00:00,0,0.11284576666666668,0,0.025729725,0
M25,2026-06-11 16:00:00,0,0.7702486166666668,1,0.6063143625000003,1
M01,2026-06-11 17:00:00,0,0.0271114,0,0.024819537499999995,0
M02,2026-06-11 17:00:00,1,0.9050288166666663,1,0.7232449374999999,1
M03,2026-06-11 17:00:00,1,0.98614895,1,0.9409475875000002,1
M04,2026-06-11 17:00:00,0,0.07298188333333334,0,0.02245895,0
M05,2026-06-11 17:00:00,0,0.015160583333333335,0,0.0043123875,0
M06,2026-06-11 17:00:00,0,0.0513106,0,0.0043817125,0
M07,2026-06-11 17:00:00,0,0.07485141666666667,0,0.037550975,0
M08,2026-06-11 17:00:00,0,0.0447568,0,0.000857375,0
M09,2026-06-11 17:00:00,0,0.04874381666666667,0,0.0068968875,0
M10,2026-06-11 17:00:00,0,0.6226694500000002,1,0.6017859750000001,1
M11,2026-06-11 17:00:00,0,0.04117128333333333,0,0.00420715,0
M12,2026-06-11 17:00:00,0,0.04376471666666666,0,0.0396353875,0
M13,2026-06-11 17:00:00,1,0.918570366666667,1,0.9007291375000002,1
M14,2026-06-11 17:00:00,0,0.06586381666666666,0,0.04942253750000001,0
M15,2026-06-11 17:00:00,1,0.5932349666666664,1,0.31541367499999995,0
M16,2026-06-11 17:00:00,0,0.03323581666666667,0,0.017094775,0
M17,2026-06-11 17:00:00,0,0.006474216666666668,0,0.0028167500000000002,0
M18,2026-06-11 17:00:00,1,0.7978584166666668,1,0.8407048874999997,1
M19,2026-06-11 17:00:00,0,0.26348165,0,0.2758982750000001,0
M20,2026-06-11 17:00:00,0,0.07458055,0,0.016497312500000003,0
M21,2026-06-11 17:00:00,0,0.10536948333333335,0,0.05720162499999999,0
M22,2026-06-11 17:00:00,0,0.08118175000000001,0,0.0065201750000000004,0
M23,2026-06-11 17:00:00,1,0.8753249,1,0.6287559624999999,1
M24,2026-06-11 17:00:00,0,0.02072965,0,0.0009353125000000001,0
M25,2026-06-11 17:00:00,0,0.7313147166666665,1,0.8414964749999999,1
M01,2026-06-11 18:00:00,0,0.08208668333333333,0,0.019292924999999995,0
M02,2026-06-11 18:00:00,1,0.899624333333333,1,0.6542830124999999,1
M03,2026-06-11 18:00:00,1,0.9526888499999997,1,0.9145850375000002,1
M04,2026-06-11 18:00:00,0,0.05575215000000001,0,0.0244683375,0
M05,2026-06-11 18:00:00,0,0.022970466666666668,0,0.0043123875,0
M06,2026-06-11 18:00:00,0,0.04064449999999999,0,0.002951775,0
M07,2026-06-11 18:00:00,0,0.08262553333333332,0,0.062881775,0
M08,2026-06-11 18:00:00,0,0.0043403,0,0.00031099999999999997,0
M09,2026-06-11 18:00:00,0,0.060862766666666665,0,0.0318537125,0
M10,2026-06-11 18:00:00,0,0.5745718166666667,1,0.5406012749999999,1
M11,2026-06-11 18:00:00,0,0.03472499999999999,0,0.014476737499999998,0
M12,2026-06-11 18:00:00,0,0.0271114,0,0.02708195,0
M13,2026-06-11 18:00:00,1,0.8656048999999999,1,0.5685445500000001,1
M14,2026-06-11 18:00:00,0,0.06422013333333332,0,0.04692253750000001,0
M15,2026-06-11 18:00:00,1,0.5165440833333333,1,0.27183501250000003,0
M16,2026-06-11 18:00:00,0,0.023584716666666665,0,0.01687195,0
M17,2026-06-11 18:00:00,0,0.015567183333333335,0,0.000609275,0
M18,2026-06-11 18:00:00,1,0.9765391166666666,1,0.9386372375,1
M19,2026-06-11 18:00:00,0,0.21061968333333334,0,0.27461521250000004,0
M20,2026-06-11 18:00:00,0,0.06775026666666668,0,0.015422275000000003,0
M21,2026-06-11 18:00:00,0,0.03798321666666667,0,0.006483562500000001,0
M22,2026-06-11 18:00:00,0,0.07452573333333333,0,0.0064397,0
M23,2026-06-11 18:00:00,1,0.8072660666666664,1,0.8099388,1
M24,2026-06-11 18:00:00,0,0.014672383333333334,0,0.004506375,0
M25,2026-06-11 18:00:00,0,0.7594877166666668,1,0.5821865250000002,1
M01,2026-06-11 19:00:00,0,0.058832483333333324,0,0.0354648125,0
M02,2026-06-11 19:00:00,1,0.3649070666666667,0,0.36285534999999997,0
M03,2026-06-11 19:00:00,1,0.9847932000000001,1,0.9442411875000001,1
M04,2026-06-11 19:00:00,0,0.13810691666666666,0,0.030339825000000004,0
M05,2026-06-11 19:00:00,0,0.03858536666666667,0,0.0238351625,0
M06,2026-06-11 19:00:00,0,0.03697406666666667,0,0.011943225,0
M07,2026-06-11 19:00:00,0,0.0676543,0,0.055649712500000004,0
M08,2026-06-11 19:00:00,0,0.002178866666666667,0,0.0038824250000000005,0
M09,2026-06-11 19:00:00,0,0.05026648333333333,0,0.034470925,0
M10,2026-06-11 19:00:00,0,0.6075223333333333,1,0.7742572500000001,1
M11,2026-06-11 19:00:00,0,0.028718233333333332,0,0.00420715,0
M12,2026-06-11 19:00:00,0,0.02969055,0,0.0254509375,0
M13,2026-06-11 19:00:00,1,0.8230533500000001,1,0.8135853125000001,1
M14,2026-06-11 19:00:00,0,0.16339628333333336,0,0.08895256250000001,0
M15,2026-06-11 19:00:00,1,0.50713685,1,0.24033138749999988,0
M16,2026-06-11 19:00:00,0,0.06694401666666666,0,0.026887050000000003,0
M17,2026-06-11 19:00:00,0,0.015567183333333335,0,0.000609275,0
M18,2026-06-11 19:00:00,1,0.9525929833333334,1,0.8721400375000001,1
M19,2026-06-11 19:00:00,0,0.1923943166666667,0,0.223891475,0
M20,2026-06-11 19:00:00,0,0.05799436666666667,0,0.014739787500000004,0
M21,2026-06-11 19:00:00,0,0.03507031666666667,0,0.0038645125000000002,0
M22,2026-06-11 19:00:00,0,0.05958248333333332,0,0.029329387500000005,0
M23,2026-06-11 19:00:00,1,0.94334925,1,0.8715706875,1
M24,2026-06-11 19:00:00,0,0.005418366666666666,0,0.000708725,0
M25,2026-06-11 19:00:00,0,0.7360969999999998,1,0.7782766625,1
M01,2026-06-11 20:00:00,0,0.0268177,0,0.035985649999999994,0
M02,2026-06-11 20:00:00,1,0.6279986333333333,1,0.5930723750000001,1
M03,2026-06-11 20:00:00,1,0.9877824,1,0.9550401624999999,1
M04,2026-06-11 20:00:00,0,0.05301385,0,0.0157201125,0
M05,2026-06-11 20:00:00,0,0.03693473333333333,0,0.0177609875,0
M06,2026-06-11 20:00:00,0,0.03710341666666667,0,0.0020230375000000003,0
M07,2026-06-11 20:00:00,0,0.029977816666666664,0,0.0251917,0
M08,2026-06-11 20:00:00,0,0.004873616666666667,0,0.00031099999999999997,0
M09,2026-06-11 20:00:00,0,0.07922858333333334,0,0.019176275000000003,0
M10,2026-06-11 20:00:00,0,0.5971489333333332,1,0.804875475,1
M11,2026-06-11 20:00:00,0,0.08968613333333335,0,0.031201600000000006,0
M12,2026-06-11 20:00:00,0,0.03837354999999999,0,0.025152575,0
M13,2026-06-11 20:00:00,1,0.9736065333333335,1,0.9355598374999999,1
M14,2026-06-11 20:00:00,0,0.09615046666666666,0,0.061247437500000015,0
M15,2026-06-11 20:00:00,1,0.5437761333333333,1,0.22239984999999995,0
M16,2026-06-11 20:00:00,0,0.018610383333333334,0,0.0012459874999999998,0
M17,2026-06-11 20:00:00,0,0.004570716666666667,0,0.00020605,0
M18,2026-06-11 20:00:00,1,0.9521769333333333,1,0.8909772375000001,1
M19,2026-06-11 20:00:00,0,0.19243648333333335,0,0.1894343375,0
M20,2026-06-11 20:00:00,0,0.07678791666666666,0,0.015475087500000003,0
M21,2026-06-11 20:00:00,0,0.04000511666666667,0,0.00069895,0
M22,2026-06-11 20:00:00,0,0.05944863333333334,0,0.0321093375,0
M23,2026-06-11 20:00:00,1,0.9092914000000001,1,0.8609220999999998,1
M24,2026-06-11 20:00:00,0,0.02903281666666667,0,0.0015014124999999999,0
M25,2026-06-11 20:00:00,0,0.7404432333333334,1,0.5457195250000002,1
M01,2026-06-11 21:00:00,0,0.0271114,0,0.029453849999999997,0
M02,2026-06-11 21:00:00,1,0.6740296333333332,1,0.5269779625000002,1
M03,2026-06-11 21:00:00,1,0.9639002833333333,1,0.9062324624999999,1
M04,2026-06-11 21:00:00,0,0.05122865,0,0.020608612499999998,0
M05,2026-06-11 21:00:00,0,0.015160583333333335,0,0.0043123875,0
M06,2026-06-11 21:00:00,0,0.03697406666666667,0,0.0140541625,0
M07,2026-06-11 21:00:00,0,0.12012314999999998,0,0.058300287500000006,0
M08,2026-06-11 21:00:00,0,0.004115066666666667,0,0.00031099999999999997,0
M09,2026-06-11 21:00:00,0,0.069371,0,0.014553887500000001,0
M10,2026-06-11 21:00:00,0,0.5082924666666666,1,0.6163922625,1
M11,2026-06-11 21:00:00,0,0.04382521666666667,0,0.0069518374999999995,0
M12,2026-06-11 21:00:00,0,0.038168916666666663,0,0.0205323875,0
M13,2026-06-11 21:00:00,1,0.9482008500000002,1,0.8808552624999999,1
M14,2026-06-11 21:00:00,0,0.07789733333333332,0,0.05295292500000002,0
M15,2026-06-11 21:00:00,1,0.6439726166666666,1,0.35747822500000004,0
M16,2026-06-11 21:00:00,0,0.0180302,0,0.004053775,0
M17,2026-06-11 21:00:00,0,0.004570716666666667,0,0.00020605,0
M18,2026-06-11 21:00:00,1,0.9706383166666666,1,0.9204937125000001,1
M19,2026-06-11 21:00:00,0,0.23336708333333336,0,0.26063836250000005,0
M20,2026-06-11 21:00:00,0,0.08838696666666665,0,0.023255262500000002,0
M21,2026-06-11 21:00:00,0,0.11626096666666667,0,0.040502275,0
M22,2026-06-11 21:00:00,0,0.20818073333333334,0,0.08340574999999999,0
M23,2026-06-11 21:00:00,1,0.9046202,1,0.7796882999999999,1
M24,2026-06-11 21:00:00,0,0.0379744,0,0.008587125000000001,0
M25,2026-06-11 21:00:00,0,0.7525660833333334,1,0.5563491125000002,1
M01,2026-06-11 22:00:00,0,0.06109038333333334,0,0.0430918375,0
M02,2026-06-11 22:00:00,1,0.4683815666666667,0,0.4477352624999999,0
M03,2026-06-11 22:00:00,1,0.9416540666666664,1,0.8926832374999998,1
M04,2026-06-11 22:00:00,0,0.04600835,0,0.019942375,0
M05,2026-06-11 22:00:00,0,0.018030233333333333,0,0.0043123875,0
M06,2026-06-11 22:00:00,0,0.0338701,0,0.0034099124999999995,0
M07,2026-06-11 22:00:00,0,0.044093799999999995,0,0.062399937500000016,0
M08,2026-06-11 22:00:00,0,0.004115066666666667,0,0.00031099999999999997,0
M09,2026-06-11 22:00:00,0,0.07738854999999999,0,0.021569587499999997,0
M10,2026-06-11 22:00:00,0,0.5789353,1,0.5518259874999998,1
M11,2026-06-11 22:00:00,0,0.03920096666666668,0,0.0180416,0
M12,2026-06-11 22:00:00,0,0.008200633333333334,0,0.0033753249999999998,0
M13,2026-06-11 22:00:00,1,0.95015965,1,0.8973693,1
M14,2026-06-11 22:00:00,0,0.09908491666666665,0,0.09059854999999999,0
M15,2026-06-11 22:00:00,1,0.6049585166666666,1,0.27562758749999994,0
M16,2026-06-11 22:00:00,0,0.030919783333333332,0,0.009219399999999999,0
M17,2026-06-11 22:00:00,0,0.004570716666666667,0,0.000609275,0
M18,2026-06-11 22:00:00,1,0.9299546666666667,1,0.8367581000000003,1
M19,2026-06-11 22:00:00,0,0.17265261666666662,0,0.16459936249999998,0
M20,2026-06-11 22:00:00,0,0.0727452,0,0.0184196,0
M21,2026-06-11 22:00:00,0,0.06540399999999999,0,0.022786112499999997,0
M22,2026-06-11 22:00:00,0,0.08917136666666668,0,0.022192550000000002,0
M23,2026-06-11 22:00:00,1,0.9021694333333332,1,0.7824982249999998,1
M24,2026-06-11 22:00:00,0,0.08545873333333334,0,0.044530675,0
M25,2026-06-11 22:00:00,0,0.6346035999999999,1,0.5884561625,1
M01,2026-06-11 23:00:00,0,0.029921950000000006,0,0.018581187499999995,0
M02,2026-06-11 23:00:00,1,0.5121259166666667,1,0.36598815,0
M03,2026-06-11 23:00:00,1,0.982615283333333,1,0.9421815375,1
M04,2026-06-11 23:00:00,0,0.06634611666666665,0,0.0163858,0
M05,2026-06-11 23:00:00,0,0.0345597,0,0.0043123875,0
M06,2026-06-11 23:00:00,0,0.04455725,0,0.0020617625,0
M07,2026-06-11 23:00:00,0,0.03618161666666666,0,0.06382205,0
M08,2026-06-11 23:00:00,0,0.004115066666666667,0,0.00031099999999999997,0
M09,2026-06-11 23:00:00,0,0.08429843333333334,0,0.0365721875,0
M10,2026-06-11 23:00:00,0,0.5615697166666666,1,0.5029228124999998,1
M11,2026-06-11 23:00:00,0,0.08256525,0,0.012389362499999999,0
M12,2026-06-11 23:00:00,0,0.015953533333333336,0,0.0009729999999999999,0
M13,2026-06-11 23:00:00,1,0.8192825833333333,1,0.8779416875000001,1
M14,2026-06-11 23:00:00,0,0.11179609999999998,0,0.06853192500000002,0
M15,2026-06-11 23:00:00,1,0.8187957333333331,1,0.5907252375,1
M16,2026-06-11 23:00:00,0,0.031140383333333334,0,0.0022951125000000004,0
M17,2026-06-11 23:00:00,0,0.0089241,0,0.001515275,0
M18,2026-06-11 23:00:00,1,0.9756710333333332,1,0.9156604875,1
M19,2026-06-11 23:00:00,0,0.16509291666666664,0,0.21662385,0
M20,2026-06-11 23:00:00,0,0.0727452,0,0.0204049,0
M21,2026-06-11 23:00:00,0,0.13014283333333335,0,0.048300662499999994,0
M22,2026-06-11 23:00:00,0,0.08341901666666666,0,0.024164925,0
M23,2026-06-11 23:00:00,1,0.9147298999999999,1,0.81645135,1
M24,2026-06-11 23:00:00,0,0.04002758333333334,0,0.0088264625,0
M25,2026-06-11 23:00:00,0,0.6296348666666666,1,0.6006068625000001,1
M01,2026-06-12 00:00:00,0,0.03607611666666666,0,0.0159906,0
M02,2026-06-12 00:00:00,1,0.5918225999999999,1,0.5628882000000001,1
M03,2026-06-12 00:00:00,1,0.9777473666666666,1,0.9621323125000002,1
M04,2026-06-12 00:00:00,0,0.07062226666666667,0,0.022015799999999995,0
M05,2026-06-12 00:00:00,0,0.015160583333333335,0,0.0043123875,0
M06,2026-06-12 00:00:00,0,0.0485225,0,0.002951775,0
M07,2026-06-12 00:00:00,0,0.0304428,0,0.0380282875,0
M08,2026-06-12 00:00:00,0,0.04785453333333333,0,0.0028167500000000002,0
M09,2026-06-12 00:00:00,0,0.05768363333333333,0,0.0070376875000000005,0
M10,2026-06-12 00:00:00,0,0.4886551666666667,0,0.42435242500000003,0
M11,2026-06-12 00:00:00,0,0.03920096666666668,0,0.0098827625,0
M12,2026-06-12 00:00:00,0,0.021883150000000004,0,0.0016843875,0
M13,2026-06-12 00:00:00,1,0.9454087166666667,1,0.8637025749999999,1
M14,2026-06-12 00:00:00,0,0.08394344999999998,0,0.07141478750000001,0
M15,2026-06-12 00:00:00,1,0.7864210499999997,1,0.584409275,1
M16,2026-06-12 00:00:00,0,0.021268666666666665,0,0.0016403124999999998,0
M17,2026-06-12 00:00:00,0,0.004570716666666667,0,0.00020605,0
M18,2026-06-12 00:00:00,1,0.9737649999999999,1,0.9257482250000001,1
M19,2026-06-12 00:00:00,0,0.20099206666666666,0,0.22342936250000003,0
M20,2026-06-12 00:00:00,0,0.08928708333333332,0,0.026816825,0
M21,2026-06-12 00:00:00,0,0.07583103333333334,0,0.026748075000000003,0
M22,2026-06-12 00:00:00,0,0.06694329999999998,0,0.028757962499999994,0
M23,2026-06-12 00:00:00,1,0.9121468333333334,1,0.8143818374999998,1
M24,2026-06-12 00:00:00,0,0.039574416666666674,0,0.009892475000000001,0
M25,2026-06-12 00:00:00,0,0.7594718333333336,1,0.5861137125000001,1
M01,2026-06-12 01:00:00,0,0.030047349999999997,0,0.0163615125,0
M02,2026-06-12 01:00:00,1,0.8530262999999995,1,0.6680372499999999,1
M03,2026-06-12 01:00:00,1,0.9807569499999997,1,0.9468548250000002,1
M04,2026-06-12 01:00:00,0,0.0280061,0,0.016531325000000003,0
M05,2026-06-12 01:00:00,0,0.015160583333333335,0,0.0043123875,0
M06,2026-06-12 01:00:00,0,0.14349391666666664,0,0.003435225,0
M07,2026-06-12 01:00:00,0,0.03005538333333333,0,0.03892845,0
M08,2026-06-12 01:00:00,0,0.0030212666666666666,0,0.00031099999999999997,0
M09,2026-06-12 01:00:00,0,0.055138333333333324,0,0.021679974999999997,0
M10,2026-06-12 01:00:00,0,0.41884124999999994,0,0.4679557000000001,0
M11,2026-06-12 01:00:00,0,0.04443545,0,0.017638375,0
M12,2026-06-12 01:00:00,0,0.021358050000000003,0,0.0027455125000000005,0
M13,2026-06-12 01:00:00,1,0.8338555500000002,1,0.8953885125,1
M14,2026-06-12 01:00:00,0,0.08379554999999998,0,0.07412218750000002,0
M15,2026-06-12 01:00:00,1,0.6886296333333336,1,0.5500076125,1
M16,2026-06-12 01:00:00,0,0.023602533333333335,0,0.025781699999999998,0
M17,2026-06-12 01:00:00,0,0.006474216666666668,0,0.006171362499999999,0
M18,2026-06-12 01:00:00,1,0.9474286166666663,1,0.8929586374999999,1
M19,2026-06-12 01:00:00,0,0.16671855000000002,0,0.20312472499999998,0
M20,2026-06-12 01:00:00,0,0.08685124999999999,0,0.019614937500000006,0
M21,2026-06-12 01:00:00,0,0.0738694,0,0.009926,0
M22,2026-06-12 01:00:00,0,0.08102701666666669,0,0.025461412499999996,0
M23,2026-06-12 01:00:00,1,0.9154813833333333,1,0.7909637999999999,1
M24,2026-06-12 01:00:00,0,0.05392515,0,0.01029985,0
M25,2026-06-12 01:00:00,0,0.7600785833333336,1,0.54797975,1
M01,2026-06-12 02:00:00,0,0.06098778333333334,0,0.029399787499999996,0
M02,2026-06-12 02:00:00,1,0.7637481666666669,1,0.5933033125,1
M03,2026-06-12 02:00:00,1,0.8300328,1,0.8864392750000001,1
M04,2026-06-12 02:00:00,0,0.06463875,0,0.024725874999999998,0
M05,2026-06-12 02:00:00,0,0.051252466666666656,0,0.022111575,0
M06,2026-06-12 02:00:00,0,0.04934971666666667,0,0.0018793750000000002,0
M07,2026-06-12 02:00:00,0,0.04116053333333333,0,0.0324479875,0
M08,2026-06-12 02:00:00,0,0.005716016666666666,0,0.001033625,0
M09,2026-06-12 02:00:00,0,0.07748584999999998,0,0.010774112499999999,0
M10,2026-06-12 02:00:00,0,0.6185267166666667,1,0.5376515125,1
M11,2026-06-12 02:00:00,0,0.050536583333333336,0,0.0118390125,0
M12,2026-06-12 02:00:00,0,0.018979783333333337,0,0.005339625000000001,0
M13,2026-06-12 02:00:00,1,0.9478893500000001,1,0.862025325,1
M14,2026-06-12 02:00:00,0,0.05079155,0,0.03799037499999999,0
M15,2026-06-12 02:00:00,1,0.8226008166666665,1,0.6150980249999998,1
M16,2026-06-12 02:00:00,0,0.04699561666666666,0,0.050585837499999994,0
M17,2026-06-12 02:00:00,0,0.004570716666666667,0,0.00020605,0
M18,2026-06-12 02:00:00,1,0.9739010833333331,1,0.9094419749999998,1
M19,2026-06-12 02:00:00,0,0.2261201333333333,0,0.28386102500000004,0
M20,2026-06-12 02:00:00,0,0.0776153,0,0.019591562500000003,0
M21,2026-06-12 02:00:00,0,0.14506135000000003,0,0.0435591875,0
M22,2026-06-12 02:00:00,0,0.07929376666666667,0,0.023249750000000003,0
M23,2026-06-12 02:00:00,1,0.9663359333333333,1,0.8909647749999999,1
M24,2026-06-12 02:00:00,0,0.10495731666666668,0,0.0338491625,0
M25,2026-06-12 02:00:00,0,0.71957815,1,0.7587343125,1
M01,2026-06-12 03:00:00,0,0.11125678333333333,0,0.030887837499999998,0
M02,2026-06-12 03:00:00,1,0.79326095,1,0.5284405875,1
M03,2026-06-12 03:00:00,1,0.9795021833333332,1,0.912135325,1
M04,2026-06-12 03:00:00,0,0.058321500000000005,0,0.015485975000000003,0
M05,2026-06-12 03:00:00,0,0.015160583333333335,0,0.0043123875,0
M06,2026-06-12 03:00:00,0,0.03223993333333333,0,0.0019941374999999997,0
M07,2026-06-12 03:00:00,0,0.08979516666666666,0,0.0688449,0
M08,2026-06-12 03:00:00,0,0.013717033333333333,0,0.0011384625,0
M09,2026-06-12 03:00:00,0,0.16161336666666665,0,0.09158161250000002,0
M10,2026-06-12 03:00:00,0,0.6045325833333333,1,0.6145670375000001,1
M11,2026-06-12 03:00:00,0,0.05668318333333333,0,0.0102351375,0
M12,2026-06-12 03:00:00,0,0.07297306666666666,0,0.0052393875,0
M13,2026-06-12 03:00:00,1,0.9755975833333337,1,0.944200675,1
M14,2026-06-12 03:00:00,0,0.06512176666666665,0,0.03630102499999999,0
M15,2026-06-12 03:00:00,1,0.8371541833333335,1,0.5878316625,1
M16,2026-06-12 03:00:00,0,0.04768771666666667,0,0.048268225,0
M17,2026-06-12 03:00:00,0,0.0089241,0,0.0026494875,0
M18,2026-06-12 03:00:00,1,0.8248343166666666,1,0.8314415624999999,1
M19,2026-06-12 03:00:00,0,0.2137188833333333,0,0.2690407875,0
M20,2026-06-12 03:00:00,0,0.07233236666666666,0,0.021663525000000003,0
M21,2026-06-12 03:00:00,0,0.05205768333333334,0,0.0056703875,0
M22,2026-06-12 03:00:00,0,0.07247008333333334,0,0.0284967625,0
M23,2026-06-12 03:00:00,1,0.9195404833333334,1,0.8411038749999997,1
M24,2026-06-12 03:00:00,0,0.13196723333333335,0,0.044260074999999996,0
M25,2026-06-12 03:00:00,0,0.7293270499999999,1,0.8058818625,1
M01,2026-06-12 04:00:00,0,0.11208946666666667,0,0.024080474999999997,0
M02,2026-06-12 04:00:00,1,0.8978605833333331,1,0.6452015249999999,1
M03,2026-06-12 04:00:00,1,0.9383479999999998,1,0.7724640374999999,1
M04,2026-06-12 04:00:00,0,0.038202266666666665,0,0.028522162500000003,0
M05,2026-06-12 04:00:00,0,0.015160583333333335,0,0.0043123875,0
M06,2026-06-12 04:00:00,0,0.04129185,0,0.0044293875,0
M07,2026-06-12 04:00:00,0,0.12224159999999999,0,0.05323810000000001,0
M08,2026-06-12 04:00:00,0,0.00248795,0,0.005491137500000001,0
M09,2026-06-12 04:00:00,0,0.07229638333333331,0,0.032835699999999995,0
M10,2026-06-12 04:00:00,0,0.5783523666666669,1,0.5558093375000002,1
M11,2026-06-12 04:00:00,0,0.2214785333333333,0,0.0431294625,0
M12,2026-06-12 04:00:00,0,0.11024775,0,0.0168702875,0
M13,2026-06-12 04:00:00,1,0.9778209166666669,1,0.9435284500000002,1
M14,2026-06-12 04:00:00,0,0.08647781666666665,0,0.06881367499999999,0
M15,2026-06-12 04:00:00,1,0.7911308833333333,1,0.5021988874999999,1
M16,2026-06-12 04:00:00,0,0.03909906666666666,0,0.034426562499999994,0
M17,2026-06-12 04:00:00,0,0.0066778333333333325,0,0.00020605,0
M18,2026-06-12 04:00:00,1,0.8279437333333329,1,0.8713133625000001,1
M19,2026-06-12 04:00:00,0,0.21602451666666667,0,0.2551989125000001,0
M20,2026-06-12 04:00:00,0,0.08318523333333333,0,0.0227159,0
M21,2026-06-12 04:00:00,0,0.04804446666666667,0,0.007717175,0
M22,2026-06-12 04:00:00,0,0.06485431666666666,0,0.030415674999999996,0
M23,2026-06-12 04:00:00,1,0.9046818000000002,1,0.8555856749999998,1
M24,2026-06-12 04:00:00,0,0.03436803333333334,0,0.0074924375,0
M25,2026-06-12 04:00:00,0,0.76048145,1,0.5834305000000001,1
M01,2026-06-12 05:00:00,0,0.042578566666666665,0,0.02225325,0
M02,2026-06-12 05:00:00,1,0.7731425,1,0.5558280375000001,1
M03,2026-06-12 05:00:00,0,0.7766269833333329,1,0.6071761499999999,1
M04,2026-06-12 05:00:00,0,0.0674539,0,0.022540612499999994,0
M05,2026-06-12 05:00:00,0,0.11983661666666667,0,0.0271614125,0
M06,2026-06-12 05:00:00,0,0.05827301666666666,0,0.0062761499999999994,0
M07,2026-06-12 05:00:00,0,0.08991128333333333,0,0.0569436375,0
M08,2026-06-12 05:00:00,0,0.010018266666666666,0,0.0004383875,0
M09,2026-06-12 05:00:00,0,0.08409141666666664,0,0.020620900000000005,0
M10,2026-06-12 05:00:00,0,0.6188954333333335,1,0.5491982250000002,1
M11,2026-06-12 05:00:00,0,0.15122161666666667,0,0.0133051875,0
M12,2026-06-12 05:00:00,0,0.018486950000000002,0,0.025171887499999997,0
M13,2026-06-12 05:00:00,1,0.9778549833333335,1,0.9486156750000001,1
M14,2026-06-12 05:00:00,0,0.07037106666666666,0,0.080038925,0
M15,2026-06-12 05:00:00,1,0.7945919166666664,1,0.467437475,0
M16,2026-06-12 05:00:00,0,0.04218924999999999,0,0.0453869375,0
M17,2026-06-12 05:00:00,0,0.004570716666666667,0,0.00020605,0
M18,2026-06-12 05:00:00,1,0.9772428499999999,1,0.92461625,1
M19,2026-06-12 05:00:00,0,0.27048564999999997,0,0.32706363750000006,0
M20,2026-06-12 05:00:00,0,0.16872816666666662,0,0.035316675,0
M21,2026-06-12 05:00:00,0,0.04945456666666667,0,0.008735525,0
M22,2026-06-12 05:00:00,0,0.07188456666666668,0,0.024906575,0
M23,2026-06-12 05:00:00,1,0.9583166666666666,1,0.8860018750000002,1
M24,2026-06-12 05:00:00,0,0.05630163333333333,0,0.0098066,0
M25,2026-06-12 05:00:00,0,0.7572526333333336,1,0.5715553000000001,1
M01,2026-06-12 06:00:00,0,0.02377828333333333,0,0.015972275,0
M02,2026-06-12 06:00:00,1,0.7904561166666669,1,0.6468028499999999,1
M03,2026-06-12 06:00:00,0,0.18464313333333335,0,0.2625168625,0
M04,2026-06-12 06:00:00,0,0.09122203333333333,0,0.024360587499999996,0
M05,2026-06-12 06:00:00,0,0.015160583333333335,0,0.0043123875,0
M06,2026-06-12 06:00:00,0,0.040758233333333324,0,0.00175475,0
M07,2026-06-12 06:00:00,0,0.04555676666666666,0,0.0627209375,0
M08,2026-06-12 06:00:00,0,0.005098849999999999,0,0.0003572125,0
M09,2026-06-12 06:00:00,0,0.07507731666666666,0,0.014855987500000004,0
M10,2026-06-12 06:00:00,0,0.6164692000000002,1,0.5698949875,1
M11,2026-06-12 06:00:00,0,0.05700206666666666,0,0.01478105,0
M12,2026-06-12 06:00:00,0,0.0546631,0,0.04072245000000001,0
M13,2026-06-12 06:00:00,1,0.9763419166666669,1,0.9343523375,1
M14,2026-06-12 06:00:00,0,0.06731138333333334,0,0.051165225000000016,0
M15,2026-06-12 06:00:00,1,0.6110980500000003,1,0.38939046249999987,0
M16,2026-06-12 06:00:00,0,0.09007563333333332,0,0.044572537499999995,0
M17,2026-06-12 06:00:00,0,0.0066778333333333325,0,0.00020605,0
M18,2026-06-12 06:00:00,1,0.9788834999999999,1,0.9318121125000003,1
M19,2026-06-12 06:00:00,0,0.2025956,0,0.2559019,0
M20,2026-06-12 06:00:00,0,0.1635749,0,0.047808550000000005,0
M21,2026-06-12 06:00:00,0,0.11726135,0,0.028241250000000002,0
M22,2026-06-12 06:00:00,0,0.06002423333333332,0,0.034758849999999994,0
M23,2026-06-12 06:00:00,1,0.9676389833333334,1,0.9057675625,1
M24,2026-06-12 06:00:00,0,0.06807236666666668,0,0.010803449999999997,0
M25,2026-06-12 06:00:00,0,0.7607275000000001,1,0.5944744375000002,1
M01,2026-06-12 07:00:00,0,0.10239458333333333,0,0.025903862500000003,0
M02,2026-06-12 07:00:00,1,0.7412972500000001,1,0.5825412625000002,1
M03,2026-06-12 07:00:00,0,0.3050299166666667,0,0.197546525,0
M04,2026-06-12 07:00:00,0,0.03585525,0,0.014227862500000002,0
M05,2026-06-12 07:00:00,0,0.022970466666666668,0,0.0043123875,0
M06,2026-06-12 07:00:00,0,0.04064449999999999,0,0.010769062499999999,0
M07,2026-06-12 07:00:00,0,0.15713083333333336,0,0.06712165,0
M08,2026-06-12 07:00:00,0,0.008165916666666667,0,0.0012196375000000001,0
M09,2026-06-12 07:00:00,0,0.0766288,0,0.033932875,0
M10,2026-06-12 07:00:00,0,0.6355704500000001,1,0.617867,1
M11,2026-06-12 07:00:00,0,0.054058850000000006,0,0.013432149999999999,0
M12,2026-06-12 07:00:00,0,0.0257916,0,0.0263898625,0
M13,2026-06-12 07:00:00,1,0.8028818666666667,1,0.8643961124999999,1
M14,2026-06-12 07:00:00,0,0.06949663333333332,0,0.057789900000000005,0
M15,2026-06-12 07:00:00,1,0.7752446666666665,1,0.383236275,0
M16,2026-06-12 07:00:00,0,0.036773766666666666,0,0.0475918375,0
M17,2026-06-12 07:00:00,0,0.008584183333333334,0,0.00020605,0
M18,2026-06-12 07:00:00,1,0.9535097500000002,1,0.8687947750000005,1
M19,2026-06-12 07:00:00,0,0.15657480000000001,0,0.20439631250000004,0
M20,2026-06-12 07:00:00,0,0.06061623333333333,0,0.01568505,0
M21,2026-06-12 07:00:00,0,0.057232866666666674,0,0.00562155,0
M22,2026-06-12 07:00:00,0,0.06667728333333334,0,0.0297559125,0
M23,2026-06-12 07:00:00,1,0.9601488666666668,1,0.8799345500000001,1
M24,2026-06-12 07:00:00,0,0.14855243333333334,0,0.053316125000000006,0
M25,2026-06-12 07:00:00,0,0.7537847666666668,1,0.5913495125000001,1
M01,2026-06-12 08:00:00,0,0.05234491666666667,0,0.0246449875,0
M02,2026-06-12 08:00:00,1,0.8370611666666663,1,0.6736038000000001,1
M03,2026-06-12 08:00:00,0,0.12693128333333334,0,0.10015285,0
M04,2026-06-12 08:00:00,0,0.04359539999999999,0,0.026639774999999997,0
M05,2026-06-12 08:00:00,0,0.015160583333333335,0,0.0043123875,0
M06,2026-06-12 08:00:00,0,0.036789600000000006,0,0.010855825000000001,0
M07,2026-06-12 08:00:00,0,0.047601883333333324,0,0.045171475,0
M08,2026-06-12 08:00:00,0,0.007592083333333333,0,0.0017938750000000003,0
M09,2026-06-12 08:00:00,0,0.06687351666666666,0,0.0210561625,0
M10,2026-06-12 08:00:00,0,0.5972070833333335,1,0.5665816999999999,1
M11,2026-06-12 08:00:00,0,0.08228121666666667,0,0.010237275,0
M12,2026-06-12 08:00:00,0,0.07686738333333333,0,0.023837249999999997,0
M13,2026-06-12 08:00:00,1,0.9677621166666669,1,0.9090965875000002,1
M14,2026-06-12 08:00:00,0,0.0748213,0,0.05223370000000001,0
M15,2026-06-12 08:00:00,1,0.7943649166666664,1,0.37006787500000005,0
M16,2026-06-12 08:00:00,0,0.042725283333333336,0,0.022501674999999995,0
M17,2026-06-12 08:00:00,0,0.008584183333333334,0,0.00020605,0
M18,2026-06-12 08:00:00,1,0.8276660499999997,1,0.8819815500000001,1
M19,2026-06-12 08:00:00,0,0.14661101666666668,0,0.19739183749999997,0
M20,2026-06-12 08:00:00,0,0.07817631666666666,0,0.019210075,0
M21,2026-06-12 08:00:00,0,0.03617201666666667,0,0.0026740375000000004,0
M22,2026-06-12 08:00:00,0,0.04444968333333333,0,0.0251536875,0
M23,2026-06-12 08:00:00,1,0.9568633999999999,1,0.8644850125,1
M24,2026-06-12 08:00:00,0,0.05917608333333333,0,0.015811612500000002,0
M25,2026-06-12 08:00:00,0,0.7610674000000002,1,0.5640713250000002,1
M01,2026-06-12 09:00:00,0,0.03879344999999999,0,0.024736075,0
M02,2026-06-12 09:00:00,1,0.867609183333333,1,0.6901832499999998,1
M03,2026-06-12 09:00:00,0,0.039943450000000005,0,0.0030147625,0
M04,2026-06-12 09:00:00,0,0.031202016666666662,0,0.0241136125,0
M05,2026-06-12 09:00:00,0,0.0363245,0,0.0177609875,0
M06,2026-06-12 09:00:00,0,0.044919400000000005,0,0.0029494000000000005,0
M07,2026-06-12 09:00:00,0,0.07063921666666666,0,0.05794535000000002,0
M08,2026-06-12 09:00:00,0,0.010286833333333332,0,0.00040498749999999994,0
M09,2026-06-12 09:00:00,0,0.06711165,0,0.04430012499999999,0
M10,2026-06-12 09:00:00,0,0.5258204333333333,1,0.48654808749999995,0
M11,2026-06-12 09:00:00,0,0.05868310000000001,0,0.01936365,0
M12,2026-06-12 09:00:00,0,0.013830316666666669,0,0.025179362499999997,0
M13,2026-06-12 09:00:00,1,0.9758910166666668,1,0.9521487750000001,1
M14,2026-06-12 09:00:00,0,0.05243213333333332,0,0.0399989625,0
M15,2026-06-12 09:00:00,1,0.7968792499999998,1,0.3885163125,0
M16,2026-06-12 09:00:00,0,0.07400261666666666,0,0.019688724999999997,0
M17,2026-06-12 09:00:00,0,0.004570716666666667,0,0.000609275,0
M18,2026-06-12 09:00:00,1,0.9731895666666667,1,0.9123287250000001,1
M19,2026-06-12 09:00:00,0,0.04892521666666667,0,0.1260627875,0
M20,2026-06-12 09:00:00,0,0.07931274999999997,0,0.022565062500000004,0
M21,2026-06-12 09:00:00,0,0.037337583333333334,0,0.00444635,0
M22,2026-06-12 09:00:00,0,0.04349828333333334,0,0.0319994625,0
M23,2026-06-12 09:00:00,1,0.8324380333333333,1,0.7940033375000002,1
M24,2026-06-12 09:00:00,0,0.06165436666666666,0,0.016810625000000003,0
M25,2026-06-12 09:00:00,0,0.7889406833333336,1,0.7233305000000002,1
M01,2026-06-12 10:00:00,0,0.05591656666666668,0,0.02972185,0
M02,2026-06-12 10:00:00,1,0.8186133166666665,1,0.5949220125000001,1
M03,2026-06-12 10:00:00,0,0.0418802,0,0.0047908625000000005,0
M04,2026-06-12 10:00:00,0,0.11672051666666666,0,0.0303232375,0
M05,2026-06-12 10:00:00,0,0.0363245,0,0.028262187499999997,0
M06,2026-06-12 10:00:00,0,0.13567651666666664,0,0.0019714500000000005,0
M07,2026-06-12 10:00:00,0,0.11699336666666667,0,0.0809841875,0
M08,2026-06-12 10:00:00,0,0.010286833333333332,0,0.0029049875,0
M09,2026-06-12 10:00:00,0,0.18305981666666668,0,0.090554675,0
M10,2026-06-12 10:00:00,0,0.6311050666666668,1,0.7886198000000002,1
M11,2026-06-12 10:00:00,0,0.046054333333333336,0,0.0116262625,0
M12,2026-06-12 10:00:00,0,0.04451061666666666,0,0.034993987500000004,0
M13,2026-06-12 10:00:00,1,0.9745596500000003,1,0.9321927500000001,1
M14,2026-06-12 10:00:00,0,0.07957001666666665,0,0.050609925,0
M15,2026-06-12 10:00:00,1,0.45525909999999997,0,0.3391809624999999,0
M16,2026-06-12 10:00:00,0,0.0787005,0,0.0223559125,0
M17,2026-06-12 10:00:00,0,0.004570716666666667,0,0.00020605,0
M18,2026-06-12 10:00:00,1,0.9197508666666667,1,0.8555237250000001,1
M19,2026-06-12 10:00:00,0,0.08258438333333333,0,0.1594695125,0
M20,2026-06-12 10:00:00,0,0.0983259,0,0.021865325,0
M21,2026-06-12 10:00:00,0,0.03188256666666667,0,0.0019709125,0
M22,2026-06-12 10:00:00,0,0.05960095,0,0.03161942499999999,0
M23,2026-06-12 10:00:00,1,0.9241083833333333,1,0.815371825,1
M24,2026-06-12 10:00:00,0,0.05681153333333333,0,0.015811612500000002,0
M25,2026-06-12 10:00:00,0,0.7260077833333334,1,0.5886212250000001,1
M01,2026-06-12 11:00:00,0,0.030156666666666665,0,0.019726224999999997,0
M02,2026-06-12 11:00:00,1,0.9061924166666665,1,0.7201590499999999,1
M03,2026-06-12 11:00:00,0,0.0171441,0,0.0022908625,0
M04,2026-06-12 11:00:00,0,0.02563123333333333,0,0.017491837500000003,0
M05,2026-06-12 11:00:00,0,0.05671831666666667,0,0.012043274999999999,0
M06,2026-06-12 11:00:00,0,0.04324703333333334,0,0.0034870125,0
M07,2026-06-12 11:00:00,0,0.07608166666666666,0,0.05990841250000001,0
M08,2026-06-12 11:00:00,0,0.010286833333333332,0,0.0029049875,0
M09,2026-06-12 11:00:00,0,0.06895563333333334,0,0.003815075,0
M10,2026-06-12 11:00:00,0,0.5884009500000001,1,0.5268944499999999,1
M11,2026-06-12 11:00:00,0,0.046054333333333336,0,0.010013362500000001,0
M12,2026-06-12 11:00:00,0,0.041837183333333326,0,0.018515037499999998,0
M13,2026-06-12 11:00:00,1,0.9747395000000003,1,0.9266780500000001,1
M14,2026-06-12 11:00:00,0,0.06460311666666665,0,0.052405162500000005,0
M15,2026-06-12 11:00:00,1,0.8052053499999997,1,0.4385209124999999,0
M16,2026-06-12 11:00:00,0,0.0362236,0,0.0144059875,0
M17,2026-06-12 11:00:00,0,0.02290195,0,0.000857375,0
M18,2026-06-12 11:00:00,1,0.8366737833333331,1,0.8370683624999999,1
M19,2026-06-12 11:00:00,0,0.048489866666666666,0,0.11178478750000001,0
M20,2026-06-12 11:00:00,0,0.18472301666666663,0,0.0605893625,0
M21,2026-06-12 11:00:00,0,0.037337583333333334,0,0.00069895,0
M22,2026-06-12 11:00:00,0,0.049653866666666664,0,0.030449675,0
M23,2026-06-12 11:00:00,1,0.9621122833333333,1,0.8882655250000001,1
M24,2026-06-12 11:00:00,0,0.04703911666666667,0,0.012042999999999998,0
M25,2026-06-12 11:00:00,0,0.7640218333333333,1,0.5920017625,1
M01,2026-06-12 12:00:00,0,0.03147481666666667,0,0.025214725,0
M02,2026-06-12 12:00:00,1,0.7921601166666666,1,0.5797032874999999,1
M03,2026-06-12 12:00:00,0,0.03654321666666667,0,0.0022908625,0
M04,2026-06-12 12:00:00,0,0.021943099999999997,0,0.01674205,0
M05,2026-06-12 12:00:00,0,0.05624755,0,0.02783865,0
M06,2026-06-12 12:00:00,0,0.061237416666666676,0,0.09812586250000002,0
M07,2026-06-12 12:00:00,0,0.13117558333333332,0,0.0464147,0
M08,2026-06-12 12:00:00,0,0.007323516666666666,0,0.00031099999999999997,0
M09,2026-06-12 12:00:00,0,0.07026446666666668,0,0.010368875,0
M10,2026-06-12 12:00:00,0,0.5952035833333335,1,0.5842997875000001,1
M11,2026-06-12 12:00:00,0,0.08404696666666668,0,0.010415675,0
M12,2026-06-12 12:00:00,0,0.10874593333333332,0,0.058852800000000004,0
M13,2026-06-12 12:00:00,1,0.8914286166666668,1,0.857570025,1
M14,2026-06-12 12:00:00,0,0.06470626666666665,0,0.0492108875,0
M15,2026-06-12 12:00:00,1,0.6208910833333335,1,0.3012108374999999,0
M16,2026-06-12 12:00:00,0,0.040559233333333326,0,0.023857537499999994,0
M17,2026-06-12 12:00:00,0,0.004570716666666667,0,0.000609275,0
M18,2026-06-12 12:00:00,1,0.9700336166666667,1,0.8751260499999999,1
M19,2026-06-12 12:00:00,0,0.07383524999999999,0,0.1403550875,0
M20,2026-06-12 12:00:00,0,0.06867168333333334,0,0.0176989375,0
M21,2026-06-12 12:00:00,0,0.04196183333333334,0,0.00444635,0
M22,2026-06-12 12:00:00,0,0.08139521666666669,0,0.022333875,0
M23,2026-06-12 12:00:00,1,0.8266484,1,0.8087406000000001,1
M24,2026-06-12 12:00:00,0,0.08624228333333332,0,0.038778725,0
M25,2026-06-12 12:00:00,0,0.6898983333333334,1,0.7881796249999999,1
M01,2026-06-12 13:00:00,0,0.1220432,0,0.034854487499999996,0
M02,2026-06-12 13:00:00,1,0.9010992999999998,1,0.6272491250000001,1
M03,2026-06-12 13:00:00,0,0.03654321666666667,0,0.0022908625,0
M04,2026-06-12 13:00:00,0,0.11199258333333333,0,0.03555415,0
M05,2026-06-12 13:00:00,0,0.10019466666666668,0,0.038771875000000004,0
M06,2026-06-12 13:00:00,0,0.046437483333333335,0,0.07699795,0
M07,2026-06-12 13:00:00,0,0.12976659999999998,0,0.085279275,0
M08,2026-06-12 13:00:00,0,0.08344890000000002,0,0.0008386875,0
M09,2026-06-12 13:00:00,0,0.1807566833333333,0,0.0762505,0
M10,2026-06-12 13:00:00,0,0.5952924500000002,1,0.5800021000000001,1
M11,2026-06-12 13:00:00,0,0.1269674,0,0.025807962500000003,0
M12,2026-06-12 13:00:00,0,0.07771611666666667,0,0.0546021,0
M13,2026-06-12 13:00:00,1,0.8198070333333335,1,0.865056175,1
M14,2026-06-12 13:00:00,0,0.06375536666666665,0,0.0714253625,0
M15,2026-06-12 13:00:00,1,0.6777887333333334,1,0.529405625,1
M16,2026-06-12 13:00:00,0,0.06017451666666666,0,0.0242092625,0
M17,2026-06-12 13:00:00,0,0.005835433333333334,0,0.000749525,0
M18,2026-06-12 13:00:00,1,0.9755817666666665,1,0.9274276875000002,1
M19,2026-06-12 13:00:00,0,0.048489866666666666,0,0.12661696249999999,0
M20,2026-06-12 13:00:00,0,0.09652018333333333,0,0.04492165,0
M21,2026-06-12 13:00:00,0,0.0241106,0,0.0015676875,0
M22,2026-06-12 13:00:00,0,0.08155303333333334,0,0.028030225,0
M23,2026-06-12 13:00:00,1,0.9263057499999999,1,0.7881810625,1
M24,2026-06-12 13:00:00,0,0.044228,0,0.0154083875,0
M25,2026-06-12 13:00:00,0,0.7550011166666665,1,0.6645708625,1
M01,2026-06-12 14:00:00,0,0.042141566666666665,0,0.028045787500000002,0
M02,2026-06-12 14:00:00,1,0.9027946166666666,1,0.6085382125000001,1
M03,2026-06-12 14:00:00,0,0.017754333333333334,0,0.0022908625,0
M04,2026-06-12 14:00:00,0,0.042500216666666674,0,0.031567775,0
M05,2026-06-12 14:00:00,0,0.06185293333333333,0,0.026782175,0
M06,2026-06-12 14:00:00,0,0.17549128333333333,0,0.072768625,0
M07,2026-06-12 14:00:00,0,0.15710874999999996,0,0.1005404375,0
M08,2026-06-12 14:00:00,0,0.05329986666666666,0,0.0034736499999999996,0
M09,2026-06-12 14:00:00,0,0.12577095,0,0.0674904125,0
M10,2026-06-12 14:00:00,0,0.5907899166666666,1,0.588651825,1
M11,2026-06-12 14:00:00,0,0.08404696666666668,0,0.0143700625,0
M12,2026-06-12 14:00:00,0,0.09122119999999999,0,0.0635248375,0
M13,2026-06-12 14:00:00,1,0.7898616166666667,1,0.8501943124999997,1
M14,2026-06-12 14:00:00,0,0.06751738333333333,0,0.0503873625,0
M15,2026-06-12 14:00:00,1,0.6927003833333334,1,0.5452105375,1
M16,2026-06-12 14:00:00,0,0.02900425,0,0.023226312499999995,0
M17,2026-06-12 14:00:00,0,0.004570716666666667,0,0.00020605,0
M18,2026-06-12 14:00:00,1,0.9380644333333332,1,0.8839271500000002,1
M19,2026-06-12 14:00:00,0,0.07383524999999999,0,0.1379720375,0
M20,2026-06-12 14:00:00,0,0.19578735,0,0.0893364125,0
M21,2026-06-12 14:00:00,0,0.05694588333333333,0,0.011628224999999999,0
M22,2026-06-12 14:00:00,0,0.06832966666666666,0,0.028594087499999997,0
M23,2026-06-12 14:00:00,1,0.9303123833333333,1,0.8363183624999998,1
M24,2026-06-12 14:00:00,0,0.03513545,0,0.015778875,0
M25,2026-06-12 14:00:00,0,0.7545172000000002,1,0.5650297750000002,1
M01,2026-06-12 15:00:00,0,0.08917415,0,0.0327793875,0
M02,2026-06-12 15:00:00,1,0.7914364833333336,1,0.5638306125,1
M03,2026-06-12 15:00:00,0,0.12403628333333334,0,0.063120025,0
M04,2026-06-12 15:00:00,0,0.033375133333333334,0,0.0263387875,0
M05,2026-06-12 15:00:00,0,0.05726878333333333,0,0.035820575,0
M06,2026-06-12 15:00:00,0,0.22321088333333336,0,0.088802,0
M07,2026-06-12 15:00:00,0,0.15733556666666665,0,0.0984462625,0
M08,2026-06-12 15:00:00,0,0.004115066666666667,0,0.000603875,0
M09,2026-06-12 15:00:00,0,0.0735485333333333,0,0.0167417375,0
M10,2026-06-12 15:00:00,0,0.6191638,1,0.7730791,1
M11,2026-06-12 15:00:00,0,0.05128881666666667,0,0.017980925,0
M12,2026-06-12 15:00:00,0,0.07688305,0,0.05409320000000001,0
M13,2026-06-12 15:00:00,1,0.9390854833333333,1,0.8734685000000001,1
M14,2026-06-12 15:00:00,0,0.04605269999999998,0,0.036107499999999994,0
M15,2026-06-12 15:00:00,1,0.8313490333333331,1,0.6401858374999999,1
M16,2026-06-12 15:00:00,0,0.053446200000000006,0,0.03539025,0
M17,2026-06-12 15:00:00,0,0.004570716666666667,0,0.00020605,0
M18,2026-06-12 15:00:00,1,0.9838097333333333,1,0.9588068375000001,1
M19,2026-06-12 15:00:00,0,0.06567818333333333,0,0.15633097499999998,0
M20,2026-06-12 15:00:00,0,0.09828651666666666,0,0.0420421,0
M21,2026-06-12 15:00:00,0,0.08189555000000001,0,0.0197275125,0
M22,2026-06-12 15:00:00,0,0.06808618333333334,0,0.029786562500000002,0
M23,2026-06-12 15:00:00,1,0.9658202833333333,1,0.9082984125,1
M24,2026-06-12 15:00:00,0,0.05247023333333333,0,0.011081462499999998,0
M25,2026-06-12 15:00:00,0,0.7481094499999998,1,0.6149140250000003,1
M01,2026-06-12 16:00:00,0,0.12705185,0,0.031155262500000003,0
M02,2026-06-12 16:00:00,1,0.8869840499999998,1,0.6711967124999999,1
M03,2026-06-12 16:00:00,0,0.08562158333333333,0,0.0343056875,0
M04,2026-06-12 16:00:00,0,0.042104566666666655,0,0.0246034125,0
M05,2026-06-12 16:00:00,0,0.05671831666666667,0,0.0182637,0
M06,2026-06-12 16:00:00,0,0.10931104999999998,0,0.052302875000000006,0
M07,2026-06-12 16:00:00,0,0.11876554999999997,0,0.07450713749999999,0
M08,2026-06-12 16:00:00,0,0.004873616666666667,0,0.000603875,0
M09,2026-06-12 16:00:00,0,0.03635596666666666,0,0.019797937500000005,0
M10,2026-06-12 16:00:00,0,0.5828038166666667,1,0.5561896250000002,1
M11,2026-06-12 16:00:00,0,0.05067858333333333,0,0.0097744125,0
M12,2026-06-12 16:00:00,0,0.11422774999999999,0,0.026748025,0
M13,2026-06-12 16:00:00,1,0.9685583500000003,1,0.9333492875000001,1
M14,2026-06-12 16:00:00,0,0.06898476666666666,0,0.04210026249999999,0
M15,2026-06-12 16:00:00,1,0.7098290833333335,1,0.5372734125,1
M16,2026-06-12 16:00:00,0,0.11437208333333332,0,0.04860365,0
M17,2026-06-12 16:00:00,0,0.004570716666666667,0,0.00020605,0
M18,2026-06-12 16:00:00,1,0.9842680166666666,1,0.9682545375,1
M19,2026-06-12 16:00:00,0,0.06774253333333334,0,0.12304437500000001,0
M20,2026-06-12 16:00:00,0,0.11682931666666664,0,0.0433555625,0
M21,2026-06-12 16:00:00,0,0.04846351666666668,0,0.008483662500000001,0
M22,2026-06-12 16:00:00,0,0.10163989999999998,0,0.033045899999999996,0
M23,2026-06-12 16:00:00,1,0.9450434333333333,1,0.8574959,1
M24,2026-06-12 16:00:00,0,0.03194656666666667,0,0.020271224999999997,0
M25,2026-06-12 16:00:00,0,0.7644417166666667,1,0.6117866000000001,1
M01,2026-06-12 17:00:00,0,0.04729848333333334,0,0.0274316,0
M02,2026-06-12 17:00:00,1,0.8852466166666664,1,0.6733984499999999,1
M03,2026-06-12 17:00:00,0,0.10396106666666666,0,0.038648025,0
M04,2026-06-12 17:00:00,0,0.08856495,0,0.021167087499999997,0
M05,2026-06-12 17:00:00,0,0.04392221666666666,0,0.0204608625,0
M06,2026-06-12 17:00:00,0,0.13659498333333334,0,0.0785441875,0
M07,2026-06-12 17:00:00,0,0.1621232333333333,0,0.0789527,0
M08,2026-06-12 17:00:00,0,0.055684300000000006,0,0.01258985,0
M09,2026-06-12 17:00:00,0,0.04731224999999999,0,0.014618762499999998,0
M10,2026-06-12 17:00:00,0,0.6074385499999999,1,0.6304490625000001,1
M11,2026-06-12 17:00:00,0,0.046054333333333336,0,0.0077556249999999995,0
M12,2026-06-12 17:00:00,0,0.0872113,0,0.0253772375,0
M13,2026-06-12 17:00:00,1,0.9375111166666666,1,0.8950401625,1
M14,2026-06-12 17:00:00,0,0.07519429999999998,0,0.053650212499999995,0
M15,2026-06-12 17:00:00,1,0.8852041666666667,1,0.5671411125,1
M16,2026-06-12 17:00:00,0,0.059884566666666667,0,0.047905412499999994,0
M17,2026-06-12 17:00:00,0,0.004570716666666667,0,0.000609275,0
M18,2026-06-12 17:00:00,1,0.9838097333333333,1,0.9512465125000003,1
M19,2026-06-12 17:00:00,0,0.12569906666666666,0,0.1930054625,0
M20,2026-06-12 17:00:00,0,0.12669298333333331,0,0.05268315000000001,0
M21,2026-06-12 17:00:00,0,0.08137180000000002,0,0.016871512499999998,0
M22,2026-06-12 17:00:00,0,0.11346943333333331,0,0.06445110000000001,0
M23,2026-06-12 17:00:00,1,0.96592965,1,0.90989675,1
M24,2026-06-12 17:00:00,0,0.032880966666666664,0,0.016149125000000004,0
M25,2026-06-12 17:00:00,0,0.7528261333333334,1,0.6087379125000002,1
M01,2026-06-12 18:00:00,0,0.11395218333333332,0,0.0403874875,0
M02,2026-06-12 18:00:00,1,0.8701060833333332,1,0.670219175,1
M03,2026-06-12 18:00:00,0,0.02001375,0,0.0022908625,0
M04,2026-06-12 18:00:00,0,0.04711325000000001,0,0.0267148,0
M05,2026-06-12 18:00:00,0,0.032378833333333336,0,0.0113986125,0
M06,2026-06-12 18:00:00,0,0.14385504999999996,0,0.060327175,0
M07,2026-06-12 18:00:00,0,0.13303211666666664,0,0.0690124875,0
M08,2026-06-12 18:00:00,0,0.004873616666666667,0,0.000714225,0
M09,2026-06-12 18:00:00,0,0.044514333333333336,0,0.0174349375,0
M10,2026-06-12 18:00:00,0,0.50665675,1,0.452432775,0
M11,2026-06-12 18:00:00,0,0.05067858333333333,0,0.01618975,0
M12,2026-06-12 18:00:00,0,0.07626966666666667,0,0.0168582125,0
M13,2026-06-12 18:00:00,1,0.9723212333333338,1,0.9547320125000001,1
M14,2026-06-12 18:00:00,0,0.06907563333333333,0,0.05457327500000001,0
M15,2026-06-12 18:00:00,1,0.7023025666666668,1,0.35038775,0
M16,2026-06-12 18:00:00,0,0.04569196666666666,0,0.023873824999999998,0
M17,2026-06-12 18:00:00,0,0.004570716666666667,0,0.00020605,0
M18,2026-06-12 18:00:00,1,0.9841760166666667,1,0.9457580625,1
M19,2026-06-12 18:00:00,0,0.16522660000000006,0,0.257930775,0
M20,2026-06-12 18:00:00,0,0.09634759999999996,0,0.045067262500000004,0
M21,2026-06-12 18:00:00,0,0.0327533,0,0.0026740375000000004,0
M22,2026-06-12 18:00:00,0,0.08029656666666667,0,0.0641802875,0
M23,2026-06-12 18:00:00,1,0.9267156999999998,1,0.8221534374999999,1
M24,2026-06-12 18:00:00,0,0.0445482,0,0.015771375,0
M25,2026-06-12 18:00:00,0,0.7631475000000001,1,0.6564549375000002,1
M01,2026-06-12 19:00:00,0,0.04051736666666666,0,0.021244387499999996,0
M02,2026-06-12 19:00:00,1,0.8681698833333333,1,0.6571421249999999,1
M03,2026-06-12 19:00:00,0,0.0171441,0,0.0022908625,0
M04,2026-06-12 19:00:00,0,0.05422268333333335,0,0.0203953875,0
M05,2026-06-12 19:00:00,0,0.04713446666666667,0,0.0147065125,0
M06,2026-06-12 19:00:00,0,0.08129184999999998,0,0.0236614625,0
M07,2026-06-12 19:00:00,0,0.14722999999999997,0,0.063849025,0
M08,2026-06-12 19:00:00,0,0.010018266666666666,0,0.00031099999999999997,0
M09,2026-06-12 19:00:00,0,0.10001201666666668,0,0.0161595,0
M10,2026-06-12 19:00:00,0,0.6392309,1,0.7576249375000002,1
M11,2026-06-12 19:00:00,0,0.06028663333333333,0,0.0107979625,0
M12,2026-06-12 19:00:00,0,0.047835283333333325,0,0.019625425,0
M13,2026-06-12 19:00:00,1,0.9762754333333337,1,0.9391531750000002,1
M14,2026-06-12 19:00:00,0,0.05603491666666666,0,0.045709524999999994,0
M15,2026-06-12 19:00:00,1,0.8467125666666665,1,0.5301758125,1
M16,2026-06-12 19:00:00,0,0.042975733333333335,0,0.04350296249999999,0
M17,2026-06-12 19:00:00,0,0.004570716666666667,0,0.00020605,0
M18,2026-06-12 19:00:00,1,0.9296065,1,0.8836905375000004,1
M19,2026-06-12 19:00:00,0,0.23305631666666662,0,0.22995115000000005,0
M20,2026-06-12 19:00:00,0,0.09700633333333332,0,0.033364375,0
M21,2026-06-12 19:00:00,0,0.07567159999999999,0,0.0115685,0
M22,2026-06-12 19:00:00,0,0.1691230333333333,0,0.13132943749999998,0
M23,2026-06-12 19:00:00,1,0.9599221333333332,1,0.9151224500000001,1
M24,2026-06-12 19:00:00,0,0.0544038,0,0.019094112500000003,0
M25,2026-06-12 19:00:00,0,0.7078886999999998,1,0.8132601999999999,1
M01,2026-06-12 20:00:00,0,0.05261851666666666,0,0.022678249999999997,0
M02,2026-06-12 20:00:00,1,0.8891951666666665,1,0.64639665,1
M03,2026-06-12 20:00:00,0,0.017754333333333334,0,0.0022908625,0
M04,2026-06-12 20:00:00,0,0.029533866666666662,0,0.008326525000000001,0
M05,2026-06-12 20:00:00,0,0.033400066666666665,0,0.019093825,0
M06,2026-06-12 20:00:00,0,0.14130948333333335,0,0.037510650000000006,0
M07,2026-06-12 20:00:00,0,0.0743053,0,0.088972525,0
M08,2026-06-12 20:00:00,0,0.004115066666666667,0,0.00031099999999999997,0
M09,2026-06-12 20:00:00,0,0.050689183333333325,0,0.014753674999999999,0
M10,2026-06-12 20:00:00,0,0.4483165333333334,0,0.42305753749999997,0
M11,2026-06-12 20:00:00,0,0.03822553333333334,0,0.008303925,0
M12,2026-06-12 20:00:00,0,0.030335100000000004,0,0.0160245875,0
M13,2026-06-12 20:00:00,1,0.9390461333333333,1,0.8657336874999999,1
M14,2026-06-12 20:00:00,0,0.06324691666666665,0,0.05746347500000001,0
M15,2026-06-12 20:00:00,1,0.6944817333333334,1,0.4658973875,0
M16,2026-06-12 20:00:00,0,0.05772453333333334,0,0.044874012500000005,0
M17,2026-06-12 20:00:00,0,0.0,0,0.0,0
M18,2026-06-12 20:00:00,1,0.9841760166666667,1,0.9595421375000001,1
M19,2026-06-12 20:00:00,0,0.2389174,0,0.22134093750000008,0
M20,2026-06-12 20:00:00,0,0.08942791666666666,0,0.0360862875,0
M21,2026-06-12 20:00:00,0,0.11636641666666668,0,0.06169932499999999,0
M22,2026-06-12 20:00:00,0,0.11152654999999999,0,0.0991525,0
M23,2026-06-12 20:00:00,1,0.8313019166666665,1,0.8659557875000001,1
M24,2026-06-12 20:00:00,0,0.0537663,0,0.0213128875,0
M25,2026-06-12 20:00:00,0,0.7644417166666667,1,0.6161983750000001,1
M01,2026-06-12 21:00:00,0,0.04129384999999999,0,0.0254066625,0
M02,2026-06-12 21:00:00,1,0.6199384666666666,1,0.5750669,1
M03,2026-06-12 21:00:00,0,0.06439713333333333,0,0.009982550000000001,0
M04,2026-06-12 21:00:00,0,0.09686418333333334,0,0.0226337,0
M05,2026-06-12 21:00:00,0,0.10331186666666668,0,0.027300150000000002,0
M06,2026-06-12 21:00:00,0,0.05606509999999999,0,0.011502762500000001,0
M07,2026-06-12 21:00:00,0,0.08169960000000001,0,0.07255220000000003,0
M08,2026-06-12 21:00:00,0,0.004873616666666667,0,0.00031099999999999997,0
M09,2026-06-12 21:00:00,0,0.10431676666666667,0,0.0326754625,0
M10,2026-06-12 21:00:00,0,0.4642914166666667,0,0.4061213125,0
M11,2026-06-12 21:00:00,0,0.060467866666666675,0,0.008303925,0
M12,2026-06-12 21:00:00,0,0.09039873333333333,0,0.028303825000000005,0
M13,2026-06-12 21:00:00,1,0.9581965166666666,1,0.9325862250000002,1
M14,2026-06-12 21:00:00,0,0.047862733333333324,0,0.04363233749999999,0
M15,2026-06-12 21:00:00,1,0.8342131,1,0.5592506374999999,1
M16,2026-06-12 21:00:00,0,0.09253798333333332,0,0.07962282500000001,0
M17,2026-06-12 21:00:00,0,0.0,0,0.000403225,0
M18,2026-06-12 21:00:00,1,0.94863415,1,0.9460245749999998,1
M19,2026-06-12 21:00:00,0,0.18476355,0,0.2240293625,0
M20,2026-06-12 21:00:00,0,0.13125916666666665,0,0.04588811250000001,0
M21,2026-06-12 21:00:00,0,0.06025633333333334,0,0.011858175000000002,0
M22,2026-06-12 21:00:00,0,0.09837191666666664,0,0.05540217500000001,0
M23,2026-06-12 21:00:00,1,0.8429929499999999,1,0.8694402875000001,1
M24,2026-06-12 21:00:00,0,0.0544038,0,0.017947499999999998,0
M25,2026-06-12 21:00:00,0,0.7370138,1,0.5772373375000001,1
M01,2026-06-12 22:00:00,0,0.04157298333333335,0,0.028068775,0
M02,2026-06-12 22:00:00,0,0.45443351666666676,0,0.38422788750000003,0
M03,2026-06-12 22:00:00,0,0.03654321666666667,0,0.0022908625,0
M04,2026-06-12 22:00:00,0,0.039198133333333336,0,0.011841099999999999,0
M05,2026-06-12 22:00:00,0,0.03761331666666667,0,0.0094860875,0
M06,2026-06-12 22:00:00,0,0.17454213333333335,0,0.0696601125,0
M07,2026-06-12 22:00:00,0,0.07859561666666667,0,0.0927002625,0
M08,2026-06-12 22:00:00,0,0.004115066666666667,0,0.00031099999999999997,0
M09,2026-06-12 22:00:00,0,0.06569475,0,0.012626037499999998,0
M10,2026-06-12 22:00:00,0,0.4744603500000001,0,0.41790672500000003,0
M11,2026-06-12 22:00:00,0,0.04666456666666667,0,0.0102859875,0
M12,2026-06-12 22:00:00,0,0.050321,0,0.0199737625,0
M13,2026-06-12 22:00:00,1,0.9401983833333334,1,0.9067883875,1
M14,2026-06-12 22:00:00,0,0.09319485,0,0.07164988750000001,0
M15,2026-06-12 22:00:00,1,0.8474544833333333,1,0.5823495749999998,1
M16,2026-06-12 22:00:00,0,0.1260179333333333,0,0.05038296249999998,0
M17,2026-06-12 22:00:00,0,0.004013466666666667,0,0.0,0
M18,2026-06-12 22:00:00,1,0.9889346999999999,1,0.989969825,1
M19,2026-06-12 22:00:00,0,0.27117938333333336,0,0.3468038875,0
M20,2026-06-12 22:00:00,0,0.10269878333333332,0,0.0424662125,0
M21,2026-06-12 22:00:00,0,0.05590301666666667,0,0.008192262500000002,0
M22,2026-06-12 22:00:00,0,0.11152554999999999,0,0.0327483125,0
M23,2026-06-12 22:00:00,1,0.91066705,1,0.8158825124999998,1
M24,2026-06-12 22:00:00,0,0.05159268333333333,0,0.0207519875,0
M25,2026-06-12 22:00:00,0,0.7559102499999999,1,0.8257837499999999,1
M01,2026-06-12 23:00:00,0,0.08241573333333332,0,0.007468662500000001,0
M02,2026-06-12 23:00:00,0,0.17222116666666668,0,0.18345518750000003,0
M03,2026-06-12 23:00:00,0,0.03654321666666667,0,0.0042111625,0
M04,2026-06-12 23:00:00,0,0.09278579999999999,0,0.016383699999999998,0
M05,2026-06-12 23:00:00,0,0.04087043333333333,0,0.011297725,0
M06,2026-06-12 23:00:00,0,0.056433333333333335,0,0.028341237499999998,0
M07,2026-06-12 23:00:00,0,0.09841790000000002,0,0.15943207499999998,0
M08,2026-06-12 23:00:00,0,0.0014203166666666668,0,0.00031099999999999997,0
M09,2026-06-12 23:00:00,0,0.07489425,0,0.009568824999999998,0
M10,2026-06-12 23:00:00,0,0.5109742833333334,1,0.42526424999999995,0
M11,2026-06-12 23:00:00,0,0.04666456666666667,0,0.0102859875,0
M12,2026-06-12 23:00:00,0,0.12295813333333333,0,0.032784999999999995,0
M13,2026-06-12 23:00:00,1,0.9467163666666667,1,0.8659091,1
M14,2026-06-12 23:00:00,0,0.06918616666666666,0,0.06376257500000002,0
M15,2026-06-12 23:00:00,1,0.7931902666666666,1,0.5552657374999999,1
M16,2026-06-12 23:00:00,0,0.05814093333333334,0,0.046642300000000005,0
M17,2026-06-12 23:00:00,0,0.0,0,0.0,0
M18,2026-06-12 23:00:00,1,0.9512134166666665,1,0.9611287125000001,1
M19,2026-06-12 23:00:00,0,0.26227480000000003,0,0.32240160000000007,0
M20,2026-06-12 23:00:00,0,0.12695876666666664,0,0.05534310000000001,0
M21,2026-06-12 23:00:00,0,0.05480131666666667,0,0.008062050000000001,0
M22,2026-06-12 23:00:00,0,0.07902753333333333,0,0.05876432499999999,0
M23,2026-06-12 23:00:00,1,0.9413381666666666,1,0.8416463249999999,1
M24,2026-06-12 23:00:00,0,0.05488125,0,0.0207519875,0
M25,2026-06-12 23:00:00,0,0.7569437999999999,1,0.8443457374999997,1
M01,2026-06-13 00:00:00,0,0.05223668333333334,0,0.0190000125,0
M02,2026-06-13 00:00:00,0,0.2490869,0,0.1783783375,0
M03,2026-06-13 00:00:00,0,0.07557093333333334,0,0.013220199999999998,0
M04,2026-06-13 00:00:00,0,0.03572904999999999,0,0.0116362875,0
M05,2026-06-13 00:00:00,0,0.032989066666666664,0,0.019788275,0
M06,2026-06-13 00:00:00,0,0.059370616666666674,0,0.031206100000000004,0
M07,2026-06-13 00:00:00,0,0.06661905,0,0.07966433750000002,0
M08,2026-06-13 00:00:00,0,0.0072593,0,0.00031099999999999997,0
M09,2026-06-13 00:00:00,0,0.05927099999999999,0,0.009119025,0
M10,2026-06-13 00:00:00,0,0.5215954333333331,1,0.39313083749999994,0
M11,2026-06-13 00:00:00,0,0.046054333333333336,0,0.015411037499999997,0
M12,2026-06-13 00:00:00,0,0.11252685000000001,0,0.0323850125,0
M13,2026-06-13 00:00:00,1,0.9696085333333337,1,0.9391436249999998,1
M14,2026-06-13 00:00:00,0,0.06625779999999998,0,0.0576239125,0
M15,2026-06-13 00:00:00,1,0.7848082166666668,1,0.547848275,1
M16,2026-06-13 00:00:00,0,0.040039616666666666,0,0.040713374999999996,0
M17,2026-06-13 00:00:00,0,0.0,0,0.0,0
M18,2026-06-13 00:00:00,1,0.9426715166666668,1,0.9619814625,1
M19,2026-06-13 00:00:00,0,0.16489591666666664,0,0.17686012499999998,0
M20,2026-06-13 00:00:00,0,0.19762399999999994,0,0.0635473375,0
M21,2026-06-13 00:00:00,0,0.06778903333333333,0,0.0158036625,0
M22,2026-06-13 00:00:00,0,0.07536521666666668,0,0.027052100000000003,0
M23,2026-06-13 00:00:00,1,0.9659883833333333,1,0.9081988624999999,1
M24,2026-06-13 00:00:00,0,0.029994416666666666,0,0.014616275000000001,0
M25,2026-06-13 00:00:00,0,0.7707481833333336,1,0.6515329625000001,1
M01,2026-06-13 01:00:00,0,0.04151355000000001,0,0.0261841875,0
M02,2026-06-13 01:00:00,0,0.04455193333333333,0,0.018227975,0
M03,2026-06-13 01:00:00,0,0.0171441,0,0.0022908625,0
M04,2026-06-13 01:00:00,0,0.06996448333333334,0,0.030373112499999994,0
M05,2026-06-13 01:00:00,0,0.033870833333333336,0,0.0106867125,0
M06,2026-06-13 01:00:00,0,0.08887773333333333,0,0.023464025000000003,0
M07,2026-06-13 01:00:00,0,0.18961765000000003,0,0.15261492499999996,0
M08,2026-06-13 01:00:00,0,0.0014203166666666668,0,0.00031099999999999997,0
M09,2026-06-13 01:00:00,0,0.053202849999999996,0,0.0249278125,0
M10,2026-06-13 01:00:00,0,0.5267888666666667,1,0.5235854874999998,1
M11,2026-06-13 01:00:00,0,0.08465720000000002,0,0.020028125,0
M12,2026-06-13 01:00:00,0,0.07548803333333334,0,0.0249167,0
M13,2026-06-13 01:00:00,1,0.9746405000000001,1,0.9252361625000001,1
M14,2026-06-13 01:00:00,0,0.09937344999999999,0,0.06251327500000001,0
M15,2026-06-13 01:00:00,1,0.85150415,1,0.6237859374999999,1
M16,2026-06-13 01:00:00,0,0.025691799999999997,0,0.046606475,0
M17,2026-06-13 01:00:00,0,0.027179366666666663,0,0.0,0
M18,2026-06-13 01:00:00,1,0.9444716,1,0.9324942999999999,1
M19,2026-06-13 01:00:00,0,0.22805656666666665,0,0.212202475,0
M20,2026-06-13 01:00:00,0,0.2555526,0,0.0447076,0
M21,2026-06-13 01:00:00,0,0.08868559999999999,0,0.031258324999999997,0
M22,2026-06-13 01:00:00,0,0.07785158333333334,0,0.062788025,0
M23,2026-06-13 01:00:00,1,0.9121528166666667,1,0.7821285500000001,1
M24,2026-06-13 01:00:00,0,0.02909065,0,0.0118988875,0
M25,2026-06-13 01:00:00,0,0.7486703333333335,1,0.6153226625000002,1
M01,2026-06-13 02:00:00,0,0.06502163333333334,0,0.026675499999999998,0
M02,2026-06-13 02:00:00,0,0.11647226666666666,0,0.0165855875,0
M03,2026-06-13 02:00:00,0,0.026928000000000004,0,0.0023031625,0
M04,2026-06-13 02:00:00,0,0.07098551666666666,0,0.034324850000000004,0
M05,2026-06-13 02:00:00,0,0.03700308333333333,0,0.0179971,0
M06,2026-06-13 02:00:00,0,0.1521902,0,0.034583312500000005,0
M07,2026-06-13 02:00:00,0,0.22098728333333337,0,0.1374106125,0
M08,2026-06-13 02:00:00,0,0.00248795,0,0.00031099999999999997,0
M09,2026-06-13 02:00:00,0,0.05269029999999999,0,0.010237137499999998,0
M10,2026-06-13 02:00:00,0,0.53673235,1,0.5468232124999999,1
M11,2026-06-13 02:00:00,0,0.08465720000000002,0,0.0227728375,0
M12,2026-06-13 02:00:00,0,0.03632994999999999,0,0.018822687499999997,0
M13,2026-06-13 02:00:00,1,0.9435841833333335,1,0.90769185,1
M14,2026-06-13 02:00:00,0,0.08614331666666666,0,0.06708096250000001,0
M15,2026-06-13 02:00:00,1,0.8919602500000001,1,0.615940825,1
M16,2026-06-13 02:00:00,0,0.033132499999999995,0,0.031159774999999994,0
M17,2026-06-13 02:00:00,0,0.0,0,0.000403225,0
M18,2026-06-13 02:00:00,1,0.9389414666666666,1,0.8945438500000004,1
M19,2026-06-13 02:00:00,0,0.19131546666666663,0,0.22436208750000003,0
M20,2026-06-13 02:00:00,0,0.06455526666666668,0,0.018741225,0
M21,2026-06-13 02:00:00,0,0.07558746666666667,0,0.015129,0
M22,2026-06-13 02:00:00,0,0.06413751666666666,0,0.0194405625,0
M23,2026-06-13 02:00:00,1,0.9628578166666667,1,0.8712274499999999,1
M24,2026-06-13 02:00:00,0,0.04473555,0,0.011945099999999998,0
M25,2026-06-13 02:00:00,0,0.7744677000000003,1,0.6696235125000001,1
M01,2026-06-13 03:00:00,0,0.037574449999999995,0,0.025127199999999995,0
M02,2026-06-13 03:00:00,0,0.028072683333333334,0,0.0070041375,0
M03,2026-06-13 03:00:00,0,0.031654749999999995,0,0.006469825,0
M04,2026-06-13 03:00:00,0,0.07711748333333332,0,0.0409363625,0
M05,2026-06-13 03:00:00,0,0.03700308333333333,0,0.019848949999999997,0
M06,2026-06-13 03:00:00,0,0.05101376666666667,0,0.0212318625,0
M07,2026-06-13 03:00:00,0,0.2202625,0,0.12925566249999995,0
M08,2026-06-13 03:00:00,0,0.00248795,0,0.00031099999999999997,0
M09,2026-06-13 03:00:00,0,0.0637528,0,0.0082132875,0
M10,2026-06-13 03:00:00,0,0.5285146500000001,1,0.4968313999999999,0
M11,2026-06-13 03:00:00,0,0.06034226666666667,0,0.016886275,0
M12,2026-06-13 03:00:00,0,0.052987116666666674,0,0.028492175,0
M13,2026-06-13 03:00:00,1,0.9763901833333334,1,0.9255027625000001,1
M14,2026-06-13 03:00:00,0,0.060705999999999996,0,0.057451637500000007,0
M15,2026-06-13 03:00:00,1,0.946958933333333,1,0.8356814124999999,1
M16,2026-06-13 03:00:00,0,0.030928699999999996,0,0.0291136375,0
M17,2026-06-13 03:00:00,0,0.0,0,0.0,0
M18,2026-06-13 03:00:00,0,0.79961965,1,0.6236821499999999,1
M19,2026-06-13 03:00:00,0,0.2707372666666667,0,0.29488580000000003,0
M20,2026-06-13 03:00:00,0,0.07400361666666666,0,0.020362987500000002,0
M21,2026-06-13 03:00:00,0,0.2403214333333333,0,0.0979518375,0
M22,2026-06-13 03:00:00,0,0.07431178333333335,0,0.0328289125,0
M23,2026-06-13 03:00:00,1,0.8388049666666666,1,0.8203107874999999,1
M24,2026-06-13 03:00:00,0,0.061678783333333334,0,0.0020539750000000004,0
M25,2026-06-13 03:00:00,0,0.7066345666666666,1,0.8262349500000001,1
M01,2026-06-13 04:00:00,0,0.03730476666666666,0,0.0180767125,0
M02,2026-06-13 04:00:00,0,0.05106365,0,0.013775975000000001,0
M03,2026-06-13 04:00:00,0,0.1641610666666667,0,0.10349677500000003,0
M04,2026-06-13 04:00:00,0,0.057071683333333324,0,0.011514937499999999,0
M05,2026-06-13 04:00:00,0,0.04061113333333333,0,0.012084975,0
M06,2026-06-13 04:00:00,0,0.11977761666666666,0,0.024006499999999997,0
M07,2026-06-13 04:00:00,0,0.2664815666666666,0,0.14256023750000002,0
M08,2026-06-13 04:00:00,0,0.0065649666666666665,0,0.00031099999999999997,0
M09,2026-06-13 04:00:00,0,0.05643689999999999,0,0.014574199999999999,0
M10,2026-06-13 04:00:00,0,0.45113413333333335,0,0.47913554999999997,0
M11,2026-06-13 04:00:00,0,0.048864649999999996,0,0.012954037499999998,0
M12,2026-06-13 04:00:00,0,0.04666936666666666,0,0.031379625,0
M13,2026-06-13 04:00:00,1,0.9595627333333334,1,0.9260244,1
M14,2026-06-13 04:00:00,0,0.05565549999999999,0,0.04976569999999999,0
M15,2026-06-13 04:00:00,1,0.9062226833333331,1,0.7701582375,1
M16,2026-06-13 04:00:00,0,0.04222023333333334,0,0.06064328750000001,0
M17,2026-06-13 04:00:00,0,0.0,0,0.000403225,0
M18,2026-06-13 04:00:00,0,0.19600006666666667,0,0.27201571249999995,0
M19,2026-06-13 04:00:00,0,0.32155455,0,0.3253927625,0
M20,2026-06-13 04:00:00,0,0.07817669999999999,0,0.0192440625,0
M21,2026-06-13 04:00:00,0,0.06986151666666668,0,0.015129,0
M22,2026-06-13 04:00:00,0,0.06635523333333333,0,0.0236626,0
M23,2026-06-13 04:00:00,1,0.9220417499999999,1,0.7384697874999999,1
M24,2026-06-13 04:00:00,0,0.07161023333333334,0,0.0026242,0
M25,2026-06-13 04:00:00,0,0.7553863500000002,1,0.6197549125000001,1
M01,2026-06-13 05:00:00,0,0.02698081666666666,0,0.0204219,0
M02,2026-06-13 05:00:00,0,0.2451712000000001,0,0.076159,0
M03,2026-06-13 05:00:00,0,0.14566254999999997,0,0.055585249999999996,0
M04,2026-06-13 05:00:00,0,0.029181866666666664,0,0.017941025,0
M05,2026-06-13 05:00:00,0,0.09568335000000001,0,0.026408825000000004,0
M06,2026-06-13 05:00:00,0,0.08568365,0,0.018433925,0
M07,2026-06-13 05:00:00,0,0.2222572333333334,0,0.1377550125,0
M08,2026-06-13 05:00:00,0,0.004957466666666666,0,0.00031099999999999997,0
M09,2026-06-13 05:00:00,0,0.06403648333333334,0,0.004697375,0
M10,2026-06-13 05:00:00,0,0.5185757166666667,1,0.5462236250000001,1
M11,2026-06-13 05:00:00,0,0.1571838,0,0.049219175,0
M12,2026-06-13 05:00:00,0,0.052884049999999995,0,0.044245637500000004,0
M13,2026-06-13 05:00:00,1,0.8916518166666667,1,0.862405875,1
M14,2026-06-13 05:00:00,0,0.059572983333333315,0,0.050404000000000004,0
M15,2026-06-13 05:00:00,1,0.8174490000000001,1,0.6128643875000002,1
M16,2026-06-13 05:00:00,0,0.0522129,0,0.0529587625,0
M17,2026-06-13 05:00:00,0,0.032489300000000006,0,0.0,0
M18,2026-06-13 05:00:00,0,0.2571999333333333,0,0.2844489874999999,0
M19,2026-06-13 05:00:00,0,0.22228144999999996,0,0.25793466249999997,0
M20,2026-06-13 05:00:00,0,0.08004563333333332,0,0.0197962625,0
M21,2026-06-13 05:00:00,0,0.10566111666666664,0,0.06331708750000001,0
M22,2026-06-13 05:00:00,0,0.24977325,0,0.1019118,0
M23,2026-06-13 05:00:00,1,0.932830166666667,1,0.7340618250000001,1
M24,2026-06-13 05:00:00,0,0.0747934,0,0.009837424999999997,0
M25,2026-06-13 05:00:00,0,0.6871999166666666,1,0.8171143875000002,1
M01,2026-06-13 06:00:00,0,0.03816328333333333,0,0.0235454625,0
M02,2026-06-13 06:00:00,0,0.22477920000000007,0,0.057322149999999995,0
M03,2026-06-13 06:00:00,0,0.10814303333333332,0,0.050626899999999996,0
M04,2026-06-13 06:00:00,0,0.04224678333333333,0,0.017662975,0
M05,2026-06-13 06:00:00,0,0.09568335000000001,0,0.023664112499999997,0
M06,2026-06-13 06:00:00,0,0.06796208333333333,0,0.03512591250000001,0
M07,2026-06-13 06:00:00,0,0.2808475166666666,0,0.13297395000000004,0
M08,2026-06-13 06:00:00,0,0.005098849999999999,0,0.00031099999999999997,0
M09,2026-06-13 06:00:00,0,0.07610574999999999,0,0.028661249999999992,0
M10,2026-06-13 06:00:00,0,0.6143240666666667,1,0.5547177875000001,1
M11,2026-06-13 06:00:00,0,0.09139775000000001,0,0.024194787500000002,0
M12,2026-06-13 06:00:00,0,0.1299413,0,0.035117262499999996,0
M13,2026-06-13 06:00:00,1,0.8341185833333334,1,0.5801953250000002,1
M14,2026-06-13 06:00:00,0,0.06980258333333333,0,0.0630671125,0
M15,2026-06-13 06:00:00,1,0.9001792999999999,1,0.6111102874999998,1
M16,2026-06-13 06:00:00,0,0.0409634,0,0.0458238875,0
M17,2026-06-13 06:00:00,0,0.0176743,0,0.00020605,0
M18,2026-06-13 06:00:00,0,0.15747150000000004,0,0.110393725,0
M19,2026-06-13 06:00:00,0,0.36658898333333334,0,0.36122662500000013,0
M20,2026-06-13 06:00:00,0,0.09375166666666666,0,0.0231035625,0
M21,2026-06-13 06:00:00,0,0.13654156666666667,0,0.08854420000000002,0
M22,2026-06-13 06:00:00,0,0.07979359999999998,0,0.050523562499999994,0
M23,2026-06-13 06:00:00,1,0.9481664333333332,1,0.8102131124999999,1
M24,2026-06-13 06:00:00,0,0.1021694,0,0.0123084625,0
M25,2026-06-13 06:00:00,0,0.6454502833333333,1,0.6716429125000001,1
M01,2026-06-13 07:00:00,0,0.03772413333333333,0,0.025288337499999997,0
M02,2026-06-13 07:00:00,0,0.09451208333333334,0,0.055802975,0
M03,2026-06-13 07:00:00,0,0.19756310000000002,0,0.12422523749999999,0
M04,2026-06-13 07:00:00,0,0.07639946666666667,0,0.035892112500000004,0
M05,2026-06-13 07:00:00,0,0.02987201666666666,0,0.0179971,0
M06,2026-06-13 07:00:00,0,0.06150266666666667,0,0.034072837499999994,0
M07,2026-06-13 07:00:00,0,0.17173956666666665,0,0.1047988375,0
M08,2026-06-13 07:00:00,0,0.0043403,0,0.0003572125,0
M09,2026-06-13 07:00:00,0,0.09604665,0,0.021443475000000004,0
M10,2026-06-13 07:00:00,0,0.6340608166666667,1,0.6074074125,1
M11,2026-06-13 07:00:00,0,0.03920096666666668,0,0.0096101375,0
M12,2026-06-13 07:00:00,0,0.10132515,0,0.025377675,0
M13,2026-06-13 07:00:00,0,0.6418320333333334,1,0.4764352499999999,0
M14,2026-06-13 07:00:00,0,0.0638503,0,0.05539721249999998,0
M15,2026-06-13 07:00:00,1,0.7765669666666667,1,0.48094892499999997,0
M16,2026-06-13 07:00:00,0,0.09416925,0,0.08324328750000001,0
M17,2026-06-13 07:00:00,0,0.004570716666666667,0,0.00020605,0
M18,2026-06-13 07:00:00,0,0.10153714999999999,0,0.043069825,0
M19,2026-06-13 07:00:00,0,0.36658898333333334,0,0.38089992500000003,0
M20,2026-06-13 07:00:00,0,0.07776228333333333,0,0.01733655,0
M21,2026-06-13 07:00:00,0,0.17707303333333332,0,0.14275906249999998,0
M22,2026-06-13 07:00:00,0,0.09290253333333331,0,0.022547462499999997,0
M23,2026-06-13 07:00:00,1,0.92765285,1,0.7542417749999999,1
M24,2026-06-13 07:00:00,0,0.08723966666666666,0,0.0157359625,0
M25,2026-06-13 07:00:00,0,0.7408536666666666,1,0.6911256250000001,1
M01,2026-06-13 08:00:00,0,0.05224928333333333,0,0.027742424999999994,0
M02,2026-06-13 08:00:00,0,0.022057366666666668,0,0.0026819500000000002,0
M03,2026-06-13 08:00:00,0,0.13796628333333333,0,0.06886889999999998,0
M04,2026-06-13 08:00:00,0,0.04523215,0,0.02275405,0
M05,2026-06-13 08:00:00,0,0.05780301666666667,0,0.018399975000000002,0
M06,2026-06-13 08:00:00,0,0.06292463333333333,0,0.041696775000000005,0
M07,2026-06-13 08:00:00,0,0.11245014999999998,0,0.10295304999999999,0
M08,2026-06-13 08:00:00,0,0.0043403,0,0.00031099999999999997,0
M09,2026-06-13 08:00:00,0,0.07063403333333333,0,0.019129925,0
M10,2026-06-13 08:00:00,0,0.7228668833333335,1,0.5706317875,1
M11,2026-06-13 08:00:00,0,0.03920096666666668,0,0.0098827625,0
M12,2026-06-13 08:00:00,0,0.05716635,0,0.026470650000000002,0
M13,2026-06-13 08:00:00,0,0.25100865,0,0.29364390000000007,0
M14,2026-06-13 08:00:00,0,0.05362773333333333,0,0.03866375,0
M15,2026-06-13 08:00:00,1,0.74143435,1,0.4576017875000001,0
M16,2026-06-13 08:00:00,0,0.07639956666666667,0,0.06371572500000001,0
M17,2026-06-13 08:00:00,0,0.005835433333333334,0,0.00020605,0
M18,2026-06-13 08:00:00,0,0.030733533333333337,0,0.0046853125,0
M19,2026-06-13 08:00:00,0,0.17872185,0,0.2666777625,0
M20,2026-06-13 08:00:00,0,0.06640528333333334,0,0.0159242375,0
M21,2026-06-13 08:00:00,0,0.10606426666666667,0,0.0883819,0
M22,2026-06-13 08:00:00,0,0.09863828333333331,0,0.040970925000000005,0
M23,2026-06-13 08:00:00,1,0.8043969999999998,1,0.8161028874999999,1
M24,2026-06-13 08:00:00,0,0.07924578333333333,0,0.0092148375,0
M25,2026-06-13 08:00:00,0,0.7587637,1,0.7144293875000002,1
M01,2026-06-13 09:00:00,0,0.06276671666666667,0,0.029992512499999995,0
M02,2026-06-13 09:00:00,0,0.022057366666666668,0,0.0026819500000000002,0
M03,2026-06-13 09:00:00,0,0.12340508333333332,0,0.06858121250000002,0
M04,2026-06-13 09:00:00,0,0.03755906666666667,0,0.0224858,0
M05,2026-06-13 09:00:00,0,0.196545,0,0.05604702499999999,0
M06,2026-06-13 09:00:00,0,0.07412168333333333,0,0.0495027625,0
M07,2026-06-13 09:00:00,0,0.19719983333333332,0,0.16837883750000002,0
M08,2026-06-13 09:00:00,0,0.0043403,0,0.00031099999999999997,0
M09,2026-06-13 09:00:00,0,0.06134293333333333,0,0.0070025125,0
M10,2026-06-13 09:00:00,0,0.6571106666666666,1,0.5284746625000001,1
M11,2026-06-13 09:00:00,0,0.03920096666666668,0,0.0079007,0
M12,2026-06-13 09:00:00,0,0.06420828333333334,0,0.025841575,0
M13,2026-06-13 09:00:00,0,0.17124045000000002,0,0.20192335,0
M14,2026-06-13 09:00:00,0,0.07457743333333332,0,0.05843065000000001,0
M15,2026-06-13 09:00:00,1,0.7277120333333332,1,0.4647827749999999,0
M16,2026-06-13 09:00:00,0,0.06769351666666666,0,0.0733785125,0
M17,2026-06-13 09:00:00,0,0.004570716666666667,0,0.00020605,0
M18,2026-06-13 09:00:00,0,0.006509200000000001,0,0.0046853125,0
M19,2026-06-13 09:00:00,0,0.23534855,0,0.27661052500000005,0
M20,2026-06-13 09:00:00,0,0.17791386666666664,0,0.0623141,0
M21,2026-06-13 09:00:00,0,0.10993335000000001,0,0.06286391250000001,0
M22,2026-06-13 09:00:00,0,0.09847193333333332,0,0.043076199999999995,0
M23,2026-06-13 09:00:00,1,0.95932735,1,0.8915399625000001,1
M24,2026-06-13 09:00:00,0,0.08161104999999999,0,0.0050965875,0
M25,2026-06-13 09:00:00,0,0.7701607500000001,1,0.7162488000000001,1
M01,2026-06-13 10:00:00,0,0.04841853333333333,0,0.038661274999999995,0
M02,2026-06-13 10:00:00,0,0.18267683333333334,0,0.04322061249999999,0
M03,2026-06-13 10:00:00,0,0.08004049999999999,0,0.025435712499999995,0
M04,2026-06-13 10:00:00,0,0.04010838333333333,0,0.0145552875,0
M05,2026-06-13 10:00:00,0,0.10416570000000001,0,0.04449675,0
M06,2026-06-13 10:00:00,0,0.11082411666666667,0,0.0445988375,0
M07,2026-06-13 10:00:00,0,0.05245986666666667,0,0.10545403749999997,0
M08,2026-06-13 10:00:00,0,0.0043403,0,0.00031099999999999997,0
M09,2026-06-13 10:00:00,0,0.08119473333333334,0,0.0100473875,0
M10,2026-06-13 10:00:00,0,0.5873880833333334,1,0.4704091375,0
M11,2026-06-13 10:00:00,0,0.03920096666666668,0,0.0086730875,0
M12,2026-06-13 10:00:00,0,0.06299791666666667,0,0.018734450000000003,0
M13,2026-06-13 10:00:00,0,0.1543180666666667,0,0.07519020000000001,0
M14,2026-06-13 10:00:00,0,0.17844105,0,0.12149308750000001,0
M15,2026-06-13 10:00:00,1,0.8869913833333334,1,0.6159038874999999,1
M16,2026-06-13 10:00:00,0,0.09547949999999998,0,0.07137858750000002,0
M17,2026-06-13 10:00:00,0,0.004570716666666667,0,0.00020605,0
M18,2026-06-13 10:00:00,0,0.006509200000000001,0,0.0046853125,0
M19,2026-06-13 10:00:00,0,0.21768368333333335,0,0.2692191250000001,0
M20,2026-06-13 10:00:00,0,0.041479233333333344,0,0.0081018625,0
M21,2026-06-13 10:00:00,0,0.12063653333333334,0,0.0728329625,0
M22,2026-06-13 10:00:00,0,0.10322101666666665,0,0.026578674999999996,0
M23,2026-06-13 10:00:00,1,0.9400326333333333,1,0.8636473375,1
M24,2026-06-13 10:00:00,0,0.08216201666666664,0,0.014355112500000003,0
M25,2026-06-13 10:00:00,0,0.76602805,1,0.6863877625000001,1
M01,2026-06-13 11:00:00,0,0.0330153,0,0.0209642875,0
M02,2026-06-13 11:00:00,0,0.16860363333333336,0,0.0874563625,0
M03,2026-06-13 11:00:00,0,0.09261273333333332,0,0.036894474999999996,0
M04,2026-06-13 11:00:00,0,0.040665516666666665,0,0.0175842,0
M05,2026-06-13 11:00:00,0,0.03535113333333333,0,0.0093090875,0
M06,2026-06-13 11:00:00,0,0.06641705,0,0.0481727875,0
M07,2026-06-13 11:00:00,0,0.12892309999999998,0,0.14290990000000003,0
M08,2026-06-13 11:00:00,0,0.00164555,0,0.00031099999999999997,0
M09,2026-06-13 11:00:00,0,0.08867179999999998,0,0.017076562500000003,0
M10,2026-06-13 11:00:00,0,0.4130348666666666,0,0.36324268749999994,0
M11,2026-06-13 11:00:00,0,0.18350509999999998,0,0.040979812500000004,0
M12,2026-06-13 11:00:00,0,0.035631449999999995,0,0.0142900625,0
M13,2026-06-13 11:00:00,0,0.054438583333333325,0,0.026661162500000002,0
M14,2026-06-13 11:00:00,0,0.058306533333333334,0,0.056441275,0
M15,2026-06-13 11:00:00,1,0.8541610166666666,1,0.5952262625,1
M16,2026-06-13 11:00:00,0,0.08926208333333333,0,0.05749195,0
M17,2026-06-13 11:00:00,0,0.004570716666666667,0,0.000609275,0
M18,2026-06-13 11:00:00,0,0.013985216666666666,0,0.0074195625,0
M19,2026-06-13 11:00:00,0,0.20195890000000002,0,0.2014403125,0
M20,2026-06-13 11:00:00,0,0.08884143333333333,0,0.018594275,0
M21,2026-06-13 11:00:00,0,0.20002438333333333,0,0.15822931249999997,0
M22,2026-06-13 11:00:00,0,0.10939816666666664,0,0.07496181249999999,0
M23,2026-06-13 11:00:00,1,0.7914648666666666,1,0.8212015874999998,1
M24,2026-06-13 11:00:00,0,0.09039586666666666,0,0.018569875,0
M25,2026-06-13 11:00:00,0,0.6355894333333333,1,0.7212224875000001,1
M01,2026-06-13 12:00:00,0,0.04759409999999999,0,0.02895523749999999,0
M02,2026-06-13 12:00:00,0,0.04145648333333333,0,0.00397505,0
M03,2026-06-13 12:00:00,0,0.16257173333333333,0,0.05678970000000001,0
M04,2026-06-13 12:00:00,0,0.046968833333333335,0,0.022285975,0
M05,2026-06-13 12:00:00,0,0.033870833333333336,0,0.0077614125,0
M06,2026-06-13 12:00:00,0,0.07812994999999999,0,0.049754950000000006,0
M07,2026-06-13 12:00:00,0,0.11768408333333334,0,0.13459285,0
M08,2026-06-13 12:00:00,0,0.0043403,0,0.00031099999999999997,0
M09,2026-06-13 12:00:00,0,0.08275298333333334,0,0.0100827625,0
M10,2026-06-13 12:00:00,0,0.43718843333333335,0,0.3906868999999999,0
M11,2026-06-13 12:00:00,0,0.09169016666666667,0,0.010099025000000001,0
M12,2026-06-13 12:00:00,0,0.03486728333333333,0,0.02014275,0
M13,2026-06-13 12:00:00,0,0.17003431666666663,0,0.0647957125,0
M14,2026-06-13 12:00:00,0,0.17155658333333332,0,0.1053669625,0
M15,2026-06-13 12:00:00,1,0.7837581666666666,1,0.5549818625000004,1
M16,2026-06-13 12:00:00,0,0.06683503333333334,0,0.061178050000000005,0
M17,2026-06-13 12:00:00,0,0.009118116666666667,0,0.00020605,0
M18,2026-06-13 12:00:00,0,0.006509200000000001,0,0.0046853125,0
M19,2026-06-13 12:00:00,0,0.1986146833333333,0,0.1992382,0
M20,2026-06-13 12:00:00,0,0.04779721666666668,0,0.0134887125,0
M21,2026-06-13 12:00:00,0,0.13855735,0,0.0987168625,0
M22,2026-06-13 12:00:00,0,0.11246749999999997,0,0.06690579999999999,0
M23,2026-06-13 12:00:00,1,0.9676628166666668,1,0.94354735,1
M24,2026-06-13 12:00:00,0,0.05446505,0,0.012421887500000001,0
M25,2026-06-13 12:00:00,0,0.7351739833333332,1,0.8586330875000001,1
M01,2026-06-13 13:00:00,0,0.13133514999999998,0,0.0343445375,0
M02,2026-06-13 13:00:00,0,0.029867249999999998,0,0.00397505,0
M03,2026-06-13 13:00:00,0,0.04105176666666666,0,0.013292599999999998,0
M04,2026-06-13 13:00:00,0,0.08649446666666667,0,0.03508405,0
M05,2026-06-13 13:00:00,0,0.10318456666666667,0,0.0466979875,0
M06,2026-06-13 13:00:00,0,0.09696646666666667,0,0.0691857625,0
M07,2026-06-13 13:00:00,0,0.25050844999999994,0,0.1535081375,0
M08,2026-06-13 13:00:00,0,0.0447568,0,0.0066609500000000006,0
M09,2026-06-13 13:00:00,0,0.08236596666666667,0,0.008943625,0
M10,2026-06-13 13:00:00,0,0.48469719999999994,0,0.45945957500000006,0
M11,2026-06-13 13:00:00,0,0.07423993333333331,0,0.012112487500000001,0
M12,2026-06-13 13:00:00,0,0.046337316666666656,0,0.025200562500000002,0
M13,2026-06-13 13:00:00,0,0.017006033333333333,0,0.0046853125,0
M14,2026-06-13 13:00:00,0,0.07190041666666665,0,0.06485855000000001,0
M15,2026-06-13 13:00:00,1,0.8438616833333332,1,0.8966530875000002,1
M16,2026-06-13 13:00:00,0,0.09402966666666668,0,0.0794822875,0
M17,2026-06-13 13:00:00,0,0.004570716666666667,0,0.00020605,0
M18,2026-06-13 13:00:00,0,0.014319083333333335,0,0.0046853125,0
M19,2026-06-13 13:00:00,0,0.12797223333333332,0,0.1315476,0
M20,2026-06-13 13:00:00,0,0.053696566666666674,0,0.012442662500000002,0
M21,2026-06-13 13:00:00,0,0.1903555333333333,0,0.13050266249999998,0
M22,2026-06-13 13:00:00,0,0.10033226666666666,0,0.0416483375,0
M23,2026-06-13 13:00:00,1,0.9287954833333333,1,0.8743722250000001,1
M24,2026-06-13 13:00:00,0,0.07061286666666668,0,0.0162492375,0
M25,2026-06-13 13:00:00,0,0.6867874833333333,1,0.8485852125000001,1
M01,2026-06-13 14:00:00,0,0.05188776666666668,0,0.0448043625,0
M02,2026-06-13 14:00:00,0,0.025093416666666667,0,0.00397505,0
M03,2026-06-13 14:00:00,0,0.03701885,0,0.010436075,0
M04,2026-06-13 14:00:00,0,0.01180385,0,0.03583945000000001,0
M05,2026-06-13 14:00:00,0,0.03802431666666666,0,0.007314625,0
M06,2026-06-13 14:00:00,0,0.13523683333333333,0,0.029125500000000006,0
M07,2026-06-13 14:00:00,0,0.3394758666666666,0,0.19967961250000002,0
M08,2026-06-13 14:00:00,0,0.010018266666666666,0,0.00031099999999999997,0
M09,2026-06-13 14:00:00,0,0.07610618333333333,0,0.017989075,0
M10,2026-06-13 14:00:00,0,0.6045226666666667,1,0.5345547874999999,1
M11,2026-06-13 14:00:00,0,0.06502849999999999,0,0.012511699999999997,0
M12,2026-06-13 14:00:00,0,0.0333404,0,0.026845362499999997,0
M13,2026-06-13 14:00:00,0,0.054404650000000006,0,0.006605612500000001,0
M14,2026-06-13 14:00:00,0,0.06015348333333332,0,0.051963424999999994,0
M15,2026-06-13 14:00:00,1,0.9574772999999998,1,0.9104900375000001,1
M16,2026-06-13 14:00:00,0,0.030627566666666665,0,0.051085475000000005,0
M17,2026-06-13 14:00:00,0,0.01449531666666667,0,0.000857375,0
M18,2026-06-13 14:00:00,0,0.006509200000000001,0,0.0046853125,0
M19,2026-06-13 14:00:00,0,0.14228610000000003,0,0.18027828750000002,0
M20,2026-06-13 14:00:00,0,0.10790658333333333,0,0.030344549999999998,0
M21,2026-06-13 14:00:00,0,0.16916199999999998,0,0.12131373749999999,0
M22,2026-06-13 14:00:00,0,0.03915285,0,0.0179188375,0
M23,2026-06-13 14:00:00,1,0.9071320666666666,1,0.8212124874999998,1
M24,2026-06-13 14:00:00,0,0.06243698333333334,0,0.014938087499999999,0
M25,2026-06-13 14:00:00,0,0.7293705833333333,1,0.8262012125000002,1
M01,2026-06-13 15:00:00,0,0.040072199999999995,0,0.024481737499999996,0
M02,2026-06-13 15:00:00,0,0.022667600000000003,0,0.00397505,0
M03,2026-06-13 15:00:00,0,0.04340835,0,0.01010745,0
M04,2026-06-13 15:00:00,0,0.08194446666666667,0,0.0460436375,0
M05,2026-06-13 15:00:00,0,0.033400066666666665,0,0.007063937500000001,0
M06,2026-06-13 15:00:00,0,0.05266135,0,0.04585702500000001,0
M07,2026-06-13 15:00:00,0,0.2918873666666666,0,0.17911723750000003,0
M08,2026-06-13 15:00:00,0,0.010018266666666666,0,0.00031099999999999997,0
M09,2026-06-13 15:00:00,0,0.047708483333333336,0,0.013053375,0
M10,2026-06-13 15:00:00,0,0.7568227666666669,1,0.6854742874999998,1
M11,2026-06-13 15:00:00,0,0.06208528333333333,0,0.0102150625,0
M12,2026-06-13 15:00:00,0,0.022069066666666668,0,0.023733487499999997,0
M13,2026-06-13 15:00:00,0,0.07099213333333335,0,0.027171762500000002,0
M14,2026-06-13 15:00:00,0,0.07609943333333333,0,0.05845530000000001,0
M15,2026-06-13 15:00:00,1,0.92204445,1,0.7829571624999999,1
M16,2026-06-13 15:00:00,0,0.06828763333333333,0,0.07067716250000002,0
M17,2026-06-13 15:00:00,0,0.004570716666666667,0,0.000609275,0
M18,2026-06-13 15:00:00,0,0.013985216666666666,0,0.0074195625,0
M19,2026-06-13 15:00:00,0,0.2502134666666667,0,0.27861087500000004,0
M20,2026-06-13 15:00:00,0,0.05978395000000001,0,0.0129324625,0
M21,2026-06-13 15:00:00,0,0.2676450833333333,0,0.1704852625,0
M22,2026-06-13 15:00:00,0,0.05082568333333333,0,0.029695449999999995,0
M23,2026-06-13 15:00:00,1,0.8184719333333332,1,0.5787631,1
M24,2026-06-13 15:00:00,0,0.06260455000000001,0,0.0122666375,0
M25,2026-06-13 15:00:00,0,0.7628537000000002,1,0.7431849625000001,1
M01,2026-06-13 16:00:00,0,0.046848716666666665,0,0.024361937499999996,0
M02,2026-06-13 16:00:00,0,0.06982218333333333,0,0.0335257875,0
M03,2026-06-13 16:00:00,0,0.048131966666666665,0,0.009576175000000001,0
M04,2026-06-13 16:00:00,0,0.1115731,0,0.049990725,0
M05,2026-06-13 16:00:00,0,0.044757700000000004,0,0.019832975,0
M06,2026-06-13 16:00:00,0,0.07071413333333333,0,0.012964187499999998,0
M07,2026-06-13 16:00:00,0,0.2949103166666666,0,0.18019190000000002,0
M08,2026-06-13 16:00:00,0,0.00164555,0,0.017450825,0
M09,2026-06-13 16:00:00,0,0.0645062,0,0.0106444875,0
M10,2026-06-13 16:00:00,0,0.7577854666666668,1,0.809562575,1
M11,2026-06-13 16:00:00,0,0.05830276666666667,0,0.022186224999999997,0
M12,2026-06-13 16:00:00,0,0.06520898333333333,0,0.0355778,0
M13,2026-06-13 16:00:00,0,0.035074216666666665,0,0.006855450000000001,0
M14,2026-06-13 16:00:00,0,0.09903773333333334,0,0.06883256250000001,0
M15,2026-06-13 16:00:00,1,0.7894999166666666,1,0.6136035750000002,1
M16,2026-06-13 16:00:00,0,0.04253123333333333,0,0.062492900000000004,0
M17,2026-06-13 16:00:00,0,0.004570716666666667,0,0.00020605,0
M18,2026-06-13 16:00:00,0,0.023430500000000003,0,0.0046853125,0
M19,2026-06-13 16:00:00,0,0.2740996666666667,0,0.30282935000000005,0
M20,2026-06-13 16:00:00,0,0.22532871666666668,0,0.0663038125,0
M21,2026-06-13 16:00:00,0,0.13244589999999998,0,0.0781978875,0
M22,2026-06-13 16:00:00,0,0.04949371666666666,0,0.03505837499999999,0
M23,2026-06-13 16:00:00,0,0.7284514000000001,1,0.44489980000000007,0
M24,2026-06-13 16:00:00,0,0.05854516666666667,0,0.015137812500000004,0
M25,2026-06-13 16:00:00,0,0.6233856999999999,1,0.68669305,1
M01,2026-06-13 17:00:00,0,0.05112996666666667,0,0.03193431249999999,0
M02,2026-06-13 17:00:00,0,0.04432613333333333,0,0.00397505,0
M03,2026-06-13 17:00:00,0,0.06705275000000001,0,0.012580650000000002,0
M04,2026-06-13 17:00:00,0,0.12939928333333334,0,0.0633645125,0
M05,2026-06-13 17:00:00,0,0.10166906666666668,0,0.026181274999999997,0
M06,2026-06-13 17:00:00,0,0.08270208333333334,0,0.018440187500000003,0
M07,2026-06-13 17:00:00,0,0.3783114666666666,0,0.22930156249999997,0
M08,2026-06-13 17:00:00,0,0.005098849999999999,0,0.003260125,0
M09,2026-06-13 17:00:00,0,0.08958716666666668,0,0.0113447875,0
M10,2026-06-13 17:00:00,0,0.7483436500000002,1,0.7538767249999999,1
M11,2026-06-13 17:00:00,0,0.06421253333333334,0,0.014576849999999999,0
M12,2026-06-13 17:00:00,0,0.07152438333333332,0,0.037721675,0
M13,2026-06-13 17:00:00,0,0.024815916666666667,0,0.0060742,0
M14,2026-06-13 17:00:00,0,0.09732111666666664,0,0.0595011625,0
M15,2026-06-13 17:00:00,1,0.8846079000000001,1,0.6007754875,1
M16,2026-06-13 17:00:00,0,0.04836664999999999,0,0.050778275000000005,0
M17,2026-06-13 17:00:00,0,0.004570716666666667,0,0.00020605,0
M18,2026-06-13 17:00:00,0,0.013985216666666666,0,0.0074195625,0
M19,2026-06-13 17:00:00,0,0.19775068333333332,0,0.26828126250000006,0
M20,2026-06-13 17:00:00,0,0.06480326666666668,0,0.0155922625,0
M21,2026-06-13 17:00:00,0,0.1448663,0,0.062168912500000006,0
M22,2026-06-13 17:00:00,0,0.04055051666666666,0,0.034186774999999996,0
M23,2026-06-13 17:00:00,0,0.27658965,0,0.28634997500000003,0
M24,2026-06-13 17:00:00,0,0.05848141666666667,0,0.01584645,0
M25,2026-06-13 17:00:00,0,0.6871999166666666,1,0.8478996999999999,1
M01,2026-06-13 18:00:00,0,0.03070658333333333,0,0.019898975,0
M02,2026-06-13 18:00:00,0,0.0187894,0,0.021509375,0
M03,2026-06-13 18:00:00,0,0.21888425000000003,0,0.053826387499999996,0
M04,2026-06-13 18:00:00,0,0.07796165000000001,0,0.04069071250000001,0
M05,2026-06-13 18:00:00,0,0.033870833333333336,0,0.0059095625,0
M06,2026-06-13 18:00:00,0,0.15451776666666664,0,0.05934622499999999,0
M07,2026-06-13 18:00:00,0,0.4134326499999999,0,0.25038399999999994,0
M08,2026-06-13 18:00:00,0,0.005098849999999999,0,0.00031099999999999997,0
M09,2026-06-13 18:00:00,0,0.06410314999999998,0,0.016126925000000004,0
M10,2026-06-13 18:00:00,0,0.7722425500000002,1,0.8030690500000001,1
M11,2026-06-13 18:00:00,0,0.10046025000000001,0,0.023300362499999998,0
M12,2026-06-13 18:00:00,0,0.12630583333333334,0,0.029563137500000003,0
M13,2026-06-13 18:00:00,0,0.017006033333333333,0,0.0060742,0
M14,2026-06-13 18:00:00,0,0.06726471666666665,0,0.05370818750000002,0
M15,2026-06-13 18:00:00,1,0.84047375,1,0.5852381874999999,1
M16,2026-06-13 18:00:00,0,0.06103068333333333,0,0.061418300000000016,0
M17,2026-06-13 18:00:00,0,0.005835433333333334,0,0.000609275,0
M18,2026-06-13 18:00:00,0,0.006509200000000001,0,0.0046853125,0
M19,2026-06-13 18:00:00,0,0.19022173333333334,0,0.195163675,0
M20,2026-06-13 18:00:00,0,0.08736851666666666,0,0.019416625,0
M21,2026-06-13 18:00:00,0,0.14451861666666665,0,0.09799368750000001,0
M22,2026-06-13 18:00:00,0,0.07967518333333334,0,0.07132088749999999,0
M23,2026-06-13 18:00:00,0,0.21898695000000004,0,0.21281473750000002,0
M24,2026-06-13 18:00:00,0,0.0681728,0,0.016825012500000004,0
M25,2026-06-13 18:00:00,0,0.76405945,1,0.7253149000000001,1
M01,2026-06-13 19:00:00,0,0.08299516666666666,0,0.019264675,0
M02,2026-06-13 19:00:00,0,0.06358944999999999,0,0.10368142500000002,0
M03,2026-06-13 19:00:00,0,0.09870011666666664,0,0.025943562499999996,0
M04,2026-06-13 19:00:00,0,0.080956,0,0.0259253875,0
M05,2026-06-13 19:00:00,0,0.03822301666666667,0,0.0100039375,0
M06,2026-06-13 19:00:00,0,0.07434688333333332,0,0.048589249999999994,0
M07,2026-06-13 19:00:00,0,0.34127631666666663,0,0.14798657499999998,0
M08,2026-06-13 19:00:00,0,0.004115066666666667,0,0.00020605,0
M09,2026-06-13 19:00:00,0,0.09398586666666665,0,0.022198075,0
M10,2026-06-13 19:00:00,0,0.7710861000000001,1,0.8182787625,1
M11,2026-06-13 19:00:00,0,0.07776885,0,0.0072021875,0
M12,2026-06-13 19:00:00,0,0.046988416666666664,0,0.023066575,0
M13,2026-06-13 19:00:00,0,0.024815916666666667,0,0.007994500000000002,0
M14,2026-06-13 19:00:00,0,0.0928636333333333,0,0.0803966875,0
M15,2026-06-13 19:00:00,1,0.6783380666666667,1,0.39610561249999987,0
M16,2026-06-13 19:00:00,0,0.08795278333333333,0,0.061773812500000004,0
M17,2026-06-13 19:00:00,0,0.004570716666666667,0,0.000609275,0
M18,2026-06-13 19:00:00,0,0.006509200000000001,0,0.0046853125,0
M19,2026-06-13 19:00:00,0,0.2373707333333333,0,0.236358075,0
M20,2026-06-13 19:00:00,0,0.06159665,0,0.019035975000000004,0
M21,2026-06-13 19:00:00,0,0.1250809,0,0.08301666249999999,0
M22,2026-06-13 19:00:00,0,0.08150305000000001,0,0.078731925,0
M23,2026-06-13 19:00:00,0,0.21232728333333337,0,0.14023086250000003,0
M24,2026-06-13 19:00:00,0,0.07601451666666667,0,0.0167033,0
M25,2026-06-13 19:00:00,0,0.7304867666666667,1,0.8254210875000002,1
M01,2026-06-13 20:00:00,0,0.03518148333333333,0,0.022735687499999997,0
M02,2026-06-13 20:00:00,0,0.15014996666666666,0,0.14860748750000002,0
M03,2026-06-13 20:00:00,0,0.21513221666666668,0,0.06644876250000001,0
M04,2026-06-13 20:00:00,0,0.055140066666666675,0,0.028556962499999998,0
M05,2026-06-13 20:00:00,0,0.03845498333333334,0,0.0082556,0
M06,2026-06-13 20:00:00,0,0.11324453333333333,0,0.0640187125,0
M07,2026-06-13 20:00:00,0,0.3384885999999999,0,0.16952423749999998,0
M08,2026-06-13 20:00:00,0,0.0014203166666666668,0,0.00020605,0
M09,2026-06-13 20:00:00,0,0.0801038,0,0.029371062499999996,0
M10,2026-06-13 20:00:00,0,0.7551297500000002,1,0.77993005,1
M11,2026-06-13 20:00:00,0,0.08394013333333333,0,0.013113337499999999,0
M12,2026-06-13 20:00:00,0,0.10331818333333335,0,0.0262764375,0
M13,2026-06-13 20:00:00,0,0.039132933333333335,0,0.018538825,0
M14,2026-06-13 20:00:00,0,0.11546043333333333,0,0.07471171250000001,0
M15,2026-06-13 20:00:00,1,0.67535415,1,0.36942646249999994,0
M16,2026-06-13 20:00:00,0,0.04253965,0,0.044146775,0
M17,2026-06-13 20:00:00,0,0.005835433333333334,0,0.00020605,0
M18,2026-06-13 20:00:00,0,0.013985216666666666,0,0.0068760875,0
M19,2026-06-13 20:00:00,0,0.19811949999999998,0,0.24761756250000005,0
M20,2026-06-13 20:00:00,0,0.15777410000000003,0,0.0721715875,0
M21,2026-06-13 20:00:00,0,0.10679106666666666,0,0.08837495,0
M22,2026-06-13 20:00:00,0,0.0841114,0,0.029103912499999995,0
M23,2026-06-13 20:00:00,0,0.10837086666666669,0,0.0430400625,0
M24,2026-06-13 20:00:00,0,0.09425213333333333,0,0.0083065625,0
M25,2026-06-13 20:00:00,0,0.7359014999999999,1,0.8732546625000002,1
M01,2026-06-13 21:00:00,0,0.04102201666666667,0,0.0250760875,0
M02,2026-06-13 21:00:00,0,0.04151161666666667,0,0.01306505,0
M03,2026-06-13 21:00:00,0,0.08441986666666665,0,0.025385450000000004,0
M04,2026-06-13 21:00:00,0,0.06321975,0,0.028914237500000002,0
M05,2026-06-13 21:00:00,0,0.15483156666666664,0,0.0286260125,0
M06,2026-06-13 21:00:00,0,0.07563383333333334,0,0.05776166250000001,0
M07,2026-06-13 21:00:00,0,0.34098715,0,0.3108511625,0
M08,2026-06-13 21:00:00,0,0.0014203166666666668,0,0.00020605,0
M09,2026-06-13 21:00:00,0,0.17824481666666664,0,0.08246051250000001,0
M10,2026-06-13 21:00:00,0,0.7638962500000002,1,0.747172025,1
M11,2026-06-13 21:00:00,0,0.051935216666666666,0,0.007825525,0
M12,2026-06-13 21:00:00,0,0.0504835,0,0.021465924999999997,0
M13,2026-06-13 21:00:00,0,0.039132933333333335,0,0.019927712499999996,0
M14,2026-06-13 21:00:00,0,0.2575157166666667,0,0.1817931125,0
M15,2026-06-13 21:00:00,1,0.7038141166666668,1,0.38910187499999993,0
M16,2026-06-13 21:00:00,0,0.028804183333333334,0,0.042147625,0
M17,2026-06-13 21:00:00,0,0.027460550000000004,0,0.0006690125,0
M18,2026-06-13 21:00:00,0,0.013985216666666666,0,0.0074195625,0
M19,2026-06-13 21:00:00,0,0.20081918333333332,0,0.25114240000000004,0
M20,2026-06-13 21:00:00,0,0.22294568333333334,0,0.073776325,0
M21,2026-06-13 21:00:00,0,0.13672846666666666,0,0.047384325000000005,0
M22,2026-06-13 21:00:00,0,0.051097766666666655,0,0.025830962499999992,0
M23,2026-06-13 21:00:00,0,0.0675266,0,0.0034901125000000007,0
M24,2026-06-13 21:00:00,0,0.062431266666666665,0,0.0230585375,0
M25,2026-06-13 21:00:00,0,0.6220833833333332,1,0.6484962375000002,1
M01,2026-06-13 22:00:00,0,0.08241573333333332,0,0.014620175,0
M02,2026-06-13 22:00:00,0,0.033870833333333336,0,0.008971087499999999,0
M03,2026-06-13 22:00:00,0,0.06329996666666667,0,0.051755125,0
M04,2026-06-13 22:00:00,0,0.04359551666666666,0,0.0186069125,0
M05,2026-06-13 22:00:00,0,0.05096183333333334,0,0.017502412499999998,0
M06,2026-06-13 22:00:00,0,0.18556106666666664,0,0.07532406250000001,0
M07,2026-06-13 22:00:00,0,0.3341103666666666,0,0.2028181,0
M08,2026-06-13 22:00:00,0,0.046174950000000006,0,0.001592675,0
M09,2026-06-13 22:00:00,0,0.05829248333333333,0,0.0260403,0
M10,2026-06-13 22:00:00,0,0.7420277000000002,1,0.6755324749999999,1
M11,2026-06-13 22:00:00,0,0.06573851666666666,0,0.0161748,0
M12,2026-06-13 22:00:00,0,0.06492481666666668,0,0.04132595000000001,0
M13,2026-06-13 22:00:00,0,0.05808048333333333,0,0.03314623750000001,0
M14,2026-06-13 22:00:00,0,0.10575291666666665,0,0.05681951250000002,0
M15,2026-06-13 22:00:00,1,0.7026554166666669,1,0.45424486249999985,0
M16,2026-06-13 22:00:00,0,0.04423518333333333,0,0.06691018750000001,0
M17,2026-06-13 22:00:00,0,0.004570716666666667,0,0.00020605,0
M18,2026-06-13 22:00:00,0,0.006509200000000001,0,0.0046853125,0
M19,2026-06-13 22:00:00,0,0.2131227,0,0.28067527500000006,0
M20,2026-06-13 22:00:00,0,0.04950833333333334,0,0.0165964375,0
M21,2026-06-13 22:00:00,0,0.13369241666666667,0,0.06722392499999999,0
M22,2026-06-13 22:00:00,0,0.17914033333333332,0,0.0590998125,0
M23,2026-06-13 22:00:00,0,0.030195483333333332,0,0.0034373,0
M24,2026-06-13 22:00:00,0,0.08384758333333335,0,0.014645850000000002,0
M25,2026-06-13 22:00:00,0,0.7474564833333334,1,0.6636003375000002,1
M01,2026-06-13 23:00:00,0,0.05399500000000001,0,0.022441074999999998,0
M02,2026-06-13 23:00:00,0,0.06951781666666665,0,0.018157,0
M03,2026-06-13 23:00:00,0,0.0686455,0,0.0382277125,0
M04,2026-06-13 23:00:00,0,0.07783363333333333,0,0.023484875,0
M05,2026-06-13 23:00:00,0,0.20797896666666668,0,0.05883365,0
M06,2026-06-13 23:00:00,0,0.06523570000000001,0,0.041060675000000005,0
M07,2026-06-13 23:00:00,0,0.31723674999999996,0,0.227667025,0
M08,2026-06-13 23:00:00,0,0.009954049999999999,0,0.00020605,0
M09,2026-06-13 23:00:00,0,0.08251511666666665,0,0.016638025,0
M10,2026-06-13 23:00:00,0,0.7417499333333333,1,0.891081625,1
M11,2026-06-13 23:00:00,0,0.04892398333333333,0,0.0058972,0
M12,2026-06-13 23:00:00,0,0.13021341666666666,0,0.0212196125,0
M13,2026-06-13 23:00:00,0,0.035074216666666665,0,0.0046853125,0
M14,2026-06-13 23:00:00,0,0.12887354999999998,0,0.1309877,0
M15,2026-06-13 23:00:00,1,0.8502906166666667,1,0.5406346,1
M16,2026-06-13 23:00:00,0,0.24617300000000003,0,0.12330504999999999,0
M17,2026-06-13 23:00:00,0,0.004570716666666667,0,0.00020605,0
M18,2026-06-13 23:00:00,0,0.013985216666666666,0,0.0068760875,0
M19,2026-06-13 23:00:00,0,0.207573,0,0.23775405000000002,0
M20,2026-06-13 23:00:00,0,0.19823323333333334,0,0.06025532500000001,0
M21,2026-06-13 23:00:00,0,0.12290269999999999,0,0.10846842500000001,0
M22,2026-06-13 23:00:00,0,0.19322408333333335,0,0.060810750000000004,0
M23,2026-06-13 23:00:00,0,0.030195483333333332,0,0.006726775,0
M24,2026-06-13 23:00:00,0,0.07214971666666668,0,0.0083065625,0
M25,2026-06-13 23:00:00,0,0.7895686666666667,1,0.8807269124999998,1
M01,2026-06-14 00:00:00,0,0.03893901666666667,0,0.0241947875,0
M02,2026-06-14 00:00:00,0,0.06623716666666667,0,0.027223474999999997,0
M03,2026-06-14 00:00:00,0,0.20440055,0,0.11824305000000002,0
M04,2026-06-14 00:00:00,0,0.049447750000000006,0,0.037448812500000005,0
M05,2026-06-14 00:00:00,0,0.0731999,0,0.015096975000000002,0
M06,2026-06-14 00:00:00,0,0.17375948333333333,0,0.0753037625,0
M07,2026-06-14 00:00:00,0,0.31186506666666663,0,0.22180967499999998,0
M08,2026-06-14 00:00:00,0,0.0107126,0,0.0037244875000000005,0
M09,2026-06-14 00:00:00,0,0.0778637,0,0.015498887499999999,0
M10,2026-06-14 00:00:00,0,0.7739190166666668,1,0.7499634625,1
M11,2026-06-14 00:00:00,0,0.05507133333333334,0,0.007647650000000001,0
M12,2026-06-14 00:00:00,0,0.048677,0,0.0288247125,0
M13,2026-06-14 00:00:00,0,0.017006033333333333,0,0.0054303500000000005,0
M14,2026-06-14 00:00:00,0,0.2598367166666667,0,0.17232813749999995,0
M15,2026-06-14 00:00:00,1,0.6969109,1,0.4058719374999999,0
M16,2026-06-14 00:00:00,0,0.12812653333333335,0,0.1168711625,0
M17,2026-06-14 00:00:00,0,0.004570716666666667,0,0.000609275,0
M18,2026-06-14 00:00:00,0,0.023430500000000003,0,0.0054303500000000005,0
M19,2026-06-14 00:00:00,0,0.22754516666666666,0,0.2748709625000001,0
M20,2026-06-14 00:00:00,0,0.04064243333333333,0,0.024018862500000005,0
M21,2026-06-14 00:00:00,0,0.12030546666666668,0,0.0856581625,0
M22,2026-06-14 00:00:00,0,0.04917083333333332,0,0.028123337499999995,0
M23,2026-06-14 00:00:00,0,0.032662816666666664,0,0.006726775,0
M24,2026-06-14 00:00:00,0,0.08493006666666665,0,0.011456637499999998,0
M25,2026-06-14 00:00:00,0,0.7070469999999999,1,0.8550486125000001,1
M01,2026-06-14 01:00:00,0,0.048596366666666675,0,0.015910037499999998,0
M02,2026-06-14 01:00:00,0,0.04778428333333333,0,0.028344225,0
M03,2026-06-14 01:00:00,0,0.1527418333333333,0,0.10810307500000002,0
M04,2026-06-14 01:00:00,0,0.03937586666666667,0,0.028103825,0
M05,2026-06-14 01:00:00,0,0.0808898833333333,0,0.031055099999999995,0
M06,2026-06-14 01:00:00,0,0.051790316666666676,0,0.029232750000000002,0
M07,2026-06-14 01:00:00,0,0.32020740000000003,0,0.20119515,0
M08,2026-06-14 01:00:00,0,0.014824150000000001,0,0.00025226249999999996,0
M09,2026-06-14 01:00:00,0,0.06424486666666666,0,0.019180549999999998,0
M10,2026-06-14 01:00:00,0,0.7686614833333335,1,0.8104300999999999,1
M11,2026-06-14 01:00:00,0,0.08982038333333332,0,0.0203669,0
M12,2026-06-14 01:00:00,0,0.03436756666666666,0,0.028399237499999997,0
M13,2026-06-14 01:00:00,0,0.11128315000000001,0,0.04095831250000002,0
M14,2026-06-14 01:00:00,0,0.09739634999999999,0,0.0773353875,0
M15,2026-06-14 01:00:00,1,0.689219,1,0.5271093499999998,1
M16,2026-06-14 01:00:00,0,0.11020014999999998,0,0.10745017499999998,0
M17,2026-06-14 01:00:00,0,0.004570716666666667,0,0.00020605,0
M18,2026-06-14 01:00:00,0,0.006509200000000001,0,0.0054303500000000005,0
M19,2026-06-14 01:00:00,0,0.24503729999999999,0,0.3423937,0
M20,2026-06-14 01:00:00,0,0.046175783333333345,0,0.0165084625,0
M21,2026-06-14 01:00:00,0,0.20993168333333329,0,0.13529696249999995,0
M22,2026-06-14 01:00:00,0,0.059431849999999994,0,0.0132528,0
M23,2026-06-14 01:00:00,0,0.11491291666666667,0,0.032541824999999996,0
M24,2026-06-14 01:00:00,0,0.06535346666666668,0,0.01676085,0
M25,2026-06-14 01:00:00,0,0.7463071666666667,1,0.8198363750000001,1
M01,2026-06-14 02:00:00,0,0.03566601666666667,0,0.015435600000000002,0
M02,2026-06-14 02:00:00,0,0.059877633333333354,0,0.039877512500000004,0
M03,2026-06-14 02:00:00,0,0.05180951666666667,0,0.04854015,0
M04,2026-06-14 02:00:00,0,0.03880056666666666,0,0.0159753375,0
M05,2026-06-14 02:00:00,0,0.15732819999999997,0,0.03171185,0
M06,2026-06-14 02:00:00,0,0.04281115,0,0.03154965,0
M07,2026-06-14 02:00:00,0,0.34270919999999994,0,0.19255437500000003,0
M08,2026-06-14 02:00:00,0,0.02274396666666667,0,0.00025226249999999996,0
M09,2026-06-14 02:00:00,0,0.05834161666666666,0,0.0071649,0
M10,2026-06-14 02:00:00,0,0.7625259666666668,1,0.782610425,1
M11,2026-06-14 02:00:00,0,0.19216341666666667,0,0.0268505625,0
M12,2026-06-14 02:00:00,0,0.039660516666666666,0,0.0380382375,0
M13,2026-06-14 02:00:00,0,0.057918816666666664,0,0.0212704375,0
M14,2026-06-14 02:00:00,0,0.08490888333333332,0,0.06564381249999998,0
M15,2026-06-14 02:00:00,1,0.7818872666666666,1,0.6222950999999999,1
M16,2026-06-14 02:00:00,0,0.016087383333333333,0,0.057794187500000004,0
M17,2026-06-14 02:00:00,0,0.004570716666666667,0,0.00020605,0
M18,2026-06-14 02:00:00,0,0.08566628333333334,0,0.0021825125,0
M19,2026-06-14 02:00:00,0,0.2234394166666666,0,0.2641628750000001,0
M20,2026-06-14 02:00:00,0,0.047896183333333335,0,0.01983065,0
M21,2026-06-14 02:00:00,0,0.13591513333333333,0,0.09633240000000001,0
M22,2026-06-14 02:00:00,0,0.06554563333333333,0,0.0132528,0
M23,2026-06-14 02:00:00,0,0.02732583333333333,0,0.0078122999999999995,0
M24,2026-06-14 02:00:00,0,0.06965326666666669,0,0.011456637499999998,0
M25,2026-06-14 02:00:00,0,0.7366153666666665,1,0.8198466999999999,1
M01,2026-06-14 03:00:00,0,0.03788676666666667,0,0.0244013125,0
M02,2026-06-14 03:00:00,0,0.06261524999999998,0,0.026010775000000003,0
M03,2026-06-14 03:00:00,0,0.07419121666666667,0,0.0436980625,0
M04,2026-06-14 03:00:00,0,0.06759390000000001,0,0.0243748375,0
M05,2026-06-14 03:00:00,0,0.09747773333333336,0,0.0344153625,0
M06,2026-06-14 03:00:00,0,0.05289425,0,0.0460119375,0
M07,2026-06-14 03:00:00,0,0.3197569833333333,0,0.168245325,0
M08,2026-06-14 03:00:00,0,0.018321033333333337,0,0.0006554875,0
M09,2026-06-14 03:00:00,0,0.03737071666666667,0,0.0063904,0
M10,2026-06-14 03:00:00,0,0.7599970833333335,1,0.803656825,1
M11,2026-06-14 03:00:00,0,0.052996916666666664,0,0.0083389625,0
M12,2026-06-14 03:00:00,0,0.12612313333333336,0,0.034763749999999996,0
M13,2026-06-14 03:00:00,0,0.18196009999999999,0,0.05439466250000001,0
M14,2026-06-14 03:00:00,0,0.09309121666666666,0,0.07254089999999999,0
M15,2026-06-14 03:00:00,1,0.9206482833333333,1,0.7294676374999999,1
M16,2026-06-14 03:00:00,0,0.10809241666666664,0,0.0947482125,0
M17,2026-06-14 03:00:00,0,0.004570716666666667,0,0.00020605,0
M18,2026-06-14 03:00:00,0,0.041871200000000004,0,0.0021825125,0
M19,2026-06-14 03:00:00,0,0.24261606666666669,0,0.24201661250000006,0
M20,2026-06-14 03:00:00,0,0.0396421,0,0.013956650000000001,0
M21,2026-06-14 03:00:00,0,0.10187956666666667,0,0.04805410000000001,0
M22,2026-06-14 03:00:00,0,0.049855500000000004,0,0.018891325,0
M23,2026-06-14 03:00:00,0,0.04111831666666666,0,0.0034901125000000007,0
M24,2026-06-14 03:00:00,0,0.08941966666666668,0,0.0164534375,0
M25,2026-06-14 03:00:00,0,0.7151449333333334,1,0.6803239750000001,1
M01,2026-06-14 04:00:00,0,0.04714791666666667,0,0.019952925,0
M02,2026-06-14 04:00:00,0,0.06088086666666666,0,0.032389225,0
M03,2026-06-14 04:00:00,0,0.05296961666666666,0,0.0270435875,0
M04,2026-06-14 04:00:00,0,0.08609819999999999,0,0.033061625,0
M05,2026-06-14 04:00:00,0,0.03802431666666666,0,0.013781125,0
M06,2026-06-14 04:00:00,0,0.057999350000000005,0,0.06201945,0
M07,2026-06-14 04:00:00,0,0.2040313,0,0.12093832499999999,0
M08,2026-06-14 04:00:00,0,0.00248795,0,0.00025226249999999996,0
M09,2026-06-14 04:00:00,0,0.07204709999999999,0,0.011347099999999999,0
M10,2026-06-14 04:00:00,0,0.7386439500000003,1,0.7015207,1
M11,2026-06-14 04:00:00,0,0.06520848333333334,0,0.011582475,0
M12,2026-06-14 04:00:00,0,0.03693503333333333,0,0.028113899999999997,0
M13,2026-06-14 04:00:00,0,0.035074216666666665,0,0.013325124999999998,0
M14,2026-06-14 04:00:00,0,0.07750538333333333,0,0.0683580375,0
M15,2026-06-14 04:00:00,1,0.9057447666666665,1,0.6283913999999998,1
M16,2026-06-14 04:00:00,0,0.04958645,0,0.092161625,0
M17,2026-06-14 04:00:00,0,0.004570716666666667,0,0.00020605,0
M18,2026-06-14 04:00:00,0,0.05195046666666667,0,0.0047881625,0
M19,2026-06-14 04:00:00,0,0.19334411666666665,0,0.19274034999999995,0
M20,2026-06-14 04:00:00,0,0.0603015,0,0.023920775,0
M21,2026-06-14 04:00:00,0,0.10315136666666666,0,0.056501100000000005,0
M22,2026-06-14 04:00:00,0,0.08208361666666665,0,0.035184812499999996,0
M23,2026-06-14 04:00:00,0,0.0691252,0,0.017550699999999995,0
M24,2026-06-14 04:00:00,0,0.055224916666666665,0,0.013678250000000003,0
M25,2026-06-14 04:00:00,0,0.7610672,1,0.707054075,1
M01,2026-06-14 05:00:00,0,0.046875316666666667,0,0.030397974999999994,0
M02,2026-06-14 05:00:00,0,0.09666514999999998,0,0.023441687500000002,0
M03,2026-06-14 05:00:00,0,0.06247886666666666,0,0.0350903625,0
M04,2026-06-14 05:00:00,0,0.06935698333333334,0,0.0235430375,0
M05,2026-06-14 05:00:00,0,0.10595026666666668,0,0.045385749999999996,0
M06,2026-06-14 05:00:00,0,0.05336055,0,0.07734846249999999,0
M07,2026-06-14 05:00:00,0,0.11373756666666665,0,0.12811585,0
M08,2026-06-14 05:00:00,0,0.008165916666666667,0,0.00020605,0
M09,2026-06-14 05:00:00,0,0.059843899999999985,0,0.006236525,0
M10,2026-06-14 05:00:00,0,0.7570297666666669,1,0.7295364375000002,1
M11,2026-06-14 05:00:00,0,0.19624190000000005,0,0.04443915,0
M12,2026-06-14 05:00:00,0,0.035031966666666664,0,0.029196412499999998,0
M13,2026-06-14 05:00:00,0,0.0263565,0,0.017960537500000002,0
M14,2026-06-14 05:00:00,0,0.09309121666666666,0,0.06992185000000002,0
M15,2026-06-14 05:00:00,1,0.9476563,1,0.8416936000000002,1
M16,2026-06-14 05:00:00,0,0.06514896666666667,0,0.1206298625,0
M17,2026-06-14 05:00:00,0,0.004570716666666667,0,0.000609275,0
M18,2026-06-14 05:00:00,0,0.08078118333333334,0,0.013073112499999998,0
M19,2026-06-14 05:00:00,0,0.1556392833333333,0,0.15736477499999998,0
M20,2026-06-14 05:00:00,0,0.05529201666666667,0,0.01942905,0
M21,2026-06-14 05:00:00,0,0.16572194999999998,0,0.09163958749999998,0
M22,2026-06-14 05:00:00,0,0.23067078333333332,0,0.0812845375,0
M23,2026-06-14 05:00:00,0,0.044892749999999995,0,0.0034901125000000007,0
M24,2026-06-14 05:00:00,0,0.07029326666666667,0,0.026862024999999994,0
M25,2026-06-14 05:00:00,0,0.5481403333333332,1,0.77079815,1
M01,2026-06-14 06:00:00,0,0.04840673333333333,0,0.033180999999999995,0
M02,2026-06-14 06:00:00,0,0.06723701666666666,0,0.025182737499999996,0
M03,2026-06-14 06:00:00,0,0.06350009999999999,0,0.034592925000000004,0
M04,2026-06-14 06:00:00,0,0.10993098333333333,0,0.03330165,0
M05,2026-06-14 06:00:00,0,0.10693140000000002,0,0.050848700000000004,0
M06,2026-06-14 06:00:00,0,0.055776200000000005,0,0.0716693,0
M07,2026-06-14 06:00:00,0,0.043922266666666654,0,0.07460891249999999,0
M08,2026-06-14 06:00:00,0,0.031025000000000004,0,0.0069870125000000005,0
M09,2026-06-14 06:00:00,0,0.06765618333333333,0,0.034543475000000004,0
M10,2026-06-14 06:00:00,0,0.7537288500000002,1,0.7024443125000001,1
M11,2026-06-14 06:00:00,0,0.07813606666666667,0,0.0183697,0
M12,2026-06-14 06:00:00,0,0.03483429999999999,0,0.023193087499999997,0
M13,2026-06-14 06:00:00,0,0.018546616666666668,0,0.0207383125,0
M14,2026-06-14 06:00:00,0,0.0953018,0,0.06968577500000002,0
M15,2026-06-14 06:00:00,1,0.9510836999999999,1,0.8610995250000002,1
M16,2026-06-14 06:00:00,0,0.15772229999999998,0,0.17737965000000006,0
M17,2026-06-14 06:00:00,0,0.0052575166666666675,0,0.0,0
M18,2026-06-14 06:00:00,0,0.05195046666666667,0,0.0010407625,0
M19,2026-06-14 06:00:00,0,0.14267243333333335,0,0.1625824125,0
M20,2026-06-14 06:00:00,0,0.0604597,0,0.0225166875,0
M21,2026-06-14 06:00:00,0,0.1681961333333333,0,0.166928125,0
M22,2026-06-14 06:00:00,0,0.09782306666666665,0,0.0401676375,0
M23,2026-06-14 06:00:00,0,0.021310516666666664,0,0.0034901125000000007,0
M24,2026-06-14 06:00:00,0,0.06996933333333334,0,0.01064505,0
M25,2026-06-14 06:00:00,0,0.7058844499999999,1,0.8600389374999999,1
M01,2026-06-14 07:00:00,0,0.034389699999999995,0,0.0287009125,0
M02,2026-06-14 07:00:00,0,0.09564391666666665,0,0.0248760125,0
M03,2026-06-14 07:00:00,0,0.0630891,0,0.0332385125,0
M04,2026-06-14 07:00:00,0,0.06486265000000001,0,0.039446625,0
M05,2026-06-14 07:00:00,0,0.10441325000000003,0,0.023071224999999997,0
M06,2026-06-14 07:00:00,0,0.047348916666666664,0,0.06095507499999999,0
M07,2026-06-14 07:00:00,0,0.03734258333333333,0,0.1162948125,0
M08,2026-06-14 07:00:00,0,0.024670150000000002,0,0.000625,0
M09,2026-06-14 07:00:00,0,0.061521299999999994,0,0.030367275,0
M10,2026-06-14 07:00:00,0,0.7671227500000003,1,0.7549244250000001,1
M11,2026-06-14 07:00:00,0,0.0593295,0,0.0123252,0
M12,2026-06-14 07:00:00,0,0.04284885000000001,0,0.035806099999999993,0
M13,2026-06-14 07:00:00,0,0.04801146666666667,0,0.025933300000000003,0
M14,2026-06-14 07:00:00,0,0.22572116666666667,0,0.16494851249999992,0
M15,2026-06-14 07:00:00,1,0.9477514333333333,1,0.8509848750000002,1
M16,2026-06-14 07:00:00,0,0.0299577,0,0.11507964999999998,0
M17,2026-06-14 07:00:00,0,0.0031504,0,0.000403225,0
M18,2026-06-14 07:00:00,0,0.08078118333333334,0,0.0264650875,0
M19,2026-06-14 07:00:00,0,0.21335121666666665,0,0.18154013749999995,0
M20,2026-06-14 07:00:00,0,0.06520474999999999,0,0.019436725000000002,0
M21,2026-06-14 07:00:00,0,0.09558098333333333,0,0.0825544875,0
M22,2026-06-14 07:00:00,0,0.11981874999999996,0,0.043861950000000004,0
M23,2026-06-14 07:00:00,0,0.07578613333333335,0,0.032541824999999996,0
M24,2026-06-14 07:00:00,0,0.08365960000000001,0,0.02794837499999999,0
M25,2026-06-14 07:00:00,0,0.7695235500000002,1,0.8525489374999999,1
M01,2026-06-14 08:00:00,0,0.0816966,0,0.018529374999999997,0
M02,2026-06-14 08:00:00,0,0.09143008333333331,0,0.0243550875,0
M03,2026-06-14 08:00:00,0,0.056702983333333346,0,0.0346011125,0
M04,2026-06-14 08:00:00,0,0.12836471666666666,0,0.0378660375,0
M05,2026-06-14 08:00:00,0,0.03541901666666667,0,0.026143912499999998,0
M06,2026-06-14 08:00:00,0,0.05498266666666666,0,0.06103624999999999,0
M07,2026-06-14 08:00:00,0,0.09882333333333332,0,0.105107325,0
M08,2026-06-14 08:00:00,0,0.029198366666666666,0,0.004476325000000001,0
M09,2026-06-14 08:00:00,0,0.05960989999999999,0,0.0180158375,0
M10,2026-06-14 08:00:00,0,0.7806637833333335,1,0.7369711750000001,1
M11,2026-06-14 08:00:00,0,0.07813606666666667,0,0.020939400000000004,0
M12,2026-06-14 08:00:00,0,0.059339733333333325,0,0.030338012499999994,0
M13,2026-06-14 08:00:00,0,0.06148430000000001,0,0.0533534875,0
M14,2026-06-14 08:00:00,0,0.09678665000000002,0,0.07187385,0
M15,2026-06-14 08:00:00,1,0.9475910333333332,1,0.8493327,1
M16,2026-06-14 08:00:00,0,0.14950771666666668,0,0.14623110000000003,0
M17,2026-06-14 08:00:00,0,0.0031504,0,0.0,0
M18,2026-06-14 08:00:00,0,0.03242175,0,0.0015430875,0
M19,2026-06-14 08:00:00,0,0.18616533333333332,0,0.18250825,0
M20,2026-06-14 08:00:00,0,0.05280511666666667,0,0.015917162500000002,0
M21,2026-06-14 08:00:00,0,0.09070956666666667,0,0.0487562625,0
M22,2026-06-14 08:00:00,0,0.29573649999999996,0,0.08759566249999999,0
M23,2026-06-14 08:00:00,0,0.09885031666666667,0,0.029465750000000002,0
M24,2026-06-14 08:00:00,0,0.05068701666666667,0,0.027335275,0
M25,2026-06-14 08:00:00,0,0.7783090833333334,1,0.8391154875,1
M01,2026-06-14 09:00:00,0,0.03476328333333333,0,0.024937924999999996,0
M02,2026-06-14 09:00:00,0,0.09625273333333333,0,0.03794573750000001,0
M03,2026-06-14 09:00:00,0,0.1579756333333333,0,0.11650065000000001,0
M04,2026-06-14 09:00:00,0,0.0727258,0,0.046372399999999994,0
M05,2026-06-14 09:00:00,0,0.02529043333333333,0,0.026143912499999998,0
M06,2026-06-14 09:00:00,0,0.06181839999999999,0,0.0538261625,0
M07,2026-06-14 09:00:00,0,0.22031011666666667,0,0.21045012500000002,0
M08,2026-06-14 09:00:00,0,0.04019331666666667,0,0.00125,0
M09,2026-06-14 09:00:00,0,0.0336345,0,0.010803700000000001,0
M10,2026-06-14 09:00:00,0,0.7732182000000002,1,0.772441425,1
M11,2026-06-14 09:00:00,0,0.06372253333333334,0,0.0128706125,0
M12,2026-06-14 09:00:00,0,0.09928528333333334,0,0.023982774999999998,0
M13,2026-06-14 09:00:00,0,0.08195596666666667,0,0.0593060375,0
M14,2026-06-14 09:00:00,0,0.2343565,0,0.17498383749999993,0
M15,2026-06-14 09:00:00,1,0.9261132833333333,1,0.8110111625,1
M16,2026-06-14 09:00:00,0,0.09082515,0,0.102305475,0
M17,2026-06-14 09:00:00,0,0.0031504,0,0.0,0
M18,2026-06-14 09:00:00,0,0.06174548333333333,0,0.00444635,0
M19,2026-06-14 09:00:00,0,0.20762645,0,0.20294348749999996,0
M20,2026-06-14 09:00:00,0,0.07034389999999999,0,0.023722675,0
M21,2026-06-14 09:00:00,0,0.11313654999999999,0,0.0821351,0
M22,2026-06-14 09:00:00,0,0.14284471666666665,0,0.05393099999999999,0
M23,2026-06-14 09:00:00,0,0.050899516666666665,0,0.007196125,0
M24,2026-06-14 09:00:00,0,0.03415911666666667,0,0.0125764625,0
M25,2026-06-14 09:00:00,0,0.7783090833333334,1,0.8391154875,1
M01,2026-06-14 10:00:00,0,0.048504900000000004,0,0.038360675,0
M02,2026-06-14 10:00:00,0,0.2739155833333333,0,0.12510661250000002,0
M03,2026-06-14 10:00:00,0,0.05194838333333333,0,0.0343392125,0
M04,2026-06-14 10:00:00,0,0.07894000000000001,0,0.0346526625,0
M05,2026-06-14 10:00:00,0,0.02529043333333333,0,0.026251800000000002,0
M06,2026-06-14 10:00:00,0,0.06268643333333333,0,0.0683568625,0
M07,2026-06-14 10:00:00,0,0.23511111666666665,0,0.14854006250000001,0
M08,2026-06-14 10:00:00,0,0.04019331666666667,0,0.0020691,0
M09,2026-06-14 10:00:00,0,0.04434448333333332,0,0.015639975,0
M10,2026-06-14 10:00:00,0,0.6166310166666666,1,0.5790147,1
M11,2026-06-14 10:00:00,0,0.07588876666666668,0,0.017625175,0
M12,2026-06-14 10:00:00,0,0.04120666666666666,0,0.0461284,0
M13,2026-06-14 10:00:00,0,0.06322348333333334,0,0.0684458,0
M14,2026-06-14 10:00:00,0,0.09654910000000001,0,0.08783925000000002,0
M15,2026-06-14 10:00:00,1,0.8286481,1,0.6037374624999999,1
M16,2026-06-14 10:00:00,0,0.053878050000000004,0,0.08705350000000002,0
M17,2026-06-14 10:00:00,0,0.0031504,0,0.0,0
M18,2026-06-14 10:00:00,0,0.07595598333333335,0,0.017997350000000002,0
M19,2026-06-14 10:00:00,0,0.23083415000000002,0,0.22215345000000003,0
M20,2026-06-14 10:00:00,0,0.0664315,0,0.0187684625,0
M21,2026-06-14 10:00:00,0,0.19989036666666665,0,0.179381925,0
M22,2026-06-14 10:00:00,0,0.14522466666666664,0,0.06894797500000002,0
M23,2026-06-14 10:00:00,0,0.021310516666666664,0,0.0034901125000000007,0
M24,2026-06-14 10:00:00,0,0.06765588333333333,0,0.028573737499999995,0
M25,2026-06-14 10:00:00,0,0.7783090833333334,1,0.8518179124999998,1
M01,2026-06-14 11:00:00,0,0.03325376666666666,0,0.034787712500000005,0
M02,2026-06-14 11:00:00,0,0.10501993333333332,0,0.040305112500000004,0
M03,2026-06-14 11:00:00,0,0.053050083333333324,0,0.0343392125,0
M04,2026-06-14 11:00:00,0,0.0519746,0,0.027998537499999997,0
M05,2026-06-14 11:00:00,0,0.030836049999999993,0,0.0299281625,0
M06,2026-06-14 11:00:00,0,0.04531933333333334,0,0.04350095,0
M07,2026-06-14 11:00:00,0,0.2835475666666667,0,0.14347298749999998,0
M08,2026-06-14 11:00:00,0,0.029198366666666666,0,0.004570312500000001,0
M09,2026-06-14 11:00:00,0,0.061461116666666656,0,0.0301033,0
M10,2026-06-14 11:00:00,0,0.5894457833333333,1,0.54197655,1
M11,2026-06-14 11:00:00,0,0.07277753333333334,0,0.0334771625,0
M12,2026-06-14 11:00:00,0,0.035135516666666665,0,0.026286187500000002,0
M13,2026-06-14 11:00:00,0,0.09786118333333334,0,0.0357643375,0
M14,2026-06-14 11:00:00,0,0.0716719,0,0.06595078750000002,0
M15,2026-06-14 11:00:00,1,0.9153837333333332,1,0.698990625,1
M16,2026-06-14 11:00:00,0,0.07722013333333333,0,0.06637281250000002,0
M17,2026-06-14 11:00:00,0,0.0031504,0,0.0,0
M18,2026-06-14 11:00:00,0,0.061561116666666665,0,0.0018407,0
M19,2026-06-14 11:00:00,0,0.24971515,0,0.21131358749999998,0
M20,2026-06-14 11:00:00,0,0.07034389999999999,0,0.024862012500000003,0
M21,2026-06-14 11:00:00,0,0.11181865,0,0.07128285,0
M22,2026-06-14 11:00:00,0,0.12474863333333333,0,0.053119700000000006,0
M23,2026-06-14 11:00:00,0,0.021310516666666664,0,0.0034901125000000007,0
M24,2026-06-14 11:00:00,0,0.06996933333333334,0,0.027745624999999996,0
M25,2026-06-14 11:00:00,0,0.7899885500000001,1,0.8785605499999999,1
M01,2026-06-14 12:00:00,0,0.11040479999999998,0,0.046270587499999995,0
M02,2026-06-14 12:00:00,0,0.11485053333333332,0,0.02781535,0
M03,2026-06-14 12:00:00,0,0.05819408333333335,0,0.036869625,0
M04,2026-06-14 12:00:00,0,0.059111533333333334,0,0.0356008625,0
M05,2026-06-14 12:00:00,0,0.030836049999999993,0,0.04058464999999999,0
M06,2026-06-14 12:00:00,0,0.11727185,0,0.061171937499999995,0
M07,2026-06-14 12:00:00,0,0.34158461666666656,0,0.17309495,0
M08,2026-06-14 12:00:00,0,0.029198366666666666,0,0.004973537500000001,0
M09,2026-06-14 12:00:00,0,0.05471174999999999,0,0.032846125,0
M10,2026-06-14 12:00:00,0,0.7187789166666665,1,0.7095441499999999,1
M11,2026-06-14 12:00:00,0,0.2091318833333333,0,0.09496907499999999,0
M12,2026-06-14 12:00:00,0,0.027345916666666668,0,0.036293275,0
M13,2026-06-14 12:00:00,0,0.08354345,0,0.07331499999999999,0
M14,2026-06-14 12:00:00,0,0.07374125000000001,0,0.06545228750000001,0
M15,2026-06-14 12:00:00,1,0.9120107666666667,1,0.6419539375,1
M16,2026-06-14 12:00:00,0,0.06292031666666667,0,0.0568306375,0
M17,2026-06-14 12:00:00,0,0.0031504,0,0.0,0
M18,2026-06-14 12:00:00,0,0.08555945000000001,0,0.005788875,0
M19,2026-06-14 12:00:00,0,0.1810239833333333,0,0.18697115,0
M20,2026-06-14 12:00:00,0,0.06067148333333334,0,0.022307075,0
M21,2026-06-14 12:00:00,0,0.1092145,0,0.06030087500000001,0
M22,2026-06-14 12:00:00,0,0.18369409999999997,0,0.14289332500000002,0
M23,2026-06-14 12:00:00,0,0.03578133333333333,0,0.0034901125000000007,0
M24,2026-06-14 12:00:00,0,0.052527083333333335,0,0.01191895,0
M25,2026-06-14 12:00:00,0,0.7951665833333335,1,0.8848544124999999,1
M01,2026-06-14 13:00:00,0,0.031509699999999995,0,0.0445109125,0
M02,2026-06-14 13:00:00,0,0.32501798333333337,0,0.12357627500000001,0
M03,2026-06-14 13:00:00,0,0.05740448333333334,0,0.034755875000000006,0
M04,2026-06-14 13:00:00,0,0.11223975,0,0.0315639625,0
M05,2026-06-14 13:00:00,0,0.05856406666666668,0,0.020494525000000003,0
M06,2026-06-14 13:00:00,0,0.12840806666666663,0,0.10256333749999999,0
M07,2026-06-14 13:00:00,0,0.3389845166666666,0,0.27350595000000005,0
M08,2026-06-14 13:00:00,0,0.029198366666666666,0,0.0056869375,0
M09,2026-06-14 13:00:00,0,0.128682,0,0.03192565,0
M10,2026-06-14 13:00:00,0,0.7480935666666668,1,0.7437285125,1
M11,2026-06-14 13:00:00,0,0.2114324666666666,0,0.113473525,0
M12,2026-06-14 13:00:00,0,0.02810865,0,0.023734724999999998,0
M13,2026-06-14 13:00:00,0,0.06733851666666667,0,0.047222087499999996,0
M14,2026-06-14 13:00:00,0,0.19811893333333333,0,0.15253377499999995,0
M15,2026-06-14 13:00:00,1,0.8966425,1,0.6002397499999998,1
M16,2026-06-14 13:00:00,0,0.21251750000000003,0,0.1081023375,0
M17,2026-06-14 13:00:00,0,0.0031504,0,0.0,0
M18,2026-06-14 13:00:00,0,0.05739216666666667,0,0.000650225,0
M19,2026-06-14 13:00:00,0,0.2102122,0,0.22019271249999997,0
M20,2026-06-14 13:00:00,0,0.04770488333333334,0,0.0164574625,0
M21,2026-06-14 13:00:00,0,0.20994763333333336,0,0.1314837875,0
M22,2026-06-14 13:00:00,0,0.18799718333333332,0,0.129719325,0
M23,2026-06-14 13:00:00,0,0.021310516666666664,0,0.0131165375,0
M24,2026-06-14 13:00:00,0,0.0723908,0,0.0123993625,0
M25,2026-06-14 13:00:00,0,0.75968745,1,0.7320240500000001,1
M01,2026-06-14 14:00:00,0,0.047146216666666664,0,0.0306983875,0
M02,2026-06-14 14:00:00,0,0.26209204999999997,0,0.10903342500000002,0
M03,2026-06-14 14:00:00,0,0.07468486666666665,0,0.03711035,0
M04,2026-06-14 14:00:00,0,0.052830449999999994,0,0.020549475,0
M05,2026-06-14 14:00:00,0,0.04581518333333333,0,0.00856795,0
M06,2026-06-14 14:00:00,0,0.23173608333333331,0,0.06920962499999998,0
M07,2026-06-14 14:00:00,0,0.3239792666666666,0,0.17480298749999998,0
M08,2026-06-14 14:00:00,0,0.04682418333333332,0,0.0134803875,0
M09,2026-06-14 14:00:00,0,0.014537766666666665,0,0.0015677375,0
M10,2026-06-14 14:00:00,0,0.7550324833333335,1,0.757683375,1
M11,2026-06-14 14:00:00,0,0.07528501666666669,0,0.049903337500000006,0
M12,2026-06-14 14:00:00,0,0.022300449999999996,0,0.046634375000000006,0
M13,2026-06-14 14:00:00,0,0.05226370000000001,0,0.061225299999999996,0
M14,2026-06-14 14:00:00,0,0.06477053333333332,0,0.0792621,0
M15,2026-06-14 14:00:00,1,0.80290095,1,0.5758332125,1
M16,2026-06-14 14:00:00,0,0.18916313333333337,0,0.148068875,0
M17,2026-06-14 14:00:00,0,0.0031504,0,0.0,0
M18,2026-06-14 14:00:00,0,0.05629046666666667,0,0.0079309125,0
M19,2026-06-14 14:00:00,0,0.17009571666666667,0,0.201065475,0
M20,2026-06-14 14:00:00,0,0.04908225,0,0.022783362499999998,0
M21,2026-06-14 14:00:00,0,0.11716374999999998,0,0.0985494625,0
M22,2026-06-14 14:00:00,0,0.21062644999999997,0,0.2193118,0
M23,2026-06-14 14:00:00,0,0.021310516666666664,0,0.0131165375,0
M24,2026-06-14 14:00:00,0,0.08195871666666668,0,0.015194575000000002,0
M25,2026-06-14 14:00:00,0,0.6048890666666665,1,0.8542061000000002,1
M01,2026-06-14 15:00:00,0,0.04727815,0,0.036733749999999996,0
M02,2026-06-14 15:00:00,0,0.13144328333333333,0,0.026824712500000004,0
M03,2026-06-14 15:00:00,0,0.07729923333333333,0,0.0484708125,0
M04,2026-06-14 15:00:00,0,0.0604486,0,0.0026625875,0
M05,2026-06-14 15:00:00,0,0.04630940000000001,0,0.00670115,0
M06,2026-06-14 15:00:00,0,0.16603041666666665,0,0.1069120625,0
M07,2026-06-14 15:00:00,0,0.29626763333333334,0,0.1870745125,0
M08,2026-06-14 15:00:00,0,0.03602715,0,0.0039016500000000004,0
M09,2026-06-14 15:00:00,0,0.018226916666666662,0,0.0014509125000000001,0
M10,2026-06-14 15:00:00,0,0.7550682666666668,1,0.7297413625000001,1
M11,2026-06-14 15:00:00,0,0.0817313,0,0.0323512875,0
M12,2026-06-14 15:00:00,0,0.07567064999999999,0,0.0638348625,0
M13,2026-06-14 15:00:00,0,0.06733851666666667,0,0.047222087499999996,0
M14,2026-06-14 15:00:00,0,0.06365978333333334,0,0.06986246249999999,0
M15,2026-06-14 15:00:00,1,0.7391706833333331,1,0.6328795375000001,1
M16,2026-06-14 15:00:00,0,0.3046381666666667,0,0.16617692499999998,0
M17,2026-06-14 15:00:00,0,0.0031504,0,0.0,0
M18,2026-06-14 15:00:00,0,0.08564946666666667,0,0.0346379625,0
M19,2026-06-14 15:00:00,0,0.1847992333333333,0,0.23317641250000007,0
M20,2026-06-14 15:00:00,0,0.042192650000000005,0,0.015151737500000002,0
M21,2026-06-14 15:00:00,0,0.16240191666666662,0,0.118618475,0
M22,2026-06-14 15:00:00,0,0.1598643,0,0.184243575,0
M23,2026-06-14 15:00:00,0,0.15299253333333335,0,0.1130499,0
M24,2026-06-14 15:00:00,0,0.07561275000000002,0,0.0119777625,0
M25,2026-06-14 15:00:00,0,0.6304000666666666,1,0.7358213875000001,1
M01,2026-06-14 16:00:00,0,0.10687463333333333,0,0.050820699999999996,0
M02,2026-06-14 16:00:00,0,0.11696343333333331,0,0.04657269999999999,0
M03,2026-06-14 16:00:00,0,0.07910931666666667,0,0.0314128625,0
M04,2026-06-14 16:00:00,0,0.06798345,0,0.0026625875,0
M05,2026-06-14 16:00:00,0,0.07661815,0,0.015085187500000003,0
M06,2026-06-14 16:00:00,0,0.16980699999999999,0,0.10146410000000002,0
M07,2026-06-14 16:00:00,0,0.29113126666666667,0,0.15926118749999996,0
M08,2026-06-14 16:00:00,0,0.024670150000000002,0,0.0045961000000000005,0
M09,2026-06-14 16:00:00,0,0.018684016666666668,0,0.004751812499999999,0
M10,2026-06-14 16:00:00,0,0.6446091500000002,1,0.7646783,1
M11,2026-06-14 16:00:00,0,0.055719566666666664,0,0.026130049999999995,0
M12,2026-06-14 16:00:00,0,0.055222483333333336,0,0.05057521250000001,0
M13,2026-06-14 16:00:00,0,0.0487305,0,0.0447552875,0
M14,2026-06-14 16:00:00,0,0.07557096666666666,0,0.071150325,0
M15,2026-06-14 16:00:00,1,0.8001366166666666,1,0.524743375,1
M16,2026-06-14 16:00:00,0,0.30812625,0,0.22982375,0
M17,2026-06-14 16:00:00,0,0.0031504,0,0.000403225,0
M18,2026-06-14 16:00:00,0,0.038820749999999994,0,0.021613637499999998,0
M19,2026-06-14 16:00:00,0,0.15335274999999998,0,0.188584875,0
M20,2026-06-14 16:00:00,0,0.04124895,0,0.015292762500000001,0
M21,2026-06-14 16:00:00,0,0.13320425,0,0.08630531250000001,0
M22,2026-06-14 16:00:00,0,0.13656966666666664,0,0.152647025,0
M23,2026-06-14 16:00:00,0,0.053452799999999995,0,0.014268425000000001,0
M24,2026-06-14 16:00:00,0,0.07415365,0,0.013721525000000002,0
M25,2026-06-14 16:00:00,0,0.7628536833333334,1,0.7198590500000002,1
M01,2026-06-14 17:00:00,0,0.04873166666666666,0,0.0330441875,0
M02,2026-06-14 17:00:00,0,0.3242473333333333,0,0.19454500000000002,0
M03,2026-06-14 17:00:00,0,0.29819785,0,0.15915945,0
M04,2026-06-14 17:00:00,0,0.03199755,0,0.0029698,0
M05,2026-06-14 17:00:00,0,0.06276946666666666,0,0.01024005,0
M06,2026-06-14 17:00:00,0,0.19129569999999993,0,0.06582303749999999,0
M07,2026-06-14 17:00:00,0,0.2995911166666667,0,0.18282736250000003,0
M08,2026-06-14 17:00:00,0,0.10965871666666666,0,0.04719110000000001,0
M09,2026-06-14 17:00:00,0,0.014559316666666666,0,0.006339525,0
M10,2026-06-14 17:00:00,0,0.7606868166666667,1,0.7628254125,1
M11,2026-06-14 17:00:00,0,0.06395718333333333,0,0.0244449,0
M12,2026-06-14 17:00:00,0,0.0558396,0,0.053638212500000004,0
M13,2026-06-14 17:00:00,0,0.10447903333333335,0,0.06218315,0
M14,2026-06-14 17:00:00,0,0.07401805,0,0.080586825,0
M15,2026-06-14 17:00:00,0,0.5677609000000002,1,0.35744447499999993,0
M16,2026-06-14 17:00:00,0,0.2296363666666667,0,0.14051209999999997,0
M17,2026-06-14 17:00:00,0,0.004570716666666667,0,0.00020605,0
M18,2026-06-14 17:00:00,0,0.03472905,0,0.0237281875,0
M19,2026-06-14 17:00:00,0,0.25664995,0,0.31209770000000003,0
M20,2026-06-14 17:00:00,0,0.06281081666666667,0,0.0240475375,0
M21,2026-06-14 17:00:00,0,0.10672941666666666,0,0.08680643750000001,0
M22,2026-06-14 17:00:00,0,0.12350951666666665,0,0.053991487500000004,0
M23,2026-06-14 17:00:00,0,0.053452799999999995,0,0.011988750000000001,0
M24,2026-06-14 17:00:00,0,0.08597051666666666,0,0.008877775000000001,0
M25,2026-06-14 17:00:00,0,0.7479898666666668,1,0.6913624250000002,1
M01,2026-06-14 18:00:00,0,0.01704745,0,0.0256852,0
M02,2026-06-14 18:00:00,0,0.20107295,0,0.09709541249999999,0
M03,2026-06-14 18:00:00,0,0.09101966666666665,0,0.0411981625,0
M04,2026-06-14 18:00:00,0,0.024183966666666664,0,0.0020696875,0
M05,2026-06-14 18:00:00,0,0.08268205,0,0.060351937499999994,0
M06,2026-06-14 18:00:00,0,0.11354304999999996,0,0.09232066250000001,0
M07,2026-06-14 18:00:00,0,0.17666773333333335,0,0.1415199875,0
M08,2026-06-14 18:00:00,0,0.04285881666666666,0,0.007249375000000001,0
M09,2026-06-14 18:00:00,0,0.0277994,0,0.0054280875,0
M10,2026-06-14 18:00:00,0,0.7702984833333335,1,0.7582018125000001,1
M11,2026-06-14 18:00:00,0,0.14631285,0,0.08688537500000001,0
M12,2026-06-14 18:00:00,0,0.053939633333333334,0,0.036065537499999994,0
M13,2026-06-14 18:00:00,0,0.048368983333333344,0,0.06466035,0
M14,2026-06-14 18:00:00,0,0.04970425,0,0.01958745,0
M15,2026-06-14 18:00:00,0,0.1897243166666667,0,0.1449225,0
M16,2026-06-14 18:00:00,0,0.2489332,0,0.14885373750000003,0
M17,2026-06-14 18:00:00,0,0.004570716666666667,0,0.00020605,0
M18,2026-06-14 18:00:00,0,0.03787676666666666,0,0.00444635,0
M19,2026-06-14 18:00:00,0,0.38191046666666667,0,0.3481085125,0
M20,2026-06-14 18:00:00,0,0.042085983333333334,0,0.016465399999999998,0
M21,2026-06-14 18:00:00,0,0.0831522,0,0.09091385000000002,0
M22,2026-06-14 18:00:00,0,0.09160646666666668,0,0.0823379125,0
M23,2026-06-14 18:00:00,0,0.053452799999999995,0,0.014268425000000001,0
M24,2026-06-14 18:00:00,0,0.08957676666666665,0,0.008967850000000001,0
M25,2026-06-14 18:00:00,0,0.7695042666666668,1,0.7538556875000002,1
M01,2026-06-14 19:00:00,0,0.02189028333333333,0,0.0211444,0
M02,2026-06-14 19:00:00,0,0.18437498333333335,0,0.07735219999999997,0
M03,2026-06-14 19:00:00,0,0.08204104999999998,0,0.0398978,0
M04,2026-06-14 19:00:00,0,0.034328833333333336,0,0.001694925,0
M05,2026-06-14 19:00:00,0,0.06213498333333334,0,0.026132187499999997,0
M06,2026-06-14 19:00:00,0,0.08580448333333333,0,0.062308575,0
M07,2026-06-14 19:00:00,0,0.13091971666666666,0,0.14399218749999998,0
M08,2026-06-14 19:00:00,0,0.029198366666666666,0,0.011357700000000002,0
M09,2026-06-14 19:00:00,0,0.02105513333333333,0,0.0018621875,0
M10,2026-06-14 19:00:00,0,0.7491617000000003,1,0.7520290375,1
M11,2026-06-14 19:00:00,0,0.07073483333333333,0,0.013431237500000002,0
M12,2026-06-14 19:00:00,0,0.06309966666666668,0,0.04241688750000001,0
M13,2026-06-14 19:00:00,0,0.08641041666666667,0,0.050114537499999987,0
M14,2026-06-14 19:00:00,0,0.013363083333333333,0,0.022948812500000002,0
M15,2026-06-14 19:00:00,0,0.1715306166666667,0,0.08765569999999999,0
M16,2026-06-14 19:00:00,0,0.18397298333333334,0,0.11551065,0
M17,2026-06-14 19:00:00,0,0.004570716666666667,0,0.00020605,0
M18,2026-06-14 19:00:00,0,0.033523449999999996,0,0.000650225,0
M19,2026-06-14 19:00:00,0,0.32388523333333336,0,0.35879607500000005,0
M20,2026-06-14 19:00:00,0,0.0697455,0,0.020510825000000003,0
M21,2026-06-14 19:00:00,0,0.15061148333333332,0,0.14435766249999998,0
M22,2026-06-14 19:00:00,0,0.19640266666666667,0,0.09090382500000002,0
M23,2026-06-14 19:00:00,0,0.06296126666666667,0,0.011095887500000002,0
M24,2026-06-14 19:00:00,0,0.057204816666666665,0,0.016970449999999998,0
M25,2026-06-14 19:00:00,0,0.7746812333333335,1,0.7597986750000001,1
M01,2026-06-14 20:00:00,0,0.019680216666666663,0,0.016897275,0
M02,2026-06-14 20:00:00,0,0.15135153333333334,0,0.07302779999999999,0
M03,2026-06-14 20:00:00,0,0.23869301666666662,0,0.10797925000000001,0
M04,2026-06-14 20:00:00,0,0.017467466666666664,0,0.0029730625,0
M05,2026-06-14 20:00:00,0,0.12285436666666669,0,0.07868011249999998,0
M06,2026-06-14 20:00:00,0,0.09750771666666665,0,0.057494525,0
M07,2026-06-14 20:00:00,0,0.18905829999999998,0,0.1639726125,0
M08,2026-06-14 20:00:00,0,0.024670150000000002,0,0.0013194500000000002,0
M09,2026-06-14 20:00:00,0,0.02416585,0,0.008286837500000001,0
M10,2026-06-14 20:00:00,0,0.7573967,1,0.7409590500000001,1
M11,2026-06-14 20:00:00,0,0.07073483333333333,0,0.018728650000000003,0
M12,2026-06-14 20:00:00,0,0.04089465000000001,0,0.03864895,0
M13,2026-06-14 20:00:00,0,0.10879565000000001,0,0.05017719999999999,0
M14,2026-06-14 20:00:00,0,0.027014350000000003,0,0.017962,0
M15,2026-06-14 20:00:00,0,0.09241929999999998,0,0.039374975,0
M16,2026-06-14 20:00:00,0,0.2052386,0,0.09355720000000001,0
M17,2026-06-14 20:00:00,0,0.006474216666666668,0,0.0028167500000000002,0
M18,2026-06-14 20:00:00,0,0.07133173333333334,0,0.0264650875,0
M19,2026-06-14 20:00:00,0,0.31501555000000003,0,0.20814971249999997,0
M20,2026-06-14 20:00:00,0,0.04463213333333333,0,0.0186551375,0
M21,2026-06-14 20:00:00,0,0.1325478,0,0.08109622500000001,0
M22,2026-06-14 20:00:00,0,0.08503838333333334,0,0.050025362500000004,0
M23,2026-06-14 20:00:00,0,0.0613888,0,0.012588225,0
M24,2026-06-14 20:00:00,0,0.07403340000000001,0,0.0160333375,0
M25,2026-06-14 20:00:00,0,0.7701337666666668,1,0.7334274125000003,1
M01,2026-06-14 21:00:00,0,0.028982449999999996,0,0.02759355,0
M02,2026-06-14 21:00:00,0,0.18956535000000005,0,0.1080420125,0
M03,2026-06-14 21:00:00,0,0.06292741666666667,0,0.0319022375,0
M04,2026-06-14 21:00:00,0,0.013352733333333335,0,0.0051215625,0
M05,2026-06-14 21:00:00,0,0.061105150000000004,0,0.057881037499999996,0
M06,2026-06-14 21:00:00,0,0.19064084999999997,0,0.06778192499999999,0
M07,2026-06-14 21:00:00,0,0.33897404999999997,0,0.33870613750000006,0
M08,2026-06-14 21:00:00,0,0.08696034999999999,0,0.023371575000000002,0
M09,2026-06-14 21:00:00,0,0.023040150000000002,0,0.009581037499999999,0
M10,2026-06-14 21:00:00,0,0.7470761833333335,1,0.7399200374999999,1
M11,2026-06-14 21:00:00,0,0.05615695,0,0.012719750000000002,0
M12,2026-06-14 21:00:00,0,0.058248150000000005,0,0.0323245625,0
M13,2026-06-14 21:00:00,0,0.14386078333333335,0,0.07328401250000001,0
M14,2026-06-14 21:00:00,0,0.0216666,0,0.0060358875,0
M15,2026-06-14 21:00:00,0,0.03021451666666667,0,0.007925037499999999,0
M16,2026-06-14 21:00:00,0,0.19567306666666667,0,0.15093179999999998,0
M17,2026-06-14 21:00:00,0,0.004570716666666667,0,0.00020605,0
M18,2026-06-14 21:00:00,0,0.07595598333333335,0,0.035373512499999996,0
M19,2026-06-14 21:00:00,0,0.20556546666666667,0,0.2193130875,0
M20,2026-06-14 21:00:00,0,0.03344965,0,0.009702512500000001,0
M21,2026-06-14 21:00:00,0,0.14372283333333333,0,0.1379572,0
M22,2026-06-14 21:00:00,0,0.058217633333333324,0,0.0411818875,0
M23,2026-06-14 21:00:00,0,0.053452799999999995,0,0.014138212500000002,0
M24,2026-06-14 21:00:00,0,0.05600578333333332,0,0.012397099999999998,0
M25,2026-06-14 21:00:00,0,0.75625575,1,0.7156465875000002,1
M01,2026-06-14 22:00:00,0,0.019955700000000003,0,0.029114624999999998,0
M02,2026-06-14 22:00:00,0,0.1694454166666667,0,0.09350138749999999,0
M03,2026-06-14 22:00:00,0,0.08184825,0,0.029890924999999995,0
M04,2026-06-14 22:00:00,0,0.03469998333333334,0,0.0057857875,0
M05,2026-06-14 22:00:00,0,0.05267913333333333,0,0.03972246249999999,0
M06,2026-06-14 22:00:00,0,0.06583026666666666,0,0.03603846249999999,0
M07,2026-06-14 22:00:00,0,0.37947818333333333,0,0.31337547500000007,0
M08,2026-06-14 22:00:00,0,0.028392616666666665,0,0.002181525,0
M09,2026-06-14 22:00:00,0,0.02229885,0,0.0009509500000000001,0
M10,2026-06-14 22:00:00,0,0.6333439500000002,1,0.6642445,1
M11,2026-06-14 22:00:00,0,0.14631285,0,0.08437715,0
M12,2026-06-14 22:00:00,0,0.03817988333333333,0,0.039767575,0
M13,2026-06-14 22:00:00,0,0.1293341,0,0.06374215,0
M14,2026-06-14 22:00:00,0,0.04452286666666667,0,0.026835487499999998,0
M15,2026-06-14 22:00:00,0,0.04202478333333333,0,0.011113175000000001,0
M16,2026-06-14 22:00:00,0,0.21570886666666667,0,0.1343055625,0
M17,2026-06-14 22:00:00,0,0.004570716666666667,0,0.0015949375000000002,0
M18,2026-06-14 22:00:00,0,0.04250101666666666,0,0.00069895,0
M19,2026-06-14 22:00:00,0,0.2469612,0,0.20933121250000003,0
M20,2026-06-14 22:00:00,0,0.06095298333333334,0,0.01839645,0
M21,2026-06-14 22:00:00,0,0.11031260000000002,0,0.12991321249999999,0
M22,2026-06-14 22:00:00,0,0.18925588333333335,0,0.07287938750000002,0
M23,2026-06-14 22:00:00,0,0.04678968333333334,0,0.026022,0
M24,2026-06-14 22:00:00,0,0.11436666666666666,0,0.0375452875,0
M25,2026-06-14 22:00:00,0,0.7595310500000001,1,0.7350404625000001,1
M01,2026-06-14 23:00:00,0,0.09089798333333333,0,0.0429923,0
M02,2026-06-14 23:00:00,0,0.25601171666666667,0,0.16732168750000004,0
M03,2026-06-14 23:00:00,0,0.07119548333333331,0,0.014918475,0
M04,2026-06-14 23:00:00,0,0.014086916666666668,0,0.003750275000000001,0
M05,2026-06-14 23:00:00,0,0.03825016666666666,0,0.0569649,0
M06,2026-06-14 23:00:00,0,0.10633961666666665,0,0.07307948750000001,0
M07,2026-06-14 23:00:00,0,0.27741114999999994,0,0.2421481375,0
M08,2026-06-14 23:00:00,0,0.04019331666666667,0,0.004244325,0
M09,2026-06-14 23:00:00,0,0.038234033333333334,0,0.007781012499999999,0
M10,2026-06-14 23:00:00,0,0.7091446333333332,1,0.6727705124999999,1
M11,2026-06-14 23:00:00,0,0.09116608333333333,0,0.029679362499999994,0
M12,2026-06-14 23:00:00,0,0.11448046666666666,0,0.0324510125,0
M13,2026-06-14 23:00:00,0,0.10852796666666667,0,0.0679349625,0
M14,2026-06-14 23:00:00,0,0.14718446666666668,0,0.05904035,0
M15,2026-06-14 23:00:00,0,0.012002233333333334,0,0.0034487000000000003,0
M16,2026-06-14 23:00:00,0,0.13862998333333332,0,0.07829657500000001,0
M17,2026-06-14 23:00:00,0,0.004570716666666667,0,0.00020605,0
M18,2026-06-14 23:00:00,0,0.03242175,0,0.0019709125,0
M19,2026-06-14 23:00:00,0,0.28335015,0,0.3126990500000001,0
M20,2026-06-14 23:00:00,0,0.03767103333333333,0,0.0151358,0
M21,2026-06-14 23:00:00,0,0.08278641666666667,0,0.054436462500000005,0
M22,2026-06-14 23:00:00,0,0.08266715000000002,0,0.06088532499999999,0
M23,2026-06-14 23:00:00,0,0.03849011666666667,0,0.0295801625,0
M24,2026-06-14 23:00:00,0,0.09926944999999998,0,0.0316575375,0
M25,2026-06-14 23:00:00,0,0.8064336000000001,1,0.8571557749999998,1
