limiar,vp,vn,fp,fn,acuracia,precisao,recall,f1,conjunto,modo,versao
0.0,1939,0,14861,0,0.11541666666666667,0.11541666666666667,1.0,0.20694807620470676,treino,rotulado,v1
0.01,1939,2247,12614,0,0.24916666666666668,0.13323713323713324,1.0,0.23514431239388794,treino,rotulado,v1
0.02,1939,3548,11313,0,0.3266071428571429,0.14631753697555086,1.0,0.2552827331972879,treino,rotulado,v1
0.03,1939,5124,9737,0,0.42041666666666666,0.16606714628297362,1.0,0.2848329048843188,treino,rotulado,v1
0.04,1939,6285,8576,0,0.4895238095238095,0.1844032334759867,1.0,0.3113859001124137,treino,rotulado,v1
0.05,1939,7171,7690,0,0.5422619047619047,0.20137085886384878,1.0,0.3352351313969571,treino,rotulado,v1
0.06,1939,7973,6888,0,0.59,0.2196669310071372,1.0,0.3602080624187256,treino,rotulado,v1
0.07,1939,8643,6218,0,0.6298809523809524,0.23770994238077725,1.0,0.3841125198098257,treino,rotulado,v1
0.08,1939,9189,5672,0,0.6623809523809524,0.25476284325318616,1.0,0.4060732984293194,treino,rotulado,v1
0.09,1939,9616,5245,0,0.687797619047619,0.26990534521158127,1.0,0.42507946947276115,treino,rotulado,v1
0.1,1939,9952,4909,0,0.7077976190476191,0.2831483644859813,1.0,0.4413337885512689,treino,rotulado,v1
0.11,1939,10226,4635,0,0.7241071428571428,0.29494980225129297,1.0,0.4555385880418184,treino,rotulado,v1
0.12,1939,10476,4385,0,0.7389880952380953,0.3066097406704617,1.0,0.4693210698293598,treino,rotulado,v1
0.13,1939,10684,4177,0,0.7513690476190477,0.3170372792674951,1.0,0.4814400993171943,treino,rotulado,v1
0.14,1939,10907,3954,0,0.7646428571428572,0.3290344476497539,1.0,0.4951481103166496,treino,rotulado,v1
0.15,1939,11078,3783,0,0.7748214285714285,0.3388675288360713,1.0,0.506200234956272,treino,rotulado,v1
0.16,1939,11259,3602,0,0.7855952380952381,0.3499368345064068,1.0,0.5184491978609626,treino,rotulado,v1
0.17,1939,11414,3447,0,0.7948214285714286,0.36000742666171553,1.0,0.529419795221843,treino,rotulado,v1
0.18,1939,11572,3289,0,0.8042261904761905,0.3708875286916603,1.0,0.5410911120413004,treino,rotulado,v1
0.19,1939,11693,3168,0,0.8114285714285714,0.3796749559428236,1.0,0.5503831961396537,treino,rotulado,v1
0.2,1939,11820,3041,0,0.8189880952380952,0.3893574297188755,1.0,0.5604856193091488,treino,rotulado,v1
0.21,1939,11936,2925,0,0.8258928571428571,0.39864309210526316,1.0,0.5700426282522416,treino,rotulado,v1
0.22,1939,12042,2819,0,0.832202380952381,0.40752416981925177,1.0,0.5790652530984023,treino,rotulado,v1
0.23,1939,12161,2700,0,0.8392857142857143,0.41797801250269456,1.0,0.58954089388872,treino,rotulado,v1
0.24,1939,12260,2601,0,0.8451785714285714,0.4270925110132159,1.0,0.5985491588208057,treino,rotulado,v1
0.25,1939,12346,2515,0,0.850297619047619,0.4353390211046251,1.0,0.6066009698107305,treino,rotulado,v1
0.26,1939,12424,2437,0,0.8549404761904762,0.4430987202925046,1.0,0.6140934283452099,treino,rotulado,v1
0.27,1939,12498,2363,0,0.8593452380952381,0.4507205950720595,1.0,0.6213747796827431,treino,rotulado,v1
0.28,1939,12567,2294,0,0.863452380952381,0.4580675643751477,1.0,0.6283214517174336,treino,rotulado,v1
0.29,1939,12623,2238,0,0.8667857142857143,0.4642087622695715,1.0,0.6340745585349902,treino,rotulado,v1
0.3,1939,12695,2166,0,0.8710714285714286,0.4723507917174178,1.0,0.6416280608868299,treino,rotulado,v1
0.31,1939,12759,2102,0,0.8748809523809524,0.47983172482058895,1.0,0.6484949832775919,treino,rotulado,v1
0.32,1939,12819,2042,0,0.878452380952381,0.4870635518713891,1.0,0.6550675675675676,treino,rotulado,v1
0.33,1939,12872,1989,0,0.8816071428571428,0.49363543788187375,1.0,0.6609851712970853,treino,rotulado,v1
0.34,1938,12917,1944,1,0.8842261904761904,0.4992272024729521,0.999484270242393,0.6658649716543549,treino,rotulado,v1
0.35000000000000003,1937,12973,1888,2,0.8875,0.50640522875817,0.998968540484786,0.6721027064538515,treino,rotulado,v1
0.36,1937,13016,1845,2,0.8900595238095238,0.51216287678477,0.998968540484786,0.6771543436462157,treino,rotulado,v1
0.37,1936,13063,1798,3,0.892797619047619,0.5184788430637386,0.998452810727179,0.6825312885598449,treino,rotulado,v1
0.38,1936,13114,1747,3,0.8958333333333334,0.5256584306272061,0.998452810727179,0.6887228744219139,treino,rotulado,v1
0.39,1936,13139,1722,3,0.8973214285714286,0.5292509568069984,0.998452810727179,0.6917991781311417,treino,rotulado,v1
0.4,1935,13184,1677,4,0.8999404761904762,0.5357142857142857,0.9979370809695719,0.6971716807782381,treino,rotulado,v1
0.41000000000000003,1934,13221,1640,5,0.9020833333333333,0.5411303861219922,0.997421351211965,0.7016143660438963,treino,rotulado,v1
0.42,1934,13258,1603,5,0.9042857142857142,0.5467910658750353,0.997421351211965,0.706355003652301,treino,rotulado,v1
0.43,1934,13290,1571,5,0.9061904761904762,0.5517831669044223,0.997421351211965,0.7105069801616458,treino,rotulado,v1
0.44,1934,13322,1539,5,0.9080952380952381,0.5568672617333718,0.997421351211965,0.7147080561714708,treino,rotulado,v1
0.45,1934,13354,1507,5,0.91,0.5620459168846266,0.997421351211965,0.7189591078066915,treino,rotulado,v1
0.46,1934,13380,1481,5,0.911547619047619,0.5663250366032211,0.997421351211965,0.7224505042958536,treino,rotulado,v1
0.47000000000000003,1933,13411,1450,6,0.9133333333333333,0.5713863434821165,0.9969056214543579,0.7264186396091695,treino,rotulado,v1
0.48,1930,13442,1419,9,0.915,0.5762914302776948,0.9953584321815369,0.7299546142208775,treino,rotulado,v1
0.49,1929,13483,1378,10,0.9173809523809524,0.5833081342606592,0.9948427024239299,0.7354174609226077,treino,rotulado,v1
0.5,1929,13520,1341,10,0.9195833333333333,0.5899082568807339,0.9948427024239299,0.7406411979266654,treino,rotulado,v1
0.51,1928,13566,1295,11,0.9222619047619047,0.5982004343779088,0.9943269726663229,0.7469972878729175,treino,rotulado,v1
0.52,1923,13614,1247,16,0.9248214285714286,0.6066246056782334,0.9917483238782878,0.7527891955372872,treino,rotulado,v1
0.53,1914,13673,1188,25,0.927797619047619,0.6170212765957447,0.9871067560598247,0.7593731402499504,treino,rotulado,v1
0.54,1906,13735,1126,33,0.9310119047619048,0.6286279683377308,0.9829809179989686,0.7668477167571918,treino,rotulado,v1
0.55,1894,13803,1058,45,0.9343452380952381,0.6415989159891599,0.9767921609076844,0.7744837456552852,treino,rotulado,v1
0.56,1881,13856,1005,58,0.9367261904761904,0.6517671517671517,0.9700876740587931,0.7796891191709845,treino,rotulado,v1
0.5700000000000001,1874,13923,938,65,0.940297619047619,0.666429587482219,0.9664775657555441,0.7888865501999579,treino,rotulado,v1
0.58,1864,13986,875,75,0.9434523809523809,0.6805403431909456,0.9613202681794739,0.7969217614365113,treino,rotulado,v1
0.59,1858,14044,817,81,0.9465476190476191,0.6945794392523365,0.9582258896338318,0.8053749458170785,treino,rotulado,v1
0.6,1853,14100,761,86,0.9495833333333333,0.708875286916603,0.9556472408457968,0.8139688117724577,treino,rotulado,v1
0.61,1835,14143,718,104,0.9510714285714286,0.7187622405013709,0.9463641052088706,0.8170080142475512,treino,rotulado,v1
0.62,1822,14195,666,117,0.9533928571428572,0.7323151125401929,0.9396596183599794,0.8231307883442512,treino,rotulado,v1
0.63,1814,14240,621,125,0.955595238095238,0.7449691991786448,0.9355337802991233,0.8294467306812986,treino,rotulado,v1
0.64,1802,14291,570,137,0.9579166666666666,0.7596964586846543,0.9293450232078391,0.8360009278589654,treino,rotulado,v1
0.65,1784,14340,521,155,0.9597619047619048,0.7739696312364425,0.9200618875709129,0.8407163053722903,treino,rotulado,v1
0.66,1767,14371,490,172,0.9605952380952381,0.7828976517501107,0.9112944816915935,0.842230695900858,treino,rotulado,v1
0.67,1750,14399,462,189,0.96125,0.7911392405063291,0.9025270758122743,0.8431703204047217,treino,rotulado,v1
0.68,1736,14423,438,203,0.9618452380952381,0.7985280588776449,0.8953068592057761,0.8441526866034524,treino,rotulado,v1
0.6900000000000001,1722,14448,413,217,0.9625,0.8065573770491803,0.8880866425992779,0.845360824742268,treino,rotulado,v1
0.7000000000000001,1702,14489,372,237,0.96375,0.8206364513018322,0.8777720474471377,0.8482432095689011,treino,rotulado,v1
0.71,1676,14527,334,263,0.9644642857142857,0.8338308457711443,0.8643630737493554,0.8488224867054951,treino,rotulado,v1
0.72,1650,14558,303,289,0.9647619047619047,0.8448540706605223,0.850954100051573,0.8478931140801644,treino,rotulado,v1
0.73,1623,14596,265,316,0.9654166666666667,0.8596398305084746,0.8370293965961836,0.8481839561013849,treino,rotulado,v1
0.74,1596,14627,234,343,0.965654761904762,0.8721311475409836,0.8231046931407943,0.8469089944282303,treino,rotulado,v1
0.75,1559,14645,216,380,0.9645238095238096,0.8783098591549295,0.8040226921093347,0.8395261173936457,treino,rotulado,v1
0.76,1534,14674,187,405,0.9647619047619047,0.8913422428820453,0.7911294481691593,0.8382513661202186,treino,rotulado,v1
0.77,1511,14683,178,428,0.9639285714285715,0.8946121965660154,0.7792676637441981,0.8329658213891952,treino,rotulado,v1
0.78,1496,14703,158,443,0.9642261904761905,0.9044740024183797,0.7715317173800929,0.8327303089340384,treino,rotulado,v1
0.79,1477,14719,142,462,0.964047619047619,0.9122915379864114,0.7617328519855595,0.8302417088251827,treino,rotulado,v1
0.8,1444,14741,120,495,0.9633928571428572,0.9232736572890026,0.7447137699845281,0.8244361975449614,treino,rotulado,v1
0.81,1398,14762,99,541,0.9619047619047619,0.9338677354709419,0.7209902011346054,0.8137369033760187,treino,rotulado,v1
0.8200000000000001,1361,14782,79,578,0.9608928571428571,0.9451388888888889,0.7019082001031459,0.8055637762651672,treino,rotulado,v1
0.8300000000000001,1314,14803,58,625,0.9593452380952381,0.9577259475218659,0.6776689014956163,0.7937179099969798,treino,rotulado,v1
0.84,1273,14812,49,666,0.9574404761904762,0.9629349470499243,0.6565239814337287,0.7807421036491874,treino,rotulado,v1
0.85,1237,14820,41,702,0.9557738095238095,0.9679186228482003,0.6379577101598762,0.7690394777743239,treino,rotulado,v1
0.86,1205,14830,31,734,0.9544642857142858,0.9749190938511327,0.6214543579164518,0.7590551181102362,treino,rotulado,v1
0.87,1155,14838,23,784,0.9519642857142857,0.9804753820033956,0.5956678700361011,0.7410972088546679,treino,rotulado,v1
0.88,1096,14846,15,843,0.9489285714285715,0.9864986498649865,0.5652398143372873,0.718688524590164,treino,rotulado,v1
0.89,1027,14855,6,912,0.9453571428571429,0.9941916747337851,0.5296544610624033,0.6911170928667564,treino,rotulado,v1
0.9,958,14857,4,981,0.9413690476190476,0.9958419958419958,0.49406910778751933,0.660461909686315,treino,rotulado,v1
0.91,832,14858,3,1107,0.9339285714285714,0.9964071856287425,0.4290871583290356,0.5998558038932948,treino,rotulado,v1
0.92,728,14859,2,1211,0.927797619047619,0.9972602739726028,0.37545126353790614,0.5455226676657924,treino,rotulado,v1
0.93,636,14860,1,1303,0.9223809523809524,0.9984301412872841,0.3280041258380609,0.4937888198757764,treino,rotulado,v1
0.9400000000000001,522,14861,0,1417,0.9156547619047619,1.0,0.2692109334708613,0.4242177976432345,treino,rotulado,v1
0.9500000000000001,412,14861,0,1527,0.9091071428571429,1.0,0.21248066013408973,0.35048915355168014,treino,rotulado,v1
0.96,276,14861,0,1663,0.9010119047619047,1.0,0.14234141309953585,0.2492099322799097,treino,rotulado,v1
0.97,138,14861,0,1801,0.892797619047619,1.0,0.07117070654976793,0.13288396726047183,treino,rotulado,v1
0.98,40,14861,0,1899,0.8869642857142858,1.0,0.020629190304280558,0.0404244567963618,treino,rotulado,v1
0.99,2,14861,0,1937,0.884702380952381,1.0,0.0010314595152140279,0.0020607934054611026,treino,rotulado,v1
1.0,0,14861,0,1939,0.8845833333333334,0.0,0.0,0.0,treino,rotulado,v1
0.0,1939,0,14861,0,0.11541666666666667,0.11541666666666667,1.0,0.20694807620470676,treino,rotulado,v2
0.01,1939,8751,6110,0,0.6363095238095238,0.24089949061995278,1.0,0.3882659191029235,treino,rotulado,v2
0.02,1939,10352,4509,0,0.7316071428571429,0.3007133995037221,1.0,0.46238225825682605,treino,rotulado,v2
0.03,1939,11283,3578,0,0.7870238095238096,0.35145912633677723,1.0,0.5201180257510729,treino,rotulado,v2
0.04,1939,11896,2965,0,0.8235119047619047,0.3953915171288744,1.0,0.5667105070875347,treino,rotulado,v2
0.05,1939,12332,2529,0,0.8494642857142857,0.4339749328558639,1.0,0.6052754799438115,treino,rotulado,v2
0.06,1939,12699,2162,0,0.8713095238095238,0.47281150938795413,1.0,0.6420529801324504,treino,rotulado,v2
0.07,1939,12969,1892,0,0.8873809523809524,0.5061341686243801,1.0,0.6720970537261698,treino,rotulado,v2
0.08,1939,13195,1666,0,0.9008333333333334,0.537864077669903,1.0,0.6994949494949495,treino,rotulado,v2
0.09,1939,13392,1469,0,0.9125595238095238,0.5689553990610329,1.0,0.7252665045820086,treino,rotulado,v2
0.1,1939,13539,1322,0,0.9213095238095238,0.5946028825513646,1.0,0.7457692307692307,treino,rotulado,v2
0.11,1939,13644,1217,0,0.9275595238095238,0.6143852978453739,1.0,0.7611383709519136,treino,rotulado,v2
0.12,1939,13763,1098,0,0.9346428571428571,0.6384590055976292,1.0,0.7793408360128617,treino,rotulado,v2
0.13,1939,13846,1015,0,0.9395833333333333,0.6563981042654028,1.0,0.7925608011444921,treino,rotulado,v2
0.14,1939,13926,935,0,0.9443452380952381,0.674669450243563,1.0,0.8057344691460627,treino,rotulado,v2
0.15,1939,13992,869,0,0.9482738095238096,0.6905270655270656,1.0,0.8169370128502212,treino,rotulado,v2
0.16,1939,14038,823,0,0.9510119047619048,0.7020275162925417,1.0,0.8249308657732397,treino,rotulado,v2
0.17,1939,14112,749,0,0.9554166666666667,0.7213541666666666,1.0,0.8381240544629349,treino,rotulado,v2
0.18,1939,14157,704,0,0.9580952380952381,0.7336360196746122,1.0,0.8463553033609778,treino,rotulado,v2
0.19,1939,14200,661,0,0.960654761904762,0.7457692307692307,1.0,0.8543732099581406,treino,rotulado,v2
0.2,1938,14249,612,1,0.9635119047619047,0.76,0.999484270242393,0.8634439741590555,treino,rotulado,v2
0.21,1938,14294,567,1,0.9661904761904762,0.7736526946107785,0.999484270242393,0.8721872187218722,treino,rotulado,v2
0.22,1937,14339,522,2,0.9688095238095238,0.7877185847905652,0.998968540484786,0.8808549340609367,treino,rotulado,v2
0.23,1935,14382,479,4,0.97125,0.8015741507870754,0.9979370809695719,0.8890420399724328,treino,rotulado,v2
0.24,1935,14422,439,4,0.9736309523809524,0.8150800336983993,0.9979370809695719,0.8972872710410387,treino,rotulado,v2
0.25,1934,14458,403,5,0.9757142857142858,0.8275566966195977,0.997421351211965,0.9045837231057062,treino,rotulado,v2
0.26,1933,14498,363,6,0.9780357142857142,0.8418989547038328,0.9969056214543579,0.9128689492325855,treino,rotulado,v2
0.27,1933,14526,335,6,0.9797023809523809,0.8522927689594356,0.9969056214543579,0.9189446161159971,treino,rotulado,v2
0.28,1930,14549,312,9,0.9808928571428571,0.8608385370205174,0.9953584321815369,0.923224109064817,treino,rotulado,v2
0.29,1929,14569,292,10,0.9820238095238095,0.8685276902296263,0.9948427024239299,0.9274038461538462,treino,rotulado,v2
0.3,1929,14586,275,10,0.9830357142857142,0.8752268602540835,0.9948427024239299,0.9312092686459088,treino,rotulado,v2
0.31,1925,14600,261,14,0.9836309523809523,0.8806038426349497,0.9927797833935018,0.9333333333333333,treino,rotulado,v2
0.32,1921,14617,244,18,0.9844047619047619,0.8872979214780601,0.9907168643630737,0.9361598440545809,treino,rotulado,v2
0.33,1918,14637,224,21,0.9854166666666667,0.8954248366013072,0.9891696750902527,0.9399656946826758,treino,rotulado,v2
0.34,1913,14655,206,26,0.9861904761904762,0.902784332232185,0.9865910263022176,0.9428289797930015,treino,rotulado,v2
0.35000000000000003,1910,14668,193,29,0.9867857142857143,0.908226343319068,0.9850438370293966,0.9450766947055913,treino,rotulado,v2
0.36,1904,14680,181,35,0.9871428571428571,0.913189448441247,0.9819494584837545,0.9463220675944334,treino,rotulado,v2
0.37,1899,14697,164,40,0.9878571428571429,0.9205041202132817,0.9793708096957194,0.9490254872563718,treino,rotulado,v2
0.38,1887,14715,146,52,0.9882142857142857,0.9281849483521889,0.9731820526044352,0.9501510574018127,treino,rotulado,v2
0.39,1879,14726,135,60,0.9883928571428572,0.9329692154915591,0.9690562145435792,0.9506703769289148,treino,rotulado,v2
0.4,1870,14736,125,69,0.988452380952381,0.9373433583959899,0.964414646725116,0.9506863243518048,treino,rotulado,v2
0.41000000000000003,1860,14751,110,79,0.98875,0.9441624365482234,0.9592573491490459,0.9516500383729855,treino,rotulado,v2
0.42,1853,14761,100,86,0.9889285714285714,0.9487967229902714,0.9556472408457968,0.9522096608427544,treino,rotulado,v2
0.43,1842,14771,90,97,0.9888690476190476,0.953416149068323,0.9499742135121196,0.9516920692327564,treino,rotulado,v2
0.44,1831,14776,85,108,0.9885119047619048,0.9556367432150313,0.9443011861784425,0.949935149156939,treino,rotulado,v2
0.45,1819,14783,78,120,0.9882142857142857,0.9588824459673169,0.9381124290871583,0.9483837330552659,treino,rotulado,v2
0.46,1808,14790,71,131,0.9879761904761905,0.9622139435870144,0.9324394017534812,0.9470927187008905,treino,rotulado,v2
0.47000000000000003,1792,14799,62,147,0.9875595238095238,0.9665587918015103,0.924187725631769,0.9448984972317427,treino,rotulado,v2
0.48,1772,14805,56,167,0.9867261904761905,0.9693654266958425,0.9138731304796287,0.9408016989646933,treino,rotulado,v2
0.49,1761,14813,48,178,0.986547619047619,0.9734660033167496,0.9082001031459516,0.9397011739594451,treino,rotulado,v2
0.5,1744,14816,45,195,0.9857142857142858,0.9748462828395752,0.8994326972666323,0.9356223175965666,treino,rotulado,v2
0.51,1729,14822,39,210,0.9851785714285715,0.9779411764705882,0.8916967509025271,0.9328297814944699,treino,rotulado,v2
0.52,1710,14823,38,229,0.9841071428571428,0.9782608695652174,0.8818978855079939,0.9275834011391375,treino,rotulado,v2
0.53,1699,14826,35,240,0.9836309523809523,0.9798154555940023,0.8762248581743166,0.9251293220800436,treino,rotulado,v2
0.54,1680,14831,30,259,0.9827976190476191,0.9824561403508771,0.8664259927797834,0.9208002192381475,treino,rotulado,v2
0.55,1657,14832,29,282,0.9814880952380952,0.9827995255041518,0.854564208354822,0.9142068965517242,treino,rotulado,v2
0.56,1634,14835,26,305,0.980297619047619,0.9843373493975903,0.8427024239298607,0.9080300083356488,treino,rotulado,v2
0.5700000000000001,1605,14839,22,334,0.9788095238095238,0.986478180700676,0.8277462609592573,0.900168255748738,treino,rotulado,v2
0.58,1581,14843,18,358,0.9776190476190476,0.9887429643527205,0.815368746776689,0.8937252685132844,treino,rotulado,v2
0.59,1553,14847,14,386,0.9761904761904762,0.9910657306955967,0.8009283135636927,0.8859098687963491,treino,rotulado,v2
0.6,1526,14848,13,413,0.9746428571428571,0.9915529564652371,0.7870036101083032,0.8775158136860265,treino,rotulado,v2
0.61,1515,14849,12,424,0.974047619047619,0.9921414538310412,0.7813305827746261,0.8742065781881131,treino,rotulado,v2
0.62,1487,14851,10,452,0.9725,0.9933199732798931,0.7668901495616297,0.8655413271245634,treino,rotulado,v2
0.63,1459,14852,9,480,0.9708928571428571,0.9938692098092643,0.7524497163486333,0.8564719694746111,treino,rotulado,v2
0.64,1425,14853,8,514,0.9689285714285715,0.994417306350314,0.7349149045899949,0.8451957295373665,treino,rotulado,v2
0.65,1400,14855,6,539,0.9675595238095238,0.9957325746799431,0.7220216606498195,0.8370702541106129,treino,rotulado,v2
0.66,1381,14855,6,558,0.9664285714285714,0.9956741167988464,0.7122227952552862,0.830426939266386,treino,rotulado,v2
0.67,1346,14856,5,593,0.9644047619047619,0.996299037749815,0.6941722537390408,0.8182370820668693,treino,rotulado,v2
0.68,1319,14856,5,620,0.9627976190476191,0.9962235649546828,0.6802475502836514,0.8084584737971192,treino,rotulado,v2
0.6900000000000001,1285,14857,4,654,0.9608333333333333,0.9968968192397207,0.6627127385250129,0.7961586121437423,treino,rotulado,v2
0.7000000000000001,1254,14857,4,685,0.9589880952380953,0.9968203497615262,0.6467251160391955,0.7844854551141696,treino,rotulado,v2
0.71,1225,14857,4,714,0.9572619047619048,0.9967453213995118,0.631768953068592,0.7733585858585859,treino,rotulado,v2
0.72,1194,14859,2,745,0.9555357142857143,0.9983277591973244,0.6157813305827746,0.7617224880382775,treino,rotulado,v2
0.73,1155,14859,2,784,0.9532142857142857,0.9982713915298185,0.5956678700361011,0.7461240310077519,treino,rotulado,v2
0.74,1128,14860,1,811,0.9516666666666667,0.9991142604074402,0.5817431665807117,0.7353324641460235,treino,rotulado,v2
0.75,1089,14861,0,850,0.9494047619047619,1.0,0.5616297060340382,0.7192866578599736,treino,rotulado,v2
0.76,1057,14861,0,882,0.9475,1.0,0.5451263537906137,0.705607476635514,treino,rotulado,v2
0.77,1001,14861,0,938,0.9441666666666667,1.0,0.516245487364621,0.680952380952381,treino,rotulado,v2
0.78,954,14861,0,985,0.9413690476190476,1.0,0.4920061887570913,0.6595229865191843,treino,rotulado,v2
0.79,921,14861,0,1018,0.9394047619047619,1.0,0.4749871067560598,0.644055944055944,treino,rotulado,v2
0.8,878,14861,0,1061,0.9368452380952381,1.0,0.4528107271789582,0.6233581824636137,treino,rotulado,v2
0.81,837,14861,0,1102,0.934404761904762,1.0,0.43166580711707064,0.6030259365994236,treino,rotulado,v2
0.8200000000000001,792,14861,0,1147,0.9317261904761904,1.0,0.40845796802475504,0.5800073233247894,treino,rotulado,v2
0.8300000000000001,749,14861,0,1190,0.9291666666666667,1.0,0.3862815884476534,0.5572916666666666,treino,rotulado,v2
0.84,708,14861,0,1231,0.9267261904761904,1.0,0.36513666838576586,0.5349452210049113,treino,rotulado,v2
0.85,652,14861,0,1287,0.9233928571428571,1.0,0.33625580195977306,0.5032805866460826,treino,rotulado,v2
0.86,581,14861,0,1358,0.9191666666666667,1.0,0.2996389891696751,0.46111111111111114,treino,rotulado,v2
0.87,517,14861,0,1422,0.9153571428571429,1.0,0.2666322846828262,0.4210097719869707,treino,rotulado,v2
0.88,460,14861,0,1479,0.9119642857142857,1.0,0.2372356884992264,0.3834931221342226,treino,rotulado,v2
0.89,418,14861,0,1521,0.9094642857142857,1.0,0.21557503867973182,0.35468816291896477,treino,rotulado,v2
0.9,369,14861,0,1570,0.906547619047619,1.0,0.19030428055698814,0.3197573656845754,treino,rotulado,v2
0.91,308,14861,0,1631,0.9029166666666667,1.0,0.1588447653429603,0.27414330218068533,treino,rotulado,v2
0.92,237,14861,0,1702,0.8986904761904762,1.0,0.1222279525528623,0.21783088235294118,treino,rotulado,v2
0.93,196,14861,0,1743,0.89625,1.0,0.10108303249097472,0.18360655737704917,treino,rotulado,v2
0.9400000000000001,156,14861,0,1783,0.8938690476190476,1.0,0.08045384218669417,0.14892601431980906,treino,rotulado,v2
0.9500000000000001,116,14861,0,1823,0.8914880952380952,1.0,0.059824651882413614,0.11289537712895377,treino,rotulado,v2
0.96,75,14861,0,1864,0.8890476190476191,1.0,0.038679731820526045,0.07447864945382324,treino,rotulado,v2
0.97,38,14861,0,1901,0.8868452380952381,1.0,0.019597730789066528,0.03844208396560445,treino,rotulado,v2
0.98,16,14861,0,1923,0.8855357142857143,1.0,0.008251676121712223,0.016368286445012786,treino,rotulado,v2
0.99,1,14861,0,1938,0.8846428571428572,1.0,0.0005157297576070139,0.0010309278350515464,treino,rotulado,v2
1.0,0,14861,0,1939,0.8845833333333334,0.0,0.0,0.0,treino,rotulado,v2
0.0,1939,0,14861,0,0.11541666666666667,0.11541666666666667,1.0,0.20694807620470676,treino,sem_alvo,v1
0.01,1939,2247,12614,0,0.24916666666666668,0.13323713323713324,1.0,0.23514431239388794,treino,sem_alvo,v1
0.02,1939,3548,11313,0,0.3266071428571429,0.14631753697555086,1.0,0.2552827331972879,treino,sem_alvo,v1
0.03,1939,5124,9737,0,0.42041666666666666,0.16606714628297362,1.0,0.2848329048843188,treino,sem_alvo,v1
0.04,1939,6285,8576,0,0.4895238095238095,0.1844032334759867,1.0,0.3113859001124137,treino,sem_alvo,v1
0.05,1939,7171,7690,0,0.5422619047619047,0.20137085886384878,1.0,0.3352351313969571,treino,sem_alvo,v1
0.06,1939,7973,6888,0,0.59,0.2196669310071372,1.0,0.3602080624187256,treino,sem_alvo,v1
0.07,1939,8643,6218,0,0.6298809523809524,0.23770994238077725,1.0,0.3841125198098257,treino,sem_alvo,v1
0.08,1939,9189,5672,0,0.6623809523809524,0.25476284325318616,1.0,0.4060732984293194,treino,sem_alvo,v1
0.09,1939,9616,5245,0,0.687797619047619,0.26990534521158127,1.0,0.42507946947276115,treino,sem_alvo,v1
0.1,1939,9952,4909,0,0.7077976190476191,0.2831483644859813,1.0,0.4413337885512689,treino,sem_alvo,v1
0.11,1939,10226,4635,0,0.7241071428571428,0.29494980225129297,1.0,0.4555385880418184,treino,sem_alvo,v1
0.12,1939,10476,4385,0,0.7389880952380953,0.3066097406704617,1.0,0.4693210698293598,treino,sem_alvo,v1
0.13,1939,10684,4177,0,0.7513690476190477,0.3170372792674951,1.0,0.4814400993171943,treino,sem_alvo,v1
0.14,1939,10907,3954,0,0.7646428571428572,0.3290344476497539,1.0,0.4951481103166496,treino,sem_alvo,v1
0.15,1939,11078,3783,0,0.7748214285714285,0.3388675288360713,1.0,0.506200234956272,treino,sem_alvo,v1
0.16,1939,11259,3602,0,0.7855952380952381,0.3499368345064068,1.0,0.5184491978609626,treino,sem_alvo,v1
0.17,1939,11414,3447,0,0.7948214285714286,0.36000742666171553,1.0,0.529419795221843,treino,sem_alvo,v1
0.18,1939,11572,3289,0,0.8042261904761905,0.3708875286916603,1.0,0.5410911120413004,treino,sem_alvo,v1
0.19,1939,11693,3168,0,0.8114285714285714,0.3796749559428236,1.0,0.5503831961396537,treino,sem_alvo,v1
0.2,1939,11820,3041,0,0.8189880952380952,0.3893574297188755,1.0,0.5604856193091488,treino,sem_alvo,v1
0.21,1939,11936,2925,0,0.8258928571428571,0.39864309210526316,1.0,0.5700426282522416,treino,sem_alvo,v1
0.22,1939,12042,2819,0,0.832202380952381,0.40752416981925177,1.0,0.5790652530984023,treino,sem_alvo,v1
0.23,1939,12161,2700,0,0.8392857142857143,0.41797801250269456,1.0,0.58954089388872,treino,sem_alvo,v1
0.24,1939,12260,2601,0,0.8451785714285714,0.4270925110132159,1.0,0.5985491588208057,treino,sem_alvo,v1
0.25,1939,12346,2515,0,0.850297619047619,0.4353390211046251,1.0,0.6066009698107305,treino,sem_alvo,v1
0.26,1939,12424,2437,0,0.8549404761904762,0.4430987202925046,1.0,0.6140934283452099,treino,sem_alvo,v1
0.27,1939,12498,2363,0,0.8593452380952381,0.4507205950720595,1.0,0.6213747796827431,treino,sem_alvo,v1
0.28,1939,12567,2294,0,0.863452380952381,0.4580675643751477,1.0,0.6283214517174336,treino,sem_alvo,v1
0.29,1939,12623,2238,0,0.8667857142857143,0.4642087622695715,1.0,0.6340745585349902,treino,sem_alvo,v1
0.3,1939,12695,2166,0,0.8710714285714286,0.4723507917174178,1.0,0.6416280608868299,treino,sem_alvo,v1
0.31,1939,12759,2102,0,0.8748809523809524,0.47983172482058895,1.0,0.6484949832775919,treino,sem_alvo,v1
0.32,1939,12819,2042,0,0.878452380952381,0.4870635518713891,1.0,0.6550675675675676,treino,sem_alvo,v1
0.33,1939,12872,1989,0,0.8816071428571428,0.49363543788187375,1.0,0.6609851712970853,treino,sem_alvo,v1
0.34,1938,12917,1944,1,0.8842261904761904,0.4992272024729521,0.999484270242393,0.6658649716543549,treino,sem_alvo,v1
0.35000000000000003,1937,12973,1888,2,0.8875,0.50640522875817,0.998968540484786,0.6721027064538515,treino,sem_alvo,v1
0.36,1937,13016,1845,2,0.8900595238095238,0.51216287678477,0.998968540484786,0.6771543436462157,treino,sem_alvo,v1
0.37,1936,13063,1798,3,0.892797619047619,0.5184788430637386,0.998452810727179,0.6825312885598449,treino,sem_alvo,v1
0.38,1936,13114,1747,3,0.8958333333333334,0.5256584306272061,0.998452810727179,0.6887228744219139,treino,sem_alvo,v1
0.39,1936,13139,1722,3,0.8973214285714286,0.5292509568069984,0.998452810727179,0.6917991781311417,treino,sem_alvo,v1
0.4,1935,13184,1677,4,0.8999404761904762,0.5357142857142857,0.9979370809695719,0.6971716807782381,treino,sem_alvo,v1
0.41000000000000003,1934,13221,1640,5,0.9020833333333333,0.5411303861219922,0.997421351211965,0.7016143660438963,treino,sem_alvo,v1
0.42,1934,13258,1603,5,0.9042857142857142,0.5467910658750353,0.997421351211965,0.706355003652301,treino,sem_alvo,v1
0.43,1934,13290,1571,5,0.9061904761904762,0.5517831669044223,0.997421351211965,0.7105069801616458,treino,sem_alvo,v1
0.44,1934,13322,1539,5,0.9080952380952381,0.5568672617333718,0.997421351211965,0.7147080561714708,treino,sem_alvo,v1
0.45,1934,13354,1507,5,0.91,0.5620459168846266,0.997421351211965,0.7189591078066915,treino,sem_alvo,v1
0.46,1934,13380,1481,5,0.911547619047619,0.5663250366032211,0.997421351211965,0.7224505042958536,treino,sem_alvo,v1
0.47000000000000003,1933,13411,1450,6,0.9133333333333333,0.5713863434821165,0.9969056214543579,0.7264186396091695,treino,sem_alvo,v1
0.48,1930,13442,1419,9,0.915,0.5762914302776948,0.9953584321815369,0.7299546142208775,treino,sem_alvo,v1
0.49,1929,13483,1378,10,0.9173809523809524,0.5833081342606592,0.9948427024239299,0.7354174609226077,treino,sem_alvo,v1
0.5,1929,13520,1341,10,0.9195833333333333,0.5899082568807339,0.9948427024239299,0.7406411979266654,treino,sem_alvo,v1
0.51,1928,13566,1295,11,0.9222619047619047,0.5982004343779088,0.9943269726663229,0.7469972878729175,treino,sem_alvo,v1
0.52,1923,13614,1247,16,0.9248214285714286,0.6066246056782334,0.9917483238782878,0.7527891955372872,treino,sem_alvo,v1
0.53,1914,13673,1188,25,0.927797619047619,0.6170212765957447,0.9871067560598247,0.7593731402499504,treino,sem_alvo,v1
0.54,1906,13735,1126,33,0.9310119047619048,0.6286279683377308,0.9829809179989686,0.7668477167571918,treino,sem_alvo,v1
0.55,1894,13803,1058,45,0.9343452380952381,0.6415989159891599,0.9767921609076844,0.7744837456552852,treino,sem_alvo,v1
0.56,1881,13856,1005,58,0.9367261904761904,0.6517671517671517,0.9700876740587931,0.7796891191709845,treino,sem_alvo,v1
0.5700000000000001,1874,13923,938,65,0.940297619047619,0.666429587482219,0.9664775657555441,0.7888865501999579,treino,sem_alvo,v1
0.58,1864,13986,875,75,0.9434523809523809,0.6805403431909456,0.9613202681794739,0.7969217614365113,treino,sem_alvo,v1
0.59,1858,14044,817,81,0.9465476190476191,0.6945794392523365,0.9582258896338318,0.8053749458170785,treino,sem_alvo,v1
0.6,1853,14100,761,86,0.9495833333333333,0.708875286916603,0.9556472408457968,0.8139688117724577,treino,sem_alvo,v1
0.61,1835,14143,718,104,0.9510714285714286,0.7187622405013709,0.9463641052088706,0.8170080142475512,treino,sem_alvo,v1
0.62,1822,14195,666,117,0.9533928571428572,0.7323151125401929,0.9396596183599794,0.8231307883442512,treino,sem_alvo,v1
0.63,1814,14240,621,125,0.955595238095238,0.7449691991786448,0.9355337802991233,0.8294467306812986,treino,sem_alvo,v1
0.64,1802,14291,570,137,0.9579166666666666,0.7596964586846543,0.9293450232078391,0.8360009278589654,treino,sem_alvo,v1
0.65,1784,14340,521,155,0.9597619047619048,0.7739696312364425,0.9200618875709129,0.8407163053722903,treino,sem_alvo,v1
0.66,1767,14371,490,172,0.9605952380952381,0.7828976517501107,0.9112944816915935,0.842230695900858,treino,sem_alvo,v1
0.67,1750,14399,462,189,0.96125,0.7911392405063291,0.9025270758122743,0.8431703204047217,treino,sem_alvo,v1
0.68,1736,14423,438,203,0.9618452380952381,0.7985280588776449,0.8953068592057761,0.8441526866034524,treino,sem_alvo,v1
0.6900000000000001,1722,14448,413,217,0.9625,0.8065573770491803,0.8880866425992779,0.845360824742268,treino,sem_alvo,v1
0.7000000000000001,1702,14489,372,237,0.96375,0.8206364513018322,0.8777720474471377,0.8482432095689011,treino,sem_alvo,v1
0.71,1676,14527,334,263,0.9644642857142857,0.8338308457711443,0.8643630737493554,0.8488224867054951,treino,sem_alvo,v1
0.72,1650,14558,303,289,0.9647619047619047,0.8448540706605223,0.850954100051573,0.8478931140801644,treino,sem_alvo,v1
0.73,1623,14596,265,316,0.9654166666666667,0.8596398305084746,0.8370293965961836,0.8481839561013849,treino,sem_alvo,v1
0.74,1596,14627,234,343,0.965654761904762,0.8721311475409836,0.8231046931407943,0.8469089944282303,treino,sem_alvo,v1
0.75,1559,14645,216,380,0.9645238095238096,0.8783098591549295,0.8040226921093347,0.8395261173936457,treino,sem_alvo,v1
0.76,1534,14674,187,405,0.9647619047619047,0.8913422428820453,0.7911294481691593,0.8382513661202186,treino,sem_alvo,v1
0.77,1511,14683,178,428,0.9639285714285715,0.8946121965660154,0.7792676637441981,0.8329658213891952,treino,sem_alvo,v1
0.78,1496,14703,158,443,0.9642261904761905,0.9044740024183797,0.7715317173800929,0.8327303089340384,treino,sem_alvo,v1
0.79,1477,14719,142,462,0.964047619047619,0.9122915379864114,0.7617328519855595,0.8302417088251827,treino,sem_alvo,v1
0.8,1444,14741,120,495,0.9633928571428572,0.9232736572890026,0.7447137699845281,0.8244361975449614,treino,sem_alvo,v1
0.81,1398,14762,99,541,0.9619047619047619,0.9338677354709419,0.7209902011346054,0.8137369033760187,treino,sem_alvo,v1
0.8200000000000001,1361,14782,79,578,0.9608928571428571,0.9451388888888889,0.7019082001031459,0.8055637762651672,treino,sem_alvo,v1
0.8300000000000001,1314,14803,58,625,0.9593452380952381,0.9577259475218659,0.6776689014956163,0.7937179099969798,treino,sem_alvo,v1
0.84,1273,14812,49,666,0.9574404761904762,0.9629349470499243,0.6565239814337287,0.7807421036491874,treino,sem_alvo,v1
0.85,1237,14820,41,702,0.9557738095238095,0.9679186228482003,0.6379577101598762,0.7690394777743239,treino,sem_alvo,v1
0.86,1205,14830,31,734,0.9544642857142858,0.9749190938511327,0.6214543579164518,0.7590551181102362,treino,sem_alvo,v1
0.87,1155,14838,23,784,0.9519642857142857,0.9804753820033956,0.5956678700361011,0.7410972088546679,treino,sem_alvo,v1
0.88,1096,14846,15,843,0.9489285714285715,0.9864986498649865,0.5652398143372873,0.718688524590164,treino,sem_alvo,v1
0.89,1027,14855,6,912,0.9453571428571429,0.9941916747337851,0.5296544610624033,0.6911170928667564,treino,sem_alvo,v1
0.9,958,14857,4,981,0.9413690476190476,0.9958419958419958,0.49406910778751933,0.660461909686315,treino,sem_alvo,v1
0.91,832,14858,3,1107,0.9339285714285714,0.9964071856287425,0.4290871583290356,0.5998558038932948,treino,sem_alvo,v1
0.92,728,14859,2,1211,0.927797619047619,0.9972602739726028,0.37545126353790614,0.5455226676657924,treino,sem_alvo,v1
0.93,636,14860,1,1303,0.9223809523809524,0.9984301412872841,0.3280041258380609,0.4937888198757764,treino,sem_alvo,v1
0.9400000000000001,522,14861,0,1417,0.9156547619047619,1.0,0.2692109334708613,0.4242177976432345,treino,sem_alvo,v1
0.9500000000000001,412,14861,0,1527,0.9091071428571429,1.0,0.21248066013408973,0.35048915355168014,treino,sem_alvo,v1
0.96,276,14861,0,1663,0.9010119047619047,1.0,0.14234141309953585,0.2492099322799097,treino,sem_alvo,v1
0.97,138,14861,0,1801,0.892797619047619,1.0,0.07117070654976793,0.13288396726047183,treino,sem_alvo,v1
0.98,40,14861,0,1899,0.8869642857142858,1.0,0.020629190304280558,0.0404244567963618,treino,sem_alvo,v1
0.99,2,14861,0,1937,0.884702380952381,1.0,0.0010314595152140279,0.0020607934054611026,treino,sem_alvo,v1
1.0,0,14861,0,1939,0.8845833333333334,0.0,0.0,0.0,treino,sem_alvo,v1
0.0,1939,0,14861,0,0.11541666666666667,0.11541666666666667,1.0,0.20694807620470676,treino,sem_alvo,v2
0.01,1939,8751,6110,0,0.6363095238095238,0.24089949061995278,1.0,0.3882659191029235,treino,sem_alvo,v2
0.02,1939,10352,4509,0,0.7316071428571429,0.3007133995037221,1.0,0.46238225825682605,treino,sem_alvo,v2
0.03,1939,11283,3578,0,0.7870238095238096,0.35145912633677723,1.0,0.5201180257510729,treino,sem_alvo,v2
0.04,1939,11896,2965,0,0.8235119047619047,0.3953915171288744,1.0,0.5667105070875347,treino,sem_alvo,v2
0.05,1939,12332,2529,0,0.8494642857142857,0.4339749328558639,1.0,0.6052754799438115,treino,sem_alvo,v2
0.06,1939,12699,2162,0,0.8713095238095238,0.47281150938795413,1.0,0.6420529801324504,treino,sem_alvo,v2
0.07,1939,12969,1892,0,0.8873809523809524,0.5061341686243801,1.0,0.6720970537261698,treino,sem_alvo,v2
0.08,1939,13195,1666,0,0.9008333333333334,0.537864077669903,1.0,0.6994949494949495,treino,sem_alvo,v2
0.09,1939,13392,1469,0,0.9125595238095238,0.5689553990610329,1.0,0.7252665045820086,treino,sem_alvo,v2
0.1,1939,13539,1322,0,0.9213095238095238,0.5946028825513646,1.0,0.7457692307692307,treino,sem_alvo,v2
0.11,1939,13644,1217,0,0.9275595238095238,0.6143852978453739,1.0,0.7611383709519136,treino,sem_alvo,v2
0.12,1939,13763,1098,0,0.9346428571428571,0.6384590055976292,1.0,0.7793408360128617,treino,sem_alvo,v2
0.13,1939,13846,1015,0,0.9395833333333333,0.6563981042654028,1.0,0.7925608011444921,treino,sem_alvo,v2
0.14,1939,13926,935,0,0.9443452380952381,0.674669450243563,1.0,0.8057344691460627,treino,sem_alvo,v2
0.15,1939,13992,869,0,0.9482738095238096,0.6905270655270656,1.0,0.8169370128502212,treino,sem_alvo,v2
0.16,1939,14038,823,0,0.9510119047619048,0.7020275162925417,1.0,0.8249308657732397,treino,sem_alvo,v2
0.17,1939,14112,749,0,0.9554166666666667,0.7213541666666666,1.0,0.8381240544629349,treino,sem_alvo,v2
0.18,1939,14157,704,0,0.9580952380952381,0.7336360196746122,1.0,0.8463553033609778,treino,sem_alvo,v2
0.19,1939,14200,661,0,0.960654761904762,0.7457692307692307,1.0,0.8543732099581406,treino,sem_alvo,v2
0.2,1938,14249,612,1,0.9635119047619047,0.76,0.999484270242393,0.8634439741590555,treino,sem_alvo,v2
0.21,1938,14294,567,1,0.9661904761904762,0.7736526946107785,0.999484270242393,0.8721872187218722,treino,sem_alvo,v2
0.22,1937,14339,522,2,0.9688095238095238,0.7877185847905652,0.998968540484786,0.8808549340609367,treino,sem_alvo,v2
0.23,1935,14382,479,4,0.97125,0.8015741507870754,0.9979370809695719,0.8890420399724328,treino,sem_alvo,v2
0.24,1935,14422,439,4,0.9736309523809524,0.8150800336983993,0.9979370809695719,0.8972872710410387,treino,sem_alvo,v2
0.25,1934,14458,403,5,0.9757142857142858,0.8275566966195977,0.997421351211965,0.9045837231057062,treino,sem_alvo,v2
0.26,1933,14498,363,6,0.9780357142857142,0.8418989547038328,0.9969056214543579,0.9128689492325855,treino,sem_alvo,v2
0.27,1933,14526,335,6,0.9797023809523809,0.8522927689594356,0.9969056214543579,0.9189446161159971,treino,sem_alvo,v2
0.28,1930,14549,312,9,0.9808928571428571,0.8608385370205174,0.9953584321815369,0.923224109064817,treino,sem_alvo,v2
0.29,1929,14569,292,10,0.9820238095238095,0.8685276902296263,0.9948427024239299,0.9274038461538462,treino,sem_alvo,v2
0.3,1929,14586,275,10,0.9830357142857142,0.8752268602540835,0.9948427024239299,0.9312092686459088,treino,sem_alvo,v2
0.31,1925,14600,261,14,0.9836309523809523,0.8806038426349497,0.9927797833935018,0.9333333333333333,treino,sem_alvo,v2
0.32,1921,14617,244,18,0.9844047619047619,0.8872979214780601,0.9907168643630737,0.9361598440545809,treino,sem_alvo,v2
0.33,1918,14637,224,21,0.9854166666666667,0.8954248366013072,0.9891696750902527,0.9399656946826758,treino,sem_alvo,v2
0.34,1913,14655,206,26,0.9861904761904762,0.902784332232185,0.9865910263022176,0.9428289797930015,treino,sem_alvo,v2
0.35000000000000003,1910,14668,193,29,0.9867857142857143,0.908226343319068,0.9850438370293966,0.9450766947055913,treino,sem_alvo,v2
0.36,1904,14680,181,35,0.9871428571428571,0.913189448441247,0.9819494584837545,0.9463220675944334,treino,sem_alvo,v2
0.37,1899,14697,164,40,0.9878571428571429,0.9205041202132817,0.9793708096957194,0.9490254872563718,treino,sem_alvo,v2
0.38,1887,14715,146,52,0.9882142857142857,0.9281849483521889,0.9731820526044352,0.9501510574018127,treino,sem_alvo,v2
0.39,1879,14726,135,60,0.9883928571428572,0.9329692154915591,0.9690562145435792,0.9506703769289148,treino,sem_alvo,v2
0.4,1870,14736,125,69,0.988452380952381,0.9373433583959899,0.964414646725116,0.9506863243518048,treino,sem_alvo,v2
0.41000000000000003,1860,14751,110,79,0.98875,0.9441624365482234,0.9592573491490459,0.9516500383729855,treino,sem_alvo,v2
0.42,1853,14761,100,86,0.9889285714285714,0.9487967229902714,0.9556472408457968,0.9522096608427544,treino,sem_alvo,v2
0.43,1842,14771,90,97,0.9888690476190476,0.953416149068323,0.9499742135121196,0.9516920692327564,treino,sem_alvo,v2
0.44,1831,14776,85,108,0.9885119047619048,0.9556367432150313,0.9443011861784425,0.949935149156939,treino,sem_alvo,v2
0.45,1819,14783,78,120,0.9882142857142857,0.9588824459673169,0.9381124290871583,0.9483837330552659,treino,sem_alvo,v2
0.46,1808,14790,71,131,0.9879761904761905,0.9622139435870144,0.9324394017534812,0.9470927187008905,treino,sem_alvo,v2
0.47000000000000003,1792,14799,62,147,0.9875595238095238,0.9665587918015103,0.924187725631769,0.9448984972317427,treino,sem_alvo,v2
0.48,1772,14805,56,167,0.9867261904761905,0.9693654266958425,0.9138731304796287,0.9408016989646933,treino,sem_alvo,v2
0.49,1761,14813,48,178,0.986547619047619,0.9734660033167496,0.9082001031459516,0.9397011739594451,treino,sem_alvo,v2
0.5,1744,14816,45,195,0.9857142857142858,0.9748462828395752,0.8994326972666323,0.9356223175965666,treino,sem_alvo,v2
0.51,1729,14822,39,210,0.9851785714285715,0.9779411764705882,0.8916967509025271,0.9328297814944699,treino,sem_alvo,v2
0.52,1710,14823,38,229,0.9841071428571428,0.9782608695652174,0.8818978855079939,0.9275834011391375,treino,sem_alvo,v2
0.53,1699,14826,35,240,0.9836309523809523,0.9798154555940023,0.8762248581743166,0.9251293220800436,treino,sem_alvo,v2
0.54,1680,14831,30,259,0.9827976190476191,0.9824561403508771,0.8664259927797834,0.9208002192381475,treino,sem_alvo,v2
0.55,1657,14832,29,282,0.9814880952380952,0.9827995255041518,0.854564208354822,0.9142068965517242,treino,sem_alvo,v2
0.56,1634,14835,26,305,0.980297619047619,0.9843373493975903,0.8427024239298607,0.9080300083356488,treino,sem_alvo,v2
0.5700000000000001,1605,14839,22,334,0.9788095238095238,0.986478180700676,0.8277462609592573,0.900168255748738,treino,sem_alvo,v2
0.58,1581,14843,18,358,0.9776190476190476,0.9887429643527205,0.815368746776689,0.8937252685132844,treino,sem_alvo,v2
0.59,1553,14847,14,386,0.9761904761904762,0.9910657306955967,0.8009283135636927,0.8859098687963491,treino,sem_alvo,v2
0.6,1526,14848,13,413,0.9746428571428571,0.9915529564652371,0.7870036101083032,0.8775158136860265,treino,sem_alvo,v2
0.61,1515,14849,12,424,0.974047619047619,0.9921414538310412,0.7813305827746261,0.8742065781881131,treino,sem_alvo,v2
0.62,1487,14851,10,452,0.9725,0.9933199732798931,0.7668901495616297,0.8655413271245634,treino,sem_alvo,v2
0.63,1459,14852,9,480,0.9708928571428571,0.9938692098092643,0.7524497163486333,0.8564719694746111,treino,sem_alvo,v2
0.64,1425,14853,8,514,0.9689285714285715,0.994417306350314,0.7349149045899949,0.8451957295373665,treino,sem_alvo,v2
0.65,1400,14855,6,539,0.9675595238095238,0.9957325746799431,0.7220216606498195,0.8370702541106129,treino,sem_alvo,v2
0.66,1381,14855,6,558,0.9664285714285714,0.9956741167988464,0.7122227952552862,0.830426939266386,treino,sem_alvo,v2
0.67,1346,14856,5,593,0.9644047619047619,0.996299037749815,0.6941722537390408,0.8182370820668693,treino,sem_alvo,v2
0.68,1319,14856,5,620,0.9627976190476191,0.9962235649546828,0.6802475502836514,0.8084584737971192,treino,sem_alvo,v2
0.6900000000000001,1285,14857,4,654,0.9608333333333333,0.9968968192397207,0.6627127385250129,0.7961586121437423,treino,sem_alvo,v2
0.7000000000000001,1254,14857,4,685,0.9589880952380953,0.9968203497615262,0.6467251160391955,0.7844854551141696,treino,sem_alvo,v2
0.71,1225,14857,4,714,0.9572619047619048,0.9967453213995118,0.631768953068592,0.7733585858585859,treino,sem_alvo,v2
0.72,1194,14859,2,745,0.9555357142857143,0.9983277591973244,0.6157813305827746,0.7617224880382775,treino,sem_alvo,v2
0.73,1155,14859,2,784,0.9532142857142857,0.9982713915298185,0.5956678700361011,0.7461240310077519,treino,sem_alvo,v2
0.74,1128,14860,1,811,0.9516666666666667,0.9991142604074402,0.5817431665807117,0.7353324641460235,treino,sem_alvo,v2
0.75,1089,14861,0,850,0.9494047619047619,1.0,0.5616297060340382,0.7192866578599736,treino,sem_alvo,v2
0.76,1057,14861,0,882,0.9475,1.0,0.5451263537906137,0.705607476635514,treino,sem_alvo,v2
0.77,1001,14861,0,938,0.9441666666666667,1.0,0.516245487364621,0.680952380952381,treino,sem_alvo,v2
0.78,954,14861,0,985,0.9413690476190476,1.0,0.4920061887570913,0.6595229865191843,treino,sem_alvo,v2
0.79,921,14861,0,1018,0.9394047619047619,1.0,0.4749871067560598,0.644055944055944,treino,sem_alvo,v2
0.8,878,14861,0,1061,0.9368452380952381,1.0,0.4528107271789582,0.6233581824636137,treino,sem_alvo,v2
0.81,837,14861,0,1102,0.934404761904762,1.0,0.43166580711707064,0.6030259365994236,treino,sem_alvo,v2
0.8200000000000001,792,14861,0,1147,0.9317261904761904,1.0,0.40845796802475504,0.5800073233247894,treino,sem_alvo,v2
0.8300000000000001,749,14861,0,1190,0.9291666666666667,1.0,0.3862815884476534,0.5572916666666666,treino,sem_alvo,v2
0.84,708,14861,0,1231,0.9267261904761904,1.0,0.36513666838576586,0.5349452210049113,treino,sem_alvo,v2
0.85,652,14861,0,1287,0.9233928571428571,1.0,0.33625580195977306,0.5032805866460826,treino,sem_alvo,v2
0.86,581,14861,0,1358,0.9191666666666667,1.0,0.2996389891696751,0.46111111111111114,treino,sem_alvo,v2
0.87,517,14861,0,1422,0.9153571428571429,1.0,0.2666322846828262,0.4210097719869707,treino,sem_alvo,v2
0.88,460,14861,0,1479,0.9119642857142857,1.0,0.2372356884992264,0.3834931221342226,treino,sem_alvo,v2
0.89,418,14861,0,1521,0.9094642857142857,1.0,0.21557503867973182,0.35468816291896477,treino,sem_alvo,v2
0.9,369,14861,0,1570,0.906547619047619,1.0,0.19030428055698814,0.3197573656845754,treino,sem_alvo,v2
0.91,308,14861,0,1631,0.9029166666666667,1.0,0.1588447653429603,0.27414330218068533,treino,sem_alvo,v2
0.92,237,14861,0,1702,0.8986904761904762,1.0,0.1222279525528623,0.21783088235294118,treino,sem_alvo,v2
0.93,196,14861,0,1743,0.89625,1.0,0.10108303249097472,0.18360655737704917,treino,sem_alvo,v2
0.9400000000000001,156,14861,0,1783,0.8938690476190476,1.0,0.08045384218669417,0.14892601431980906,treino,sem_alvo,v2
0.9500000000000001,116,14861,0,1823,0.8914880952380952,1.0,0.059824651882413614,0.11289537712895377,treino,sem_alvo,v2
0.96,75,14861,0,1864,0.8890476190476191,1.0,0.038679731820526045,0.07447864945382324,treino,sem_alvo,v2
0.97,38,14861,0,1901,0.8868452380952381,1.0,0.019597730789066528,0.03844208396560445,treino,sem_alvo,v2
0.98,16,14861,0,1923,0.8855357142857143,1.0,0.008251676121712223,0.016368286445012786,treino,sem_alvo,v2
0.99,1,14861,0,1938,0.8846428571428572,1.0,0.0005157297576070139,0.0010309278350515464,treino,sem_alvo,v2
1.0,0,14861,0,1939,0.8845833333333334,0.0,0.0,0.0,treino,sem_alvo,v2
0.0,655,0,3545,0,0.15595238095238095,0.15595238095238095,1.0,0.2698249227600412,teste,rotulado,v1
0.01,655,216,3329,0,0.2073809523809524,0.16440763052208834,1.0,0.2823884457857297,teste,rotulado,v1
0.02,652,533,3012,3,0.28214285714285714,0.1779475982532751,0.9954198473282443,0.3019217411437833,teste,rotulado,v1
0.03,648,870,2675,7,0.36142857142857143,0.19500451399337948,0.9893129770992366,0.3257918552036199,teste,rotulado,v1
0.04,638,1156,2389,17,0.42714285714285716,0.21076973901552692,0.9740458015267176,0.3465507876154264,teste,rotulado,v1
0.05,638,1358,2187,17,0.47523809523809524,0.22584070796460176,0.9740458015267176,0.36666666666666664,teste,rotulado,v1
0.06,635,1520,2025,20,0.513095238095238,0.2387218045112782,0.9694656488549618,0.38310708898944196,teste,rotulado,v1
0.07,633,1633,1912,22,0.5395238095238095,0.24872298624754421,0.966412213740458,0.395625,teste,rotulado,v1
0.08,631,1746,1799,24,0.565952380952381,0.25967078189300413,0.9633587786259542,0.40907617504051863,teste,rotulado,v1
0.09,628,1859,1686,27,0.5921428571428572,0.2713915298184961,0.9587786259541985,0.4230380599528461,teste,rotulado,v1
0.1,626,1948,1597,29,0.6128571428571429,0.28160143949617633,0.9557251908396946,0.43502432244614314,teste,rotulado,v1
0.11,626,2015,1530,29,0.6288095238095238,0.29035250463821893,0.9557251908396946,0.4453930985414443,teste,rotulado,v1
0.12,626,2073,1472,29,0.6426190476190476,0.29837940896091514,0.9557251908396946,0.45477660733745007,teste,rotulado,v1
0.13,626,2123,1422,29,0.6545238095238095,0.3056640625,0.9557251908396946,0.4631890492045875,teste,rotulado,v1
0.14,626,2164,1381,29,0.6642857142857143,0.31190832087693077,0.9557251908396946,0.47032306536438767,teste,rotulado,v1
0.15,625,2209,1336,30,0.6747619047619048,0.3187149413564508,0.9541984732824428,0.47782874617737003,teste,rotulado,v1
0.16,625,2257,1288,30,0.6861904761904762,0.3267119707266074,0.9541984732824428,0.4867601246105919,teste,rotulado,v1
0.17,625,2314,1231,30,0.6997619047619048,0.33674568965517243,0.9541984732824428,0.49780963759458385,teste,rotulado,v1
0.18,625,2350,1195,30,0.7083333333333334,0.3434065934065934,0.9541984732824428,0.5050505050505051,teste,rotulado,v1
0.19,624,2388,1157,31,0.7171428571428572,0.35036496350364965,0.9526717557251908,0.5123152709359606,teste,rotulado,v1
0.2,624,2419,1126,31,0.7245238095238096,0.3565714285714286,0.9526717557251908,0.518918918918919,teste,rotulado,v1
0.21,624,2440,1105,31,0.7295238095238096,0.3609022556390977,0.9526717557251908,0.5234899328859061,teste,rotulado,v1
0.22,624,2465,1080,31,0.7354761904761905,0.36619718309859156,0.9526717557251908,0.5290377278507842,teste,rotulado,v1
0.23,624,2490,1055,31,0.7414285714285714,0.3716497915425849,0.9526717557251908,0.5347043701799485,teste,rotulado,v1
0.24,624,2510,1035,31,0.7461904761904762,0.37613019891500904,0.9526717557251908,0.5393258426966292,teste,rotulado,v1
0.25,624,2538,1007,31,0.7528571428571429,0.3825873697118332,0.9526717557251908,0.5459317585301837,teste,rotulado,v1
0.26,624,2566,979,31,0.7595238095238095,0.38927011852776044,0.9526717557251908,0.5527015057573074,teste,rotulado,v1
0.27,624,2606,939,31,0.7690476190476191,0.39923224568138194,0.9526717557251908,0.5626690712353472,teste,rotulado,v1
0.28,623,2650,895,32,0.7792857142857142,0.41040843214756256,0.9511450381679389,0.5734008283479061,teste,rotulado,v1
0.29,623,2679,866,32,0.7861904761904762,0.41840161182001345,0.9511450381679389,0.5811567164179104,teste,rotulado,v1
0.3,622,2716,829,33,0.7947619047619048,0.4286698828394211,0.9496183206106871,0.5906932573599241,teste,rotulado,v1
0.31,622,2749,796,33,0.8026190476190476,0.4386459802538787,0.9496183206106871,0.6000964785335263,teste,rotulado,v1
0.32,622,2782,763,33,0.8104761904761905,0.4490974729241877,0.9496183206106871,0.6098039215686275,teste,rotulado,v1
0.33,622,2829,716,33,0.8216666666666667,0.4648729446935725,0.9496183206106871,0.6241846462619167,teste,rotulado,v1
0.34,622,2864,681,33,0.83,0.47735993860322334,0.9496183206106871,0.6353421859039836,teste,rotulado,v1
0.35000000000000003,622,2907,638,33,0.8402380952380952,0.4936507936507937,0.9496183206106871,0.6496083550913838,teste,rotulado,v1
0.36,621,2944,601,34,0.8488095238095238,0.5081833060556464,0.9480916030534351,0.6616941928609483,teste,rotulado,v1
0.37,621,2958,587,34,0.8521428571428571,0.5140728476821192,0.9480916030534351,0.6666666666666666,teste,rotulado,v1
0.38,621,2977,568,34,0.8566666666666667,0.5222876366694701,0.9480916030534351,0.6735357917570499,teste,rotulado,v1
0.39,621,2986,559,34,0.8588095238095238,0.5262711864406779,0.9480916030534351,0.6768392370572207,teste,rotulado,v1
0.4,621,3004,541,34,0.8630952380952381,0.5344234079173839,0.9480916030534351,0.6835443037974683,teste,rotulado,v1
0.41000000000000003,621,3021,524,34,0.8671428571428571,0.5423580786026201,0.9480916030534351,0.69,teste,rotulado,v1
0.42,621,3034,511,34,0.8702380952380953,0.5485865724381626,0.9480916030534351,0.6950195858981534,teste,rotulado,v1
0.43,621,3043,502,34,0.8723809523809524,0.5529830810329475,0.9480916030534351,0.6985376827896513,teste,rotulado,v1
0.44,621,3053,492,34,0.8747619047619047,0.5579514824797843,0.9480916030534351,0.7024886877828054,teste,rotulado,v1
0.45,621,3064,481,34,0.8773809523809524,0.5635208711433757,0.9480916030534351,0.7068867387592487,teste,rotulado,v1
0.46,621,3071,474,34,0.8790476190476191,0.5671232876712329,0.9480916030534351,0.7097142857142857,teste,rotulado,v1
0.47000000000000003,620,3077,468,35,0.8802380952380953,0.5698529411764706,0.9465648854961832,0.7114170969592656,teste,rotulado,v1
0.48,618,3086,459,37,0.8819047619047619,0.5738161559888579,0.9435114503816794,0.7136258660508084,teste,rotulado,v1
0.49,617,3094,451,38,0.8835714285714286,0.5777153558052435,0.9419847328244275,0.7161926871735346,teste,rotulado,v1
0.5,617,3104,441,38,0.8859523809523809,0.5831758034026465,0.9419847328244275,0.7203736135434909,teste,rotulado,v1
0.51,616,3110,435,39,0.8871428571428571,0.5861084681255947,0.9404580152671755,0.7221570926143025,teste,rotulado,v1
0.52,616,3119,426,39,0.8892857142857142,0.5911708253358925,0.9404580152671755,0.7259870359457867,teste,rotulado,v1
0.53,616,3129,416,39,0.8916666666666667,0.5968992248062015,0.9404580152671755,0.7302904564315352,teste,rotulado,v1
0.54,615,3138,407,40,0.8935714285714286,0.601761252446184,0.9389312977099237,0.7334525939177102,teste,rotulado,v1
0.55,615,3147,398,40,0.8957142857142857,0.6071076011846002,0.9389312977099237,0.737410071942446,teste,rotulado,v1
0.56,615,3158,387,40,0.8983333333333333,0.6137724550898204,0.9389312977099237,0.7423053711526856,teste,rotulado,v1
0.5700000000000001,614,3170,375,41,0.900952380952381,0.6208291203235592,0.9374045801526718,0.7469586374695864,teste,rotulado,v1
0.58,613,3183,362,42,0.9038095238095238,0.6287179487179487,0.9358778625954198,0.7521472392638037,teste,rotulado,v1
0.59,609,3196,349,46,0.905952380952381,0.6356993736951984,0.9297709923664123,0.755114693118413,teste,rotulado,v1
0.6,606,3207,338,49,0.9078571428571428,0.6419491525423728,0.9251908396946565,0.7579737335834896,teste,rotulado,v1
0.61,605,3224,321,50,0.9116666666666666,0.6533477321814255,0.9236641221374046,0.7653383934218849,teste,rotulado,v1
0.62,602,3237,308,53,0.914047619047619,0.6615384615384615,0.9190839694656489,0.7693290734824281,teste,rotulado,v1
0.63,600,3249,296,55,0.9164285714285715,0.6696428571428571,0.916030534351145,0.7736943907156673,teste,rotulado,v1
0.64,598,3261,284,57,0.9188095238095239,0.6780045351473923,0.9129770992366413,0.7781392322706572,teste,rotulado,v1
0.65,598,3268,277,57,0.9204761904761904,0.6834285714285714,0.9129770992366413,0.7816993464052288,teste,rotulado,v1
0.66,597,3276,269,58,0.9221428571428572,0.6893764434180139,0.9114503816793893,0.7850098619329389,teste,rotulado,v1
0.67,595,3280,265,60,0.9226190476190477,0.6918604651162791,0.9083969465648855,0.7854785478547854,teste,rotulado,v1
0.68,589,3283,262,66,0.9219047619047619,0.6921269095182139,0.899236641221374,0.7822045152722443,teste,rotulado,v1
0.6900000000000001,588,3291,254,67,0.9235714285714286,0.6983372921615202,0.8977099236641222,0.7855711422845691,teste,rotulado,v1
0.7000000000000001,585,3297,248,70,0.9242857142857143,0.7022809123649459,0.8931297709923665,0.7862903225806451,teste,rotulado,v1
0.71,585,3306,239,70,0.9264285714285714,0.7099514563106796,0.8931297709923665,0.7910750507099391,teste,rotulado,v1
0.72,583,3313,232,72,0.9276190476190476,0.7153374233128834,0.8900763358778626,0.7931972789115647,teste,rotulado,v1
0.73,582,3321,224,73,0.9292857142857143,0.7220843672456576,0.8885496183206106,0.7967145790554415,teste,rotulado,v1
0.74,580,3334,211,75,0.9319047619047619,0.7332490518331226,0.8854961832061069,0.8022130013831259,teste,rotulado,v1
0.75,577,3348,197,78,0.9345238095238095,0.7454780361757106,0.8809160305343512,0.8075577326801959,teste,rotulado,v1
0.76,573,3354,191,82,0.935,0.75,0.8748091603053435,0.8076109936575053,teste,rotulado,v1
0.77,559,3367,178,96,0.9347619047619048,0.7584803256445047,0.8534351145038168,0.8031609195402298,teste,rotulado,v1
0.78,548,3377,168,107,0.9345238095238095,0.7653631284916201,0.8366412213740458,0.799416484318016,teste,rotulado,v1
0.79,528,3384,161,127,0.9314285714285714,0.7663280116110305,0.8061068702290076,0.7857142857142857,teste,rotulado,v1
0.8,494,3389,156,161,0.9245238095238095,0.76,0.7541984732824427,0.757088122605364,teste,rotulado,v1
0.81,476,3411,134,179,0.9254761904761905,0.780327868852459,0.7267175572519083,0.7525691699604743,teste,rotulado,v1
0.8200000000000001,448,3433,112,207,0.924047619047619,0.8,0.683969465648855,0.7374485596707819,teste,rotulado,v1
0.8300000000000001,431,3473,72,224,0.9295238095238095,0.856858846918489,0.6580152671755726,0.7443868739205527,teste,rotulado,v1
0.84,418,3504,41,237,0.9338095238095238,0.9106753812636166,0.6381679389312978,0.7504488330341114,teste,rotulado,v1
0.85,401,3516,29,254,0.9326190476190476,0.9325581395348838,0.6122137404580152,0.7391705069124423,teste,rotulado,v1
0.86,385,3521,24,270,0.93,0.941320293398533,0.5877862595419847,0.7236842105263158,teste,rotulado,v1
0.87,367,3522,23,288,0.925952380952381,0.941025641025641,0.5603053435114503,0.7023923444976077,teste,rotulado,v1
0.88,352,3524,21,303,0.9228571428571428,0.9436997319034852,0.5374045801526718,0.6848249027237354,teste,rotulado,v1
0.89,302,3528,17,353,0.9119047619047619,0.9467084639498433,0.46106870229007635,0.6201232032854209,teste,rotulado,v1
0.9,276,3529,16,379,0.905952380952381,0.9452054794520548,0.4213740458015267,0.5828933474128828,teste,rotulado,v1
0.91,244,3533,12,411,0.8992857142857142,0.953125,0.37251908396946565,0.535675082327113,teste,rotulado,v1
0.92,186,3540,5,469,0.8871428571428571,0.9738219895287958,0.28396946564885495,0.4397163120567376,teste,rotulado,v1
0.93,151,3545,0,504,0.88,1.0,0.23053435114503817,0.3746898263027295,teste,rotulado,v1
0.9400000000000001,91,3545,0,564,0.8657142857142858,1.0,0.13893129770992366,0.24396782841823056,teste,rotulado,v1
0.9500000000000001,45,3545,0,610,0.8547619047619047,1.0,0.06870229007633588,0.12857142857142856,teste,rotulado,v1
0.96,25,3545,0,630,0.85,1.0,0.03816793893129771,0.07352941176470588,teste,rotulado,v1
0.97,18,3545,0,637,0.8483333333333334,1.0,0.02748091603053435,0.05349182763744428,teste,rotulado,v1
0.98,6,3545,0,649,0.8454761904761905,1.0,0.00916030534351145,0.018154311649016642,teste,rotulado,v1
0.99,0,3545,0,655,0.844047619047619,0.0,0.0,0.0,teste,rotulado,v1
1.0,0,3545,0,655,0.844047619047619,0.0,0.0,0.0,teste,rotulado,v1
0.0,655,0,3545,0,0.15595238095238095,0.15595238095238095,1.0,0.2698249227600412,teste,rotulado,v2
0.01,645,1352,2193,10,0.4754761904761905,0.22727272727272727,0.9847328244274809,0.3693100486687661,teste,rotulado,v2
0.02,635,1641,1904,20,0.5419047619047619,0.2500984639621898,0.9694656488549618,0.3976205385097057,teste,rotulado,v2
0.03,630,1814,1731,25,0.5819047619047619,0.2668360864040661,0.9618320610687023,0.4177718832891247,teste,rotulado,v2
0.04,626,1989,1556,29,0.6226190476190476,0.28689275893675525,0.9557251908396946,0.44131124427211843,teste,rotulado,v2
0.05,626,2101,1444,29,0.6492857142857142,0.30241545893719807,0.9557251908396946,0.4594495412844037,teste,rotulado,v2
0.06,626,2167,1378,29,0.665,0.312375249500998,0.9557251908396946,0.47085370440015045,teste,rotulado,v2
0.07,625,2235,1310,30,0.680952380952381,0.32299741602067183,0.9541984732824428,0.4826254826254826,teste,rotulado,v2
0.08,625,2298,1247,30,0.695952380952381,0.33386752136752135,0.9541984732824428,0.4946576968737634,teste,rotulado,v2
0.09,625,2357,1188,30,0.71,0.34473248758963043,0.9541984732824428,0.506482982171799,teste,rotulado,v2
0.1,625,2419,1126,30,0.7247619047619047,0.35693889206167906,0.9541984732824428,0.5195344970906068,teste,rotulado,v2
0.11,625,2463,1082,30,0.7352380952380952,0.3661394258933802,0.9541984732824428,0.529212531752752,teste,rotulado,v2
0.12,625,2518,1027,30,0.7483333333333333,0.37832929782082325,0.9541984732824428,0.541829215431296,teste,rotulado,v2
0.13,625,2554,991,30,0.7569047619047619,0.38675742574257427,0.9541984732824428,0.5504183179216204,teste,rotulado,v2
0.14,624,2580,965,31,0.7628571428571429,0.39269981120201386,0.9526717557251908,0.5561497326203209,teste,rotulado,v2
0.15,624,2608,937,31,0.7695238095238095,0.3997437540038437,0.9526717557251908,0.5631768953068592,teste,rotulado,v2
0.16,623,2639,906,32,0.7766666666666666,0.40745585349901897,0.9511450381679389,0.5705128205128205,teste,rotulado,v2
0.17,621,2658,887,34,0.7807142857142857,0.41180371352785144,0.9480916030534351,0.5742024965325936,teste,rotulado,v2
0.18,621,2676,869,34,0.785,0.4167785234899329,0.9480916030534351,0.579020979020979,teste,rotulado,v2
0.19,619,2699,846,36,0.79,0.4225255972696246,0.9450381679389313,0.5839622641509434,teste,rotulado,v2
0.2,617,2733,812,38,0.7976190476190477,0.43177046885934217,0.9419847328244275,0.5921305182341651,teste,rotulado,v2
0.21,616,2762,783,39,0.8042857142857143,0.4403145103645461,0.9404580152671755,0.5998052580331061,teste,rotulado,v2
0.22,615,2782,763,40,0.8088095238095238,0.4462989840348331,0.9389312977099237,0.6050172159370388,teste,rotulado,v2
0.23,612,2804,741,43,0.8133333333333334,0.4523281596452328,0.934351145038168,0.6095617529880478,teste,rotulado,v2
0.24,611,2823,722,44,0.8176190476190476,0.45836459114778694,0.932824427480916,0.6146881287726358,teste,rotulado,v2
0.25,609,2835,710,46,0.82,0.46171341925701287,0.9297709923664123,0.6170212765957447,teste,rotulado,v2
0.26,608,2855,690,47,0.8245238095238095,0.46841294298921415,0.9282442748091603,0.6226318484383001,teste,rotulado,v2
0.27,608,2884,661,47,0.8314285714285714,0.4791174152876281,0.9282442748091603,0.632016632016632,teste,rotulado,v2
0.28,608,2906,639,47,0.8366666666666667,0.48757016840417,0.9282442748091603,0.6393270241850684,teste,rotulado,v2
0.29,606,2935,610,49,0.8430952380952381,0.49835526315789475,0.9251908396946565,0.6477819347942276,teste,rotulado,v2
0.3,602,2962,583,53,0.8485714285714285,0.5080168776371308,0.9190839694656489,0.6543478260869565,teste,rotulado,v2
0.31,601,2988,557,54,0.8545238095238096,0.5189982728842832,0.917557251908397,0.6629895201323773,teste,rotulado,v2
0.32,600,3009,536,55,0.8592857142857143,0.528169014084507,0.916030534351145,0.6700167504187605,teste,rotulado,v2
0.33,600,3035,510,55,0.8654761904761905,0.5405405405405406,0.916030534351145,0.6798866855524079,teste,rotulado,v2
0.34,598,3063,482,57,0.8716666666666667,0.5537037037037037,0.9129770992366413,0.6893371757925072,teste,rotulado,v2
0.35000000000000003,595,3086,459,60,0.8764285714285714,0.5645161290322581,0.9083969465648855,0.6963136337039204,teste,rotulado,v2
0.36,595,3105,440,60,0.8809523809523809,0.5748792270531401,0.9083969465648855,0.7041420118343196,teste,rotulado,v2
0.37,593,3129,416,62,0.8861904761904762,0.5877106045589693,0.9053435114503817,0.7127403846153846,teste,rotulado,v2
0.38,589,3146,399,66,0.8892857142857142,0.5961538461538461,0.899236641221374,0.7169811320754716,teste,rotulado,v2
0.39,583,3170,375,72,0.8935714285714286,0.6085594989561587,0.8900763358778626,0.7228766274023558,teste,rotulado,v2
0.4,579,3195,350,76,0.8985714285714286,0.6232508073196986,0.8839694656488549,0.7310606060606061,teste,rotulado,v2
0.41000000000000003,573,3218,327,82,0.9026190476190477,0.6366666666666667,0.8748091603053435,0.7369774919614148,teste,rotulado,v2
0.42,571,3238,307,84,0.9069047619047619,0.6503416856492027,0.8717557251908397,0.7449445531637312,teste,rotulado,v2
0.43,565,3256,289,90,0.9097619047619048,0.6615925058548009,0.8625954198473282,0.7488402915838304,teste,rotulado,v2
0.44,560,3279,266,95,0.914047619047619,0.6779661016949152,0.8549618320610687,0.7562457798784605,teste,rotulado,v2
0.45,555,3289,256,100,0.9152380952380952,0.6843403205918619,0.8473282442748091,0.757162346521146,teste,rotulado,v2
0.46,549,3308,237,106,0.9183333333333333,0.6984732824427481,0.8381679389312977,0.761970853573907,teste,rotulado,v2
0.47000000000000003,543,3317,228,112,0.919047619047619,0.7042801556420234,0.8290076335877863,0.761570827489481,teste,rotulado,v2
0.48,542,3323,222,113,0.9202380952380952,0.7094240837696335,0.8274809160305343,0.7639182522903453,teste,rotulado,v2
0.49,538,3328,217,117,0.9204761904761904,0.7125827814569536,0.8213740458015267,0.7631205673758865,teste,rotulado,v2
0.5,533,3334,211,122,0.9207142857142857,0.7163978494623656,0.8137404580152672,0.7619728377412437,teste,rotulado,v2
0.51,529,3336,209,126,0.9202380952380952,0.7168021680216802,0.8076335877862595,0.7595118449389806,teste,rotulado,v2
0.52,528,3340,205,127,0.920952380952381,0.7203274215552524,0.8061068702290076,0.760806916426513,teste,rotulado,v2
0.53,526,3343,202,129,0.9211904761904762,0.7225274725274725,0.8030534351145038,0.7606652205350687,teste,rotulado,v2
0.54,521,3349,196,134,0.9214285714285714,0.7266387726638772,0.7954198473282442,0.7594752186588921,teste,rotulado,v2
0.55,518,3349,196,137,0.9207142857142857,0.7254901960784313,0.7908396946564885,0.7567567567567568,teste,rotulado,v2
0.56,509,3351,194,146,0.919047619047619,0.7240398293029872,0.7770992366412214,0.7496318114874816,teste,rotulado,v2
0.5700000000000001,504,3353,192,151,0.9183333333333333,0.7241379310344828,0.7694656488549618,0.7461139896373057,teste,rotulado,v2
0.58,498,3357,188,157,0.9178571428571428,0.7259475218658892,0.7603053435114504,0.7427293064876958,teste,rotulado,v2
0.59,492,3359,186,163,0.9169047619047619,0.7256637168141593,0.751145038167939,0.7381845461365342,teste,rotulado,v2
0.6,481,3362,183,174,0.915,0.7243975903614458,0.7343511450381679,0.7293404094010614,teste,rotulado,v2
0.61,472,3365,180,183,0.9135714285714286,0.7239263803680982,0.7206106870229008,0.722264728385616,teste,rotulado,v2
0.62,458,3365,180,197,0.9102380952380953,0.7178683385579937,0.6992366412213741,0.708430007733952,teste,rotulado,v2
0.63,448,3370,175,207,0.909047619047619,0.7191011235955056,0.683969465648855,0.701095461658842,teste,rotulado,v2
0.64,441,3373,172,214,0.9080952380952381,0.7194127243066885,0.6732824427480916,0.695583596214511,teste,rotulado,v2
0.65,433,3378,167,222,0.9073809523809524,0.7216666666666667,0.6610687022900763,0.6900398406374502,teste,rotulado,v2
0.66,425,3379,166,230,0.9057142857142857,0.7191201353637902,0.648854961832061,0.6821829855537721,teste,rotulado,v2
0.67,420,3385,160,235,0.905952380952381,0.7241379310344828,0.6412213740458015,0.680161943319838,teste,rotulado,v2
0.68,415,3388,157,240,0.9054761904761904,0.7255244755244755,0.6335877862595419,0.6764466177669112,teste,rotulado,v2
0.6900000000000001,408,3397,148,247,0.905952380952381,0.7338129496402878,0.6229007633587786,0.6738232865400495,teste,rotulado,v2
0.7000000000000001,398,3402,143,257,0.9047619047619048,0.7356746765249538,0.6076335877862595,0.6655518394648829,teste,rotulado,v2
0.71,384,3412,133,271,0.9038095238095238,0.7427466150870407,0.5862595419847328,0.6552901023890785,teste,rotulado,v2
0.72,367,3421,124,288,0.9019047619047619,0.7474541751527495,0.5603053435114503,0.6404886561954625,teste,rotulado,v2
0.73,357,3428,117,298,0.9011904761904762,0.7531645569620253,0.5450381679389313,0.6324180690876883,teste,rotulado,v2
0.74,347,3437,108,308,0.900952380952381,0.7626373626373626,0.5297709923664122,0.6252252252252253,teste,rotulado,v2
0.75,335,3449,96,320,0.900952380952381,0.777262180974478,0.5114503816793893,0.6169429097605893,teste,rotulado,v2
0.76,327,3467,78,328,0.9033333333333333,0.8074074074074075,0.49923664122137407,0.6169811320754717,teste,rotulado,v2
0.77,315,3494,51,340,0.9069047619047619,0.860655737704918,0.48091603053435117,0.6170421155729677,teste,rotulado,v2
0.78,303,3508,37,352,0.9073809523809524,0.8911764705882353,0.46259541984732827,0.6090452261306533,teste,rotulado,v2
0.79,287,3523,22,368,0.9071428571428571,0.9288025889967637,0.4381679389312977,0.5954356846473029,teste,rotulado,v2
0.8,278,3528,17,377,0.9061904761904762,0.9423728813559322,0.42442748091603055,0.5852631578947368,teste,rotulado,v2
0.81,260,3531,14,395,0.9026190476190477,0.948905109489051,0.3969465648854962,0.5597416576964478,teste,rotulado,v2
0.8200000000000001,243,3536,9,412,0.8997619047619048,0.9642857142857143,0.3709923664122137,0.535832414553473,teste,rotulado,v2
0.8300000000000001,221,3538,7,434,0.895,0.9692982456140351,0.3374045801526718,0.5005662514156285,teste,rotulado,v2
0.84,196,3542,3,459,0.89,0.9849246231155779,0.29923664122137406,0.45901639344262296,teste,rotulado,v2
0.85,176,3544,1,479,0.8857142857142857,0.9943502824858758,0.2687022900763359,0.4230769230769231,teste,rotulado,v2
0.86,142,3544,1,513,0.8776190476190476,0.993006993006993,0.216793893129771,0.3558897243107769,teste,rotulado,v2
0.87,127,3545,0,528,0.8742857142857143,1.0,0.19389312977099238,0.3248081841432225,teste,rotulado,v2
0.88,112,3545,0,543,0.8707142857142857,1.0,0.17099236641221374,0.2920469361147327,teste,rotulado,v2
0.89,92,3545,0,563,0.8659523809523809,1.0,0.14045801526717558,0.2463186077643909,teste,rotulado,v2
0.9,84,3545,0,571,0.8640476190476191,1.0,0.1282442748091603,0.2273342354533153,teste,rotulado,v2
0.91,72,3545,0,583,0.8611904761904762,1.0,0.1099236641221374,0.19807427785419532,teste,rotulado,v2
0.92,64,3545,0,591,0.8592857142857143,1.0,0.09770992366412214,0.1780250347705146,teste,rotulado,v2
0.93,49,3545,0,606,0.8557142857142858,1.0,0.07480916030534351,0.13920454545454544,teste,rotulado,v2
0.9400000000000001,33,3545,0,622,0.8519047619047619,1.0,0.050381679389312976,0.09593023255813954,teste,rotulado,v2
0.9500000000000001,26,3545,0,629,0.8502380952380952,1.0,0.03969465648854962,0.0763582966226138,teste,rotulado,v2
0.96,15,3545,0,640,0.8476190476190476,1.0,0.022900763358778626,0.04477611940298507,teste,rotulado,v2
0.97,6,3545,0,649,0.8454761904761905,1.0,0.00916030534351145,0.018154311649016642,teste,rotulado,v2
0.98,1,3545,0,654,0.8442857142857143,1.0,0.0015267175572519084,0.003048780487804878,teste,rotulado,v2
0.99,0,3545,0,655,0.844047619047619,0.0,0.0,0.0,teste,rotulado,v2
1.0,0,3545,0,655,0.844047619047619,0.0,0.0,0.0,teste,rotulado,v2
0.0,655,0,3545,0,0.15595238095238095,0.15595238095238095,1.0,0.2698249227600412,teste,sem_alvo,v1
0.01,634,418,3127,21,0.25047619047619046,0.16857218824780643,0.9679389312977099,0.2871376811594203,teste,sem_alvo,v1
0.02,629,640,2905,26,0.30214285714285716,0.17798528579513298,0.9603053435114504,0.3003103365958463,teste,sem_alvo,v1
0.03,627,921,2624,28,0.36857142857142855,0.1928637342356198,0.9572519083969465,0.3210445468509985,teste,sem_alvo,v1
0.04,627,1186,2359,28,0.43166666666666664,0.20997990622906898,0.9572519083969465,0.34441087613293053,teste,sem_alvo,v1
0.05,627,1357,2188,28,0.4723809523809524,0.2227353463587922,0.9572519083969465,0.36138328530259367,teste,sem_alvo,v1
0.06,626,1478,2067,29,0.5009523809523809,0.2324545116969922,0.9557251908396946,0.3739545997610514,teste,sem_alvo,v1
0.07,626,1559,1986,29,0.5202380952380953,0.23966309341500766,0.9557251908396946,0.3832262014080196,teste,sem_alvo,v1
0.08,626,1644,1901,29,0.5404761904761904,0.2477245745943807,0.9557251908396946,0.39346323067253297,teste,sem_alvo,v1
0.09,625,1713,1832,30,0.5566666666666666,0.2543752543752544,0.9541984732824428,0.40167095115681234,teste,sem_alvo,v1
0.1,625,1750,1795,30,0.5654761904761905,0.25826446280991733,0.9541984732824428,0.4065040650406504,teste,sem_alvo,v1
0.11,625,1797,1748,30,0.5766666666666667,0.2633796881584492,0.9541984732824428,0.4128137384412153,teste,sem_alvo,v1
0.12,625,1839,1706,30,0.5866666666666667,0.2681252681252681,0.9541984732824428,0.4186202277294039,teste,sem_alvo,v1
0.13,625,1870,1675,30,0.594047619047619,0.2717391304347826,0.9541984732824428,0.4230118443316413,teste,sem_alvo,v1
0.14,625,1906,1639,30,0.6026190476190476,0.2760600706713781,0.9541984732824428,0.42822884549503254,teste,sem_alvo,v1
0.15,624,1935,1610,31,0.6092857142857143,0.279319606087735,0.9526717557251908,0.43198338525441327,teste,sem_alvo,v1
0.16,624,1968,1577,31,0.6171428571428571,0.283507496592458,0.9526717557251908,0.4369747899159664,teste,sem_alvo,v1
0.17,623,1987,1558,32,0.6214285714285714,0.285648784961027,0.9511450381679389,0.4393511988716502,teste,sem_alvo,v1
0.18,623,2015,1530,32,0.628095238095238,0.2893636785880167,0.9511450381679389,0.44373219373219375,teste,sem_alvo,v1
0.19,623,2039,1506,32,0.6338095238095238,0.29262564584311884,0.9511450381679389,0.4475574712643678,teste,sem_alvo,v1
0.2,622,2061,1484,33,0.6388095238095238,0.29534662867996203,0.9496183206106871,0.4505613908004346,teste,sem_alvo,v1
0.21,622,2083,1462,33,0.6440476190476191,0.29846449136276393,0.9496183206106871,0.45418035779481564,teste,sem_alvo,v1
0.22,622,2105,1440,33,0.6492857142857142,0.30164888457807953,0.9496183206106871,0.45785793154214205,teste,sem_alvo,v1
0.23,622,2129,1416,33,0.655,0.30520117762512267,0.9496183206106871,0.46193835870776084,teste,sem_alvo,v1
0.24,622,2161,1384,33,0.6626190476190477,0.3100697906281156,0.9496183206106871,0.4674934235249906,teste,sem_alvo,v1
0.25,622,2189,1356,33,0.6692857142857143,0.31445904954499493,0.9496183206106871,0.4724648689707558,teste,sem_alvo,v1
0.26,622,2215,1330,33,0.6754761904761905,0.31864754098360654,0.9496183206106871,0.47717683160721136,teste,sem_alvo,v1
0.27,622,2234,1311,33,0.68,0.32177961717537507,0.9496183206106871,0.4806800618238022,teste,sem_alvo,v1
0.28,622,2250,1295,33,0.6838095238095238,0.32446531038080334,0.9496183206106871,0.48367029548989116,teste,sem_alvo,v1
0.29,622,2262,1283,33,0.6866666666666666,0.32650918635170606,0.9496183206106871,0.4859375,teste,sem_alvo,v1
0.3,622,2286,1259,33,0.6923809523809524,0.33067517278043596,0.9496183206106871,0.49053627760252366,teste,sem_alvo,v1
0.31,622,2294,1251,33,0.6942857142857143,0.33208756006406837,0.9496183206106871,0.4920886075949367,teste,sem_alvo,v1
0.32,622,2307,1238,33,0.6973809523809524,0.33440860215053764,0.9496183206106871,0.49463220675944336,teste,sem_alvo,v1
0.33,622,2319,1226,33,0.7002380952380952,0.3365800865800866,0.9496183206106871,0.49700359568517777,teste,sem_alvo,v1
0.34,621,2337,1208,34,0.7042857142857143,0.3395297977036632,0.9480916030534351,0.5,teste,sem_alvo,v1
0.35000000000000003,620,2345,1200,35,0.705952380952381,0.34065934065934067,0.9465648854961832,0.501010101010101,teste,sem_alvo,v1
0.36,619,2359,1186,36,0.709047619047619,0.3429362880886427,0.9450381679389313,0.5032520325203252,teste,sem_alvo,v1
0.37,618,2379,1166,37,0.7135714285714285,0.34641255605381166,0.9435114503816794,0.5067650676506765,teste,sem_alvo,v1
0.38,618,2396,1149,37,0.7176190476190476,0.34974533106960953,0.9435114503816794,0.5103220478943022,teste,sem_alvo,v1
0.39,618,2414,1131,37,0.7219047619047619,0.35334476843910806,0.9435114503816794,0.5141430948419301,teste,sem_alvo,v1
0.4,618,2442,1103,37,0.7285714285714285,0.3590935502614759,0.9435114503816794,0.5202020202020202,teste,sem_alvo,v1
0.41000000000000003,617,2463,1082,38,0.7333333333333333,0.3631547969393761,0.9419847328244275,0.524214103653356,teste,sem_alvo,v1
0.42,617,2474,1071,38,0.7359523809523809,0.365521327014218,0.9419847328244275,0.5266752027315408,teste,sem_alvo,v1
0.43,617,2488,1057,38,0.7392857142857143,0.3685782556750299,0.9419847328244275,0.5298411335337054,teste,sem_alvo,v1
0.44,617,2507,1038,38,0.7438095238095238,0.37280966767371604,0.9419847328244275,0.5341991341991342,teste,sem_alvo,v1
0.45,617,2532,1013,38,0.7497619047619047,0.37852760736196317,0.9419847328244275,0.5400437636761488,teste,sem_alvo,v1
0.46,617,2548,997,38,0.7535714285714286,0.3822800495662949,0.9419847328244275,0.5438519171441164,teste,sem_alvo,v1
0.47000000000000003,617,2563,982,38,0.7571428571428571,0.38586616635397125,0.9419847328244275,0.5474711623779946,teste,sem_alvo,v1
0.48,614,2578,967,41,0.76,0.3883617963314358,0.9374045801526718,0.5491949910554562,teste,sem_alvo,v1
0.49,614,2584,961,41,0.7614285714285715,0.3898412698412698,0.9374045801526718,0.5506726457399103,teste,sem_alvo,v1
0.5,614,2600,945,41,0.7652380952380953,0.39384220654265556,0.9374045801526718,0.5546522131887985,teste,sem_alvo,v1
0.51,614,2607,938,41,0.7669047619047619,0.3956185567010309,0.9374045801526718,0.5564114182147711,teste,sem_alvo,v1
0.52,612,2622,923,43,0.77,0.3986970684039088,0.934351145038168,0.5589041095890411,teste,sem_alvo,v1
0.53,610,2633,912,45,0.7721428571428571,0.4007884362680683,0.9312977099236641,0.5604042259990814,teste,sem_alvo,v1
0.54,607,2652,893,48,0.775952380952381,0.4046666666666667,0.9267175572519084,0.5633410672853828,teste,sem_alvo,v1
0.55,601,2681,864,54,0.7814285714285715,0.41023890784982936,0.917557251908397,0.5669811320754717,teste,sem_alvo,v1
0.56,596,2696,849,59,0.7838095238095238,0.4124567474048443,0.9099236641221374,0.5676190476190476,teste,sem_alvo,v1
0.5700000000000001,592,2716,829,63,0.7876190476190477,0.4166080225193526,0.9038167938931297,0.5703275529865125,teste,sem_alvo,v1
0.58,588,2737,808,67,0.7916666666666666,0.42120343839541546,0.8977099236641222,0.5733788395904437,teste,sem_alvo,v1
0.59,583,2753,792,72,0.7942857142857143,0.424,0.8900763358778626,0.574384236453202,teste,sem_alvo,v1
0.6,569,2774,771,86,0.795952380952381,0.4246268656716418,0.8687022900763359,0.5704260651629073,teste,sem_alvo,v1
0.61,562,2807,738,93,0.8021428571428572,0.4323076923076923,0.8580152671755725,0.5749360613810741,teste,sem_alvo,v1
0.62,553,2829,716,102,0.8052380952380952,0.43577620173364856,0.8442748091603054,0.5748440748440748,teste,sem_alvo,v1
0.63,541,2847,698,114,0.8066666666666666,0.43664245359160614,0.8259541984732824,0.5712777191129884,teste,sem_alvo,v1
0.64,531,2876,669,124,0.8111904761904762,0.4425,0.8106870229007633,0.5725067385444744,teste,sem_alvo,v1
0.65,525,2922,623,130,0.8207142857142857,0.4573170731707317,0.8015267175572519,0.5823627287853578,teste,sem_alvo,v1
0.66,520,2962,583,135,0.829047619047619,0.471441523118767,0.7938931297709924,0.5915813424345847,teste,sem_alvo,v1
0.67,502,2987,558,153,0.8307142857142857,0.47358490566037736,0.766412213740458,0.5854227405247814,teste,sem_alvo,v1
0.68,490,3017,528,165,0.835,0.481335952848723,0.7480916030534351,0.5857740585774058,teste,sem_alvo,v1
0.6900000000000001,483,3049,496,172,0.840952380952381,0.4933605720122574,0.7374045801526717,0.591187270501836,teste,sem_alvo,v1
0.7000000000000001,467,3066,479,188,0.8411904761904762,0.49365750528541225,0.7129770992366412,0.5833853841349157,teste,sem_alvo,v1
0.71,456,3080,465,199,0.8419047619047619,0.495114006514658,0.6961832061068702,0.5786802030456852,teste,sem_alvo,v1
0.72,446,3093,452,209,0.8426190476190476,0.49665924276169265,0.6809160305343511,0.5743721828718609,teste,sem_alvo,v1
0.73,432,3114,431,223,0.8442857142857143,0.5005793742757821,0.6595419847328244,0.5691699604743083,teste,sem_alvo,v1
0.74,422,3131,414,233,0.8459523809523809,0.5047846889952153,0.6442748091603053,0.5660630449362843,teste,sem_alvo,v1
0.75,412,3149,396,243,0.8478571428571429,0.5099009900990099,0.6290076335877862,0.5632262474367737,teste,sem_alvo,v1
0.76,405,3167,378,250,0.8504761904761905,0.5172413793103449,0.6183206106870229,0.5632823365785814,teste,sem_alvo,v1
0.77,397,3189,356,258,0.8538095238095238,0.5272244355909694,0.6061068702290077,0.5639204545454546,teste,sem_alvo,v1
0.78,388,3216,329,267,0.8580952380952381,0.5411436541143654,0.5923664122137404,0.565597667638484,teste,sem_alvo,v1
0.79,377,3240,305,278,0.8611904761904762,0.5527859237536656,0.5755725190839694,0.5639491398653702,teste,sem_alvo,v1
0.8,352,3283,262,303,0.8654761904761905,0.5732899022801303,0.5374045801526718,0.5547675334909378,teste,sem_alvo,v1
0.81,320,3334,211,335,0.87,0.6026365348399246,0.48854961832061067,0.5396290050590219,teste,sem_alvo,v1
0.8200000000000001,310,3368,177,345,0.8757142857142857,0.6365503080082136,0.4732824427480916,0.542907180385289,teste,sem_alvo,v1
0.8300000000000001,297,3387,158,358,0.8771428571428571,0.6527472527472528,0.4534351145038168,0.5351351351351351,teste,sem_alvo,v1
0.84,283,3410,135,372,0.8792857142857143,0.6770334928229665,0.43206106870229005,0.527493010251631,teste,sem_alvo,v1
0.85,265,3416,129,390,0.8764285714285714,0.6725888324873096,0.40458015267175573,0.5052430886558628,teste,sem_alvo,v1
0.86,231,3431,114,424,0.871904761904762,0.6695652173913044,0.3526717557251908,0.462,teste,sem_alvo,v1
0.87,218,3441,104,437,0.8711904761904762,0.6770186335403726,0.332824427480916,0.44626407369498466,teste,sem_alvo,v1
0.88,198,3447,98,457,0.8678571428571429,0.668918918918919,0.30229007633587784,0.416403785488959,teste,sem_alvo,v1
0.89,185,3451,94,470,0.8657142857142858,0.6630824372759857,0.2824427480916031,0.3961456102783726,teste,sem_alvo,v1
0.9,160,3458,87,495,0.8614285714285714,0.6477732793522267,0.24427480916030533,0.35476718403547675,teste,sem_alvo,v1
0.91,136,3471,74,519,0.8588095238095238,0.6476190476190476,0.20763358778625954,0.31445086705202313,teste,sem_alvo,v1
0.92,110,3490,55,545,0.8571428571428571,0.6666666666666666,0.16793893129770993,0.2682926829268293,teste,sem_alvo,v1
0.93,84,3518,27,571,0.8576190476190476,0.7567567567567568,0.1282442748091603,0.2193211488250653,teste,sem_alvo,v1
0.9400000000000001,55,3534,11,600,0.8545238095238096,0.8333333333333334,0.08396946564885496,0.15256588072122051,teste,sem_alvo,v1
0.9500000000000001,30,3539,6,625,0.8497619047619047,0.8333333333333334,0.04580152671755725,0.08683068017366136,teste,sem_alvo,v1
0.96,21,3542,3,634,0.8483333333333334,0.875,0.03206106870229008,0.061855670103092786,teste,sem_alvo,v1
0.97,18,3543,2,637,0.8478571428571429,0.9,0.02748091603053435,0.05333333333333334,teste,sem_alvo,v1
0.98,2,3544,1,653,0.8442857142857143,0.6666666666666666,0.0030534351145038168,0.0060790273556231,teste,sem_alvo,v1
0.99,0,3545,0,655,0.844047619047619,0.0,0.0,0.0,teste,sem_alvo,v1
1.0,0,3545,0,655,0.844047619047619,0.0,0.0,0.0,teste,sem_alvo,v1
0.0,655,0,3545,0,0.15595238095238095,0.15595238095238095,1.0,0.2698249227600412,teste,sem_alvo,v2
0.01,634,1562,1983,21,0.5228571428571429,0.24226213221245702,0.9679389312977099,0.38753056234718825,teste,sem_alvo,v2
0.02,626,1807,1738,29,0.5792857142857143,0.26480541455160744,0.9557251908396946,0.4147068565750248,teste,sem_alvo,v2
0.03,625,1939,1606,30,0.6104761904761905,0.2801434334379202,0.9541984732824428,0.4331254331254331,teste,sem_alvo,v2
0.04,625,2055,1490,30,0.638095238095238,0.29550827423167847,0.9541984732824428,0.45126353790613716,teste,sem_alvo,v2
0.05,624,2155,1390,31,0.6616666666666666,0.3098311817279047,0.9526717557251908,0.46759085799925065,teste,sem_alvo,v2
0.06,623,2233,1312,32,0.68,0.3219638242894057,0.9511450381679389,0.4810810810810811,teste,sem_alvo,v2
0.07,621,2288,1257,34,0.6926190476190476,0.3306709265175719,0.9480916030534351,0.4903276746940387,teste,sem_alvo,v2
0.08,621,2337,1208,34,0.7042857142857143,0.3395297977036632,0.9480916030534351,0.5,teste,sem_alvo,v2
0.09,621,2381,1164,34,0.7147619047619047,0.34789915966386553,0.9480916030534351,0.509016393442623,teste,sem_alvo,v2
0.1,621,2415,1130,34,0.7228571428571429,0.35465448315248427,0.9480916030534351,0.516209476309227,teste,sem_alvo,v2
0.11,621,2441,1104,34,0.729047619047619,0.36,0.9480916030534351,0.5218487394957984,teste,sem_alvo,v2
0.12,618,2474,1071,37,0.7361904761904762,0.36589698046181174,0.9435114503816794,0.5273037542662116,teste,sem_alvo,v2
0.13,616,2507,1038,39,0.7435714285714285,0.3724304715840387,0.9404580152671755,0.5335643135556518,teste,sem_alvo,v2
0.14,616,2546,999,39,0.7528571428571429,0.3814241486068111,0.9404580152671755,0.5427312775330396,teste,sem_alvo,v2
0.15,614,2577,968,41,0.7597619047619047,0.38811630847029077,0.9374045801526718,0.548949485918641,teste,sem_alvo,v2
0.16,611,2605,940,44,0.7657142857142857,0.3939393939393939,0.932824427480916,0.5539437896645513,teste,sem_alvo,v2
0.17,608,2623,922,47,0.7692857142857142,0.39738562091503266,0.9282442748091603,0.5565217391304348,teste,sem_alvo,v2
0.18,606,2639,906,49,0.7726190476190476,0.4007936507936508,0.9251908396946565,0.5592985694508538,teste,sem_alvo,v2
0.19,604,2658,887,51,0.7766666666666666,0.40509725016767273,0.9221374045801527,0.5629077353215284,teste,sem_alvo,v2
0.2,603,2680,865,52,0.7816666666666666,0.41076294277929154,0.9206106870229007,0.5680640602920396,teste,sem_alvo,v2
0.21,596,2699,846,59,0.7845238095238095,0.4133148404993065,0.9099236641221374,0.5684310920362422,teste,sem_alvo,v2
0.22,594,2717,828,61,0.7883333333333333,0.4177215189873418,0.9068702290076336,0.5719788155994222,teste,sem_alvo,v2
0.23,590,2734,811,65,0.7914285714285715,0.4211277658815132,0.9007633587786259,0.5739299610894941,teste,sem_alvo,v2
0.24,585,2749,796,70,0.7938095238095239,0.4236060825488776,0.8931297709923665,0.574656188605108,teste,sem_alvo,v2
0.25,582,2765,780,73,0.7969047619047619,0.42731277533039647,0.8885496183206106,0.5770946950917204,teste,sem_alvo,v2
0.26,580,2775,770,75,0.7988095238095239,0.42962962962962964,0.8854961832061069,0.5785536159600998,teste,sem_alvo,v2
0.27,576,2791,754,79,0.8016666666666666,0.4330827067669173,0.8793893129770992,0.580352644836272,teste,sem_alvo,v2
0.28,572,2806,739,83,0.8042857142857143,0.43630816170861936,0.8732824427480916,0.5818921668362157,teste,sem_alvo,v2
0.29,569,2818,727,86,0.8064285714285714,0.4390432098765432,0.8687022900763359,0.583290620194772,teste,sem_alvo,v2
0.3,567,2834,711,88,0.8097619047619048,0.44366197183098594,0.8656488549618321,0.586652871184687,teste,sem_alvo,v2
0.31,565,2855,690,90,0.8142857142857143,0.450199203187251,0.8625954198473282,0.5916230366492147,teste,sem_alvo,v2
0.32,561,2866,679,94,0.815952380952381,0.45241935483870965,0.8564885496183207,0.5920844327176781,teste,sem_alvo,v2
0.33,556,2888,657,99,0.82,0.4583676834295136,0.8488549618320611,0.5952890792291221,teste,sem_alvo,v2
0.34,551,2896,649,104,0.8207142857142857,0.45916666666666667,0.8412213740458016,0.5940700808625337,teste,sem_alvo,v2
0.35000000000000003,548,2915,630,107,0.8245238095238095,0.46519524617996605,0.8366412213740458,0.5979268957992362,teste,sem_alvo,v2
0.36,544,2928,617,111,0.8266666666666667,0.46856158484065463,0.8305343511450382,0.5991189427312775,teste,sem_alvo,v2
0.37,537,2944,601,118,0.8288095238095238,0.4718804920913884,0.8198473282442749,0.5989960959286112,teste,sem_alvo,v2
0.38,528,2950,595,127,0.8280952380952381,0.4701691896705254,0.8061068702290076,0.59392575928009,teste,sem_alvo,v2
0.39,526,2959,586,129,0.8297619047619048,0.47302158273381295,0.8030534351145038,0.5953593661573288,teste,sem_alvo,v2
0.4,521,2965,580,134,0.83,0.4732061762034514,0.7954198473282442,0.5933940774487472,teste,sem_alvo,v2
0.41000000000000003,513,2972,573,142,0.8297619047619048,0.4723756906077348,0.783206106870229,0.5893164847788627,teste,sem_alvo,v2
0.42,509,2978,567,146,0.8302380952380952,0.47304832713754646,0.7770992366412214,0.5880993645291739,teste,sem_alvo,v2
0.43,505,2993,552,150,0.8328571428571429,0.47776726584673607,0.7709923664122137,0.5899532710280374,teste,sem_alvo,v2
0.44,502,3004,541,153,0.8347619047619048,0.4813039309683605,0.766412213740458,0.591283863368669,teste,sem_alvo,v2
0.45,498,3015,530,157,0.8364285714285714,0.48443579766536965,0.7603053435114504,0.5918003565062389,teste,sem_alvo,v2
0.46,492,3033,512,163,0.8392857142857143,0.4900398406374502,0.751145038167939,0.593128390596745,teste,sem_alvo,v2
0.47000000000000003,483,3049,496,172,0.840952380952381,0.4933605720122574,0.7374045801526717,0.591187270501836,teste,sem_alvo,v2
0.48,472,3065,480,183,0.8421428571428572,0.4957983193277311,0.7206106870229008,0.5874299937772246,teste,sem_alvo,v2
0.49,462,3082,463,193,0.8438095238095238,0.49945945945945946,0.7053435114503817,0.5848101265822785,teste,sem_alvo,v2
0.5,457,3112,433,198,0.8497619047619047,0.5134831460674157,0.6977099236641221,0.5915857605177993,teste,sem_alvo,v2
0.51,446,3131,414,209,0.8516666666666667,0.5186046511627908,0.6809160305343511,0.5887788778877888,teste,sem_alvo,v2
0.52,440,3150,395,215,0.8547619047619047,0.5269461077844312,0.6717557251908397,0.5906040268456376,teste,sem_alvo,v2
0.53,436,3170,375,219,0.8585714285714285,0.5376078914919852,0.665648854961832,0.5948158253751705,teste,sem_alvo,v2
0.54,428,3183,362,227,0.8597619047619047,0.5417721518987342,0.6534351145038167,0.5923875432525951,teste,sem_alvo,v2
0.55,421,3194,351,234,0.8607142857142858,0.5453367875647669,0.6427480916030535,0.5900490539593553,teste,sem_alvo,v2
0.56,413,3211,334,242,0.8628571428571429,0.5528781793842035,0.6305343511450382,0.5891583452211127,teste,sem_alvo,v2
0.5700000000000001,406,3227,318,249,0.865,0.5607734806629834,0.6198473282442748,0.5888324873096447,teste,sem_alvo,v2
0.58,400,3243,302,255,0.8673809523809524,0.5698005698005698,0.6106870229007634,0.5895357406042742,teste,sem_alvo,v2
0.59,397,3258,287,258,0.8702380952380953,0.5804093567251462,0.6061068702290077,0.5929798356982823,teste,sem_alvo,v2
0.6,394,3269,276,261,0.8721428571428571,0.5880597014925373,0.601526717557252,0.5947169811320755,teste,sem_alvo,v2
0.61,384,3281,264,271,0.8726190476190476,0.5925925925925926,0.5862595419847328,0.5894090560245587,teste,sem_alvo,v2
0.62,381,3294,251,274,0.875,0.6028481012658228,0.5816793893129771,0.5920745920745921,teste,sem_alvo,v2
0.63,373,3317,228,282,0.8785714285714286,0.6206322795341098,0.5694656488549619,0.5939490445859873,teste,sem_alvo,v2
0.64,365,3344,201,290,0.883095238095238,0.6448763250883393,0.5572519083969466,0.5978705978705978,teste,sem_alvo,v2
0.65,356,3378,167,299,0.8890476190476191,0.6806883365200764,0.5435114503816794,0.6044142614601019,teste,sem_alvo,v2
0.66,341,3403,142,314,0.8914285714285715,0.7060041407867494,0.5206106870229008,0.5992970123022847,teste,sem_alvo,v2
0.67,331,3421,124,324,0.8933333333333333,0.7274725274725274,0.5053435114503817,0.5963963963963964,teste,sem_alvo,v2
0.68,320,3438,107,335,0.8947619047619048,0.7494145199063232,0.48854961832061067,0.5914972273567468,teste,sem_alvo,v2
0.6900000000000001,314,3450,95,341,0.8961904761904762,0.7677261613691931,0.47938931297709925,0.5902255639097744,teste,sem_alvo,v2
0.7000000000000001,301,3454,91,354,0.8940476190476191,0.7678571428571429,0.4595419847328244,0.5749761222540593,teste,sem_alvo,v2
0.71,271,3462,83,384,0.8888095238095238,0.7655367231638418,0.41374045801526715,0.5371655104063429,teste,sem_alvo,v2
0.72,262,3464,81,393,0.8871428571428571,0.7638483965014577,0.4,0.5250501002004008,teste,sem_alvo,v2
0.73,250,3471,74,405,0.8859523809523809,0.7716049382716049,0.3816793893129771,0.5107252298263534,teste,sem_alvo,v2
0.74,243,3481,64,412,0.8866666666666667,0.7915309446254072,0.3709923664122137,0.5051975051975052,teste,sem_alvo,v2
0.75,225,3487,58,430,0.8838095238095238,0.7950530035335689,0.3435114503816794,0.47974413646055436,teste,sem_alvo,v2
0.76,207,3495,50,448,0.8814285714285715,0.8054474708171206,0.31603053435114503,0.45394736842105265,teste,sem_alvo,v2
0.77,196,3503,42,459,0.8807142857142857,0.8235294117647058,0.29923664122137406,0.43896976483762595,teste,sem_alvo,v2
0.78,176,3511,34,479,0.8778571428571429,0.8380952380952381,0.2687022900763359,0.4069364161849711,teste,sem_alvo,v2
0.79,158,3517,28,497,0.875,0.8494623655913979,0.24122137404580152,0.375743162901308,teste,sem_alvo,v2
0.8,145,3520,25,510,0.8726190476190476,0.8529411764705882,0.22137404580152673,0.3515151515151515,teste,sem_alvo,v2
0.81,138,3527,18,517,0.8726190476190476,0.8846153846153846,0.21068702290076335,0.3403205918618989,teste,sem_alvo,v2
0.8200000000000001,125,3531,14,530,0.8704761904761905,0.8992805755395683,0.19083969465648856,0.3148614609571788,teste,sem_alvo,v2
0.8300000000000001,107,3533,12,548,0.8666666666666667,0.8991596638655462,0.1633587786259542,0.27648578811369506,teste,sem_alvo,v2
0.84,91,3536,9,564,0.8635714285714285,0.91,0.13893129770992366,0.2410596026490066,teste,sem_alvo,v2
0.85,75,3539,6,580,0.8604761904761905,0.9259259259259259,0.11450381679389313,0.20380434782608695,teste,sem_alvo,v2
0.86,62,3540,5,593,0.8576190476190476,0.9253731343283582,0.09465648854961832,0.17174515235457063,teste,sem_alvo,v2
0.87,52,3542,3,603,0.8557142857142858,0.9454545454545454,0.07938931297709924,0.14647887323943662,teste,sem_alvo,v2
0.88,47,3543,2,608,0.8547619047619047,0.9591836734693877,0.0717557251908397,0.13352272727272727,teste,sem_alvo,v2
0.89,36,3543,2,619,0.8521428571428571,0.9473684210526315,0.0549618320610687,0.1038961038961039,teste,sem_alvo,v2
0.9,31,3543,2,624,0.8509523809523809,0.9393939393939394,0.04732824427480916,0.09011627906976744,teste,sem_alvo,v2
0.91,28,3543,2,627,0.8502380952380952,0.9333333333333333,0.042748091603053436,0.08175182481751825,teste,sem_alvo,v2
0.92,27,3543,2,628,0.85,0.9310344827586207,0.04122137404580153,0.07894736842105263,teste,sem_alvo,v2
0.93,25,3543,2,630,0.8495238095238096,0.9259259259259259,0.03816793893129771,0.07331378299120235,teste,sem_alvo,v2
0.9400000000000001,23,3543,2,632,0.849047619047619,0.92,0.035114503816793895,0.06764705882352941,teste,sem_alvo,v2
0.9500000000000001,19,3543,2,636,0.8480952380952381,0.9047619047619048,0.02900763358778626,0.05621301775147929,teste,sem_alvo,v2
0.96,12,3545,0,643,0.8469047619047619,1.0,0.0183206106870229,0.035982008995502246,teste,sem_alvo,v2
0.97,6,3545,0,649,0.8454761904761905,1.0,0.00916030534351145,0.018154311649016642,teste,sem_alvo,v2
0.98,1,3545,0,654,0.8442857142857143,1.0,0.0015267175572519084,0.003048780487804878,teste,sem_alvo,v2
0.99,0,3545,0,655,0.844047619047619,0.0,0.0,0.0,teste,sem_alvo,v2
1.0,0,3545,0,655,0.844047619047619,0.0,0.0,0.0,teste,sem_alvo,v2
0.0,599,0,3601,0,0.14261904761904762,0.14261904761904762,1.0,0.24963534069597834,producao,rotulado,v1
0.01,599,297,3304,0,0.21333333333333335,0.15347168844478606,1.0,0.26610395379831187,producao,rotulado,v1
0.02,599,543,3058,0,0.2719047619047619,0.16379546076018595,1.0,0.28148496240601506,producao,rotulado,v1
0.03,599,804,2797,0,0.33404761904761904,0.17638398115429918,1.0,0.29987484355444305,producao,rotulado,v1
0.04,599,1090,2511,0,0.40214285714285714,0.19260450160771705,1.0,0.32299811269884066,producao,rotulado,v1
0.05,599,1392,2209,0,0.47404761904761905,0.21331908831908833,1.0,0.35162899911945994,producao,rotulado,v1
0.06,599,1642,1959,0,0.5335714285714286,0.2341673182173573,1.0,0.3794741843522331,producao,rotulado,v1
0.07,599,1898,1703,0,0.5945238095238096,0.2602085143353606,1.0,0.4129610479145122,producao,rotulado,v1
0.08,599,2075,1526,0,0.6366666666666667,0.2818823529411765,1.0,0.4397944199706314,producao,rotulado,v1
0.09,599,2232,1369,0,0.674047619047619,0.304369918699187,1.0,0.4666926373198286,producao,rotulado,v1
0.1,599,2336,1265,0,0.6988095238095238,0.32135193133047213,1.0,0.48639870077141695,producao,rotulado,v1
0.11,599,2399,1202,0,0.7138095238095238,0.3325930038867296,1.0,0.49916666666666665,producao,rotulado,v1
0.12,599,2468,1133,0,0.7302380952380952,0.34584295612009236,1.0,0.5139425139425139,producao,rotulado,v1
0.13,599,2516,1085,0,0.7416666666666667,0.35570071258907365,1.0,0.5247481384143671,producao,rotulado,v1
0.14,599,2556,1045,0,0.7511904761904762,0.36435523114355234,1.0,0.5341061078912172,producao,rotulado,v1
0.15,599,2587,1014,0,0.7585714285714286,0.37135771853688776,1.0,0.5415913200723327,producao,rotulado,v1
0.16,599,2629,972,0,0.7685714285714286,0.38128580521960537,1.0,0.552073732718894,producao,rotulado,v1
0.17,599,2660,941,0,0.775952380952381,0.38896103896103895,1.0,0.5600748013090229,producao,rotulado,v1
0.18,599,2688,913,0,0.7826190476190477,0.39616402116402116,1.0,0.5675035528185693,producao,rotulado,v1
0.19,599,2721,880,0,0.7904761904761904,0.4050033806626099,1.0,0.5765158806544755,producao,rotulado,v1
0.2,599,2753,848,0,0.7980952380952381,0.41395991706979957,1.0,0.5855327468230694,producao,rotulado,v1
0.21,599,2778,823,0,0.804047619047619,0.4212376933895921,1.0,0.5927758535378526,producao,rotulado,v1
0.22,599,2799,802,0,0.809047619047619,0.42755174875089225,1.0,0.599,producao,rotulado,v1
0.23,599,2821,780,0,0.8142857142857143,0.43437273386511965,1.0,0.6056622851365016,producao,rotulado,v1
0.24,599,2839,762,0,0.8185714285714286,0.44011756061719326,1.0,0.6112244897959184,producao,rotulado,v1
0.25,599,2854,747,0,0.8221428571428572,0.4450222882615156,1.0,0.6159383033419024,producao,rotulado,v1
0.26,599,2864,737,0,0.8245238095238095,0.44835329341317365,1.0,0.6191214470284238,producao,rotulado,v1
0.27,599,2873,728,0,0.8266666666666667,0.45139412207987945,1.0,0.6220145379023884,producao,rotulado,v1
0.28,598,2884,717,1,0.829047619047619,0.45475285171102664,0.998330550918197,0.6248693834900731,producao,rotulado,v1
0.29,597,2888,713,2,0.8297619047619048,0.45572519083969465,0.996661101836394,0.6254583551597696,producao,rotulado,v1
0.3,597,2895,706,2,0.8314285714285714,0.45817344589409054,0.996661101836394,0.6277602523659306,producao,rotulado,v1
0.31,597,2898,703,2,0.8321428571428572,0.4592307692307692,0.996661101836394,0.6287519747235387,producao,rotulado,v1
0.32,597,2906,695,2,0.834047619047619,0.46207430340557276,0.996661101836394,0.6314119513484928,producao,rotulado,v1
0.33,597,2915,686,2,0.8361904761904762,0.46531566640685895,0.996661101836394,0.6344314558979809,producao,rotulado,v1
0.34,597,2922,679,2,0.8378571428571429,0.46786833855799376,0.996661101836394,0.6368,producao,rotulado,v1
0.35000000000000003,597,2930,671,2,0.8397619047619047,0.47082018927444796,0.996661101836394,0.6395286555972148,producao,rotulado,v1
0.36,597,2936,665,2,0.8411904761904762,0.47305863708399365,0.996661101836394,0.6415905427189683,producao,rotulado,v1
0.37,596,2944,657,3,0.8428571428571429,0.475658419792498,0.994991652754591,0.6436285097192225,producao,rotulado,v1
0.38,596,2950,651,3,0.8442857142857143,0.47794707297514033,0.994991652754591,0.6457204767063922,producao,rotulado,v1
0.39,595,2956,645,4,0.8454761904761905,0.4798387096774194,0.993322203672788,0.6470908102229472,producao,rotulado,v1
0.4,595,2960,641,4,0.8464285714285714,0.4813915857605178,0.993322203672788,0.6485013623978202,producao,rotulado,v1
0.41000000000000003,595,2960,641,4,0.8464285714285714,0.4813915857605178,0.993322203672788,0.6485013623978202,producao,rotulado,v1
0.42,595,2964,637,4,0.8473809523809523,0.48295454545454547,0.993322203672788,0.6499180775532496,producao,rotulado,v1
0.43,595,2970,631,4,0.8488095238095238,0.48531810766721045,0.993322203672788,0.6520547945205479,producao,rotulado,v1
0.44,595,2974,627,4,0.8497619047619047,0.4869067103109656,0.993322203672788,0.6534870950027457,producao,rotulado,v1
0.45,593,2979,622,6,0.8504761904761905,0.48806584362139915,0.989983305509182,0.6538037486218302,producao,rotulado,v1
0.46,592,2991,610,7,0.8530952380952381,0.4925124792013311,0.988313856427379,0.6574125485841199,producao,rotulado,v1
0.47000000000000003,590,2996,605,9,0.8538095238095238,0.49372384937238495,0.9849749582637729,0.6577480490523969,producao,rotulado,v1
0.48,588,3002,599,11,0.8547619047619047,0.4953664700926706,0.9816360601001669,0.658454647256439,producao,rotulado,v1
0.49,587,3010,591,12,0.8564285714285714,0.49830220713073003,0.9799666110183639,0.6606640405177265,producao,rotulado,v1
0.5,587,3017,584,12,0.8580952380952381,0.5012809564474808,0.9799666110183639,0.6632768361581921,producao,rotulado,v1
0.51,585,3024,577,14,0.8592857142857143,0.5034423407917383,0.9766277128547579,0.6643952299829642,producao,rotulado,v1
0.52,581,3037,564,18,0.8614285714285714,0.5074235807860262,0.9699499165275459,0.6662844036697247,producao,rotulado,v1
0.53,580,3049,552,19,0.8640476190476191,0.5123674911660777,0.9682804674457429,0.6701328711727326,producao,rotulado,v1
0.54,578,3064,537,21,0.8671428571428571,0.5183856502242152,0.9649415692821369,0.6744457409568262,producao,rotulado,v1
0.55,576,3075,526,23,0.8692857142857143,0.5226860254083484,0.9616026711185309,0.6772486772486772,producao,rotulado,v1
0.56,575,3080,521,24,0.8702380952380953,0.5246350364963503,0.9599332220367279,0.6784660766961652,producao,rotulado,v1
0.5700000000000001,571,3088,513,28,0.8711904761904762,0.5267527675276753,0.9532554257095158,0.6785502079619726,producao,rotulado,v1
0.58,571,3104,497,28,0.875,0.5346441947565543,0.9532554257095158,0.6850629874025195,producao,rotulado,v1
0.59,569,3114,487,30,0.8769047619047619,0.5388257575757576,0.9499165275459098,0.6876132930513595,producao,rotulado,v1
0.6,566,3132,469,33,0.8804761904761905,0.5468599033816425,0.9449081803005008,0.6927784577723378,producao,rotulado,v1
0.61,563,3155,446,36,0.8852380952380953,0.557978196233895,0.9398998330550918,0.7002487562189055,producao,rotulado,v1
0.62,560,3173,428,39,0.8888095238095238,0.5668016194331984,0.9348914858096828,0.7057340894770007,producao,rotulado,v1
0.63,555,3186,415,44,0.8907142857142857,0.5721649484536082,0.9265442404006677,0.7074569789674953,producao,rotulado,v1
0.64,554,3201,400,45,0.8940476190476191,0.5807127882599581,0.9248747913188647,0.7134578235672892,producao,rotulado,v1
0.65,552,3209,392,47,0.8954761904761904,0.5847457627118644,0.9215358931552587,0.7154893065456902,producao,rotulado,v1
0.66,547,3211,390,52,0.8947619047619048,0.583778014941302,0.9131886477462438,0.7122395833333334,producao,rotulado,v1
0.67,547,3216,385,52,0.895952380952381,0.5869098712446352,0.9131886477462438,0.7145656433703462,producao,rotulado,v1
0.68,542,3218,383,57,0.8952380952380953,0.585945945945946,0.9048414023372288,0.7112860892388452,producao,rotulado,v1
0.6900000000000001,538,3224,377,61,0.8957142857142857,0.5879781420765028,0.8981636060100167,0.7107001321003963,producao,rotulado,v1
0.7000000000000001,532,3229,372,67,0.8954761904761904,0.588495575221239,0.8881469115191987,0.7079174983366601,producao,rotulado,v1
0.71,527,3238,363,72,0.8964285714285715,0.5921348314606741,0.8797996661101837,0.7078576225654802,producao,rotulado,v1
0.72,523,3244,357,76,0.8969047619047619,0.5943181818181819,0.8731218697829716,0.7072346179851251,producao,rotulado,v1
0.73,520,3259,342,79,0.8997619047619048,0.6032482598607889,0.8681135225375626,0.7118412046543463,producao,rotulado,v1
0.74,516,3272,329,83,0.9019047619047619,0.6106508875739645,0.8614357262103506,0.7146814404432132,producao,rotulado,v1
0.75,508,3302,299,91,0.9071428571428571,0.6294919454770755,0.8480801335559266,0.7226173541963016,producao,rotulado,v1
0.76,500,3341,260,99,0.9145238095238095,0.6578947368421053,0.8347245409015025,0.7358351729212657,producao,rotulado,v1
0.77,490,3370,231,109,0.919047619047619,0.6796116504854369,0.8180300500834724,0.7424242424242424,producao,rotulado,v1
0.78,479,3393,208,120,0.9219047619047619,0.6972343522561864,0.7996661101836394,0.744945567651633,producao,rotulado,v1
0.79,465,3407,194,134,0.9219047619047619,0.7056145675265554,0.7762938230383973,0.739268680445151,producao,rotulado,v1
0.8,448,3419,182,151,0.9207142857142857,0.7111111111111111,0.7479131886477463,0.7290480065093572,producao,rotulado,v1
0.81,426,3427,174,173,0.9173809523809524,0.71,0.7111853088480802,0.7105921601334445,producao,rotulado,v1
0.8200000000000001,406,3438,163,193,0.9152380952380952,0.7135325131810193,0.67779632721202,0.6952054794520548,producao,rotulado,v1
0.8300000000000001,389,3447,154,210,0.9133333333333333,0.716390423572744,0.6494156928213689,0.681260945709282,producao,rotulado,v1
0.84,374,3462,139,225,0.9133333333333333,0.7290448343079922,0.6243739565943238,0.6726618705035972,producao,rotulado,v1
0.85,364,3471,130,235,0.9130952380952381,0.7368421052631579,0.6076794657762938,0.6660567246111619,producao,rotulado,v1
0.86,352,3477,124,247,0.9116666666666666,0.7394957983193278,0.5876460767946577,0.6548837209302325,producao,rotulado,v1
0.87,346,3486,115,253,0.9123809523809524,0.7505422993492408,0.5776293823038398,0.6528301886792452,producao,rotulado,v1
0.88,342,3490,111,257,0.9123809523809524,0.7549668874172185,0.5709515859766278,0.6501901140684411,producao,rotulado,v1
0.89,325,3503,98,274,0.9114285714285715,0.7683215130023641,0.5425709515859767,0.6360078277886497,producao,rotulado,v1
0.9,304,3509,92,295,0.9078571428571428,0.7676767676767676,0.5075125208681135,0.6110552763819096,producao,rotulado,v1
0.91,276,3522,79,323,0.9042857142857142,0.7774647887323943,0.4607679465776294,0.5786163522012578,producao,rotulado,v1
0.92,232,3533,68,367,0.8964285714285715,0.7733333333333333,0.38731218697829717,0.5161290322580645,producao,rotulado,v1
0.93,204,3548,53,395,0.8933333333333333,0.7937743190661478,0.34056761268781305,0.4766355140186916,producao,rotulado,v1
0.9400000000000001,172,3570,31,427,0.8909523809523809,0.8472906403940886,0.2871452420701169,0.428927680798005,producao,rotulado,v1
0.9500000000000001,132,3583,18,467,0.8845238095238095,0.88,0.22036727879799667,0.35246995994659547,producao,rotulado,v1
0.96,111,3589,12,488,0.8809523809523809,0.9024390243902439,0.18530884808013356,0.3074792243767313,producao,rotulado,v1
0.97,79,3598,3,520,0.8754761904761905,0.9634146341463414,0.1318864774624374,0.23201174743024963,producao,rotulado,v1
0.98,25,3601,0,574,0.8633333333333333,1.0,0.041736227045075125,0.08012820512820513,producao,rotulado,v1
0.99,1,3601,0,598,0.8576190476190476,1.0,0.001669449081803005,0.0033333333333333335,producao,rotulado,v1
1.0,0,3601,0,599,0.8573809523809524,0.0,0.0,0.0,producao,rotulado,v1
0.0,599,0,3601,0,0.14261904761904762,0.14261904761904762,1.0,0.24963534069597834,producao,rotulado,v2
0.01,599,988,2613,0,0.37785714285714284,0.1864881693648817,1.0,0.3143531881395959,producao,rotulado,v2
0.02,599,1527,2074,0,0.5061904761904762,0.2240927796483352,1.0,0.36613691931540343,producao,rotulado,v2
0.03,599,1917,1684,0,0.599047619047619,0.26237406920718354,1.0,0.41568355308813326,producao,rotulado,v2
0.04,599,2113,1488,0,0.6457142857142857,0.2870148538572113,1.0,0.4460163812360387,producao,rotulado,v2
0.05,599,2249,1352,0,0.6780952380952381,0.3070220399794977,1.0,0.46980392156862744,producao,rotulado,v2
0.06,599,2367,1234,0,0.7061904761904761,0.32678668848881615,1.0,0.4925986842105263,producao,rotulado,v2
0.07,599,2476,1125,0,0.7321428571428571,0.3474477958236659,1.0,0.5157124408092983,producao,rotulado,v2
0.08,599,2537,1064,0,0.7466666666666667,0.36019242333132895,1.0,0.5296198054818745,producao,rotulado,v2
0.09,599,2580,1021,0,0.7569047619047619,0.3697530864197531,1.0,0.5398828301036503,producao,rotulado,v2
0.1,599,2612,989,0,0.7645238095238095,0.37720403022670024,1.0,0.547782350251486,producao,rotulado,v2
0.11,599,2636,965,0,0.7702380952380953,0.3829923273657289,1.0,0.5538603791030976,producao,rotulado,v2
0.12,599,2653,948,0,0.7742857142857142,0.3872010342598578,1.0,0.5582479030754893,producao,rotulado,v2
0.13,599,2671,930,0,0.7785714285714286,0.3917593198168738,1.0,0.5629699248120301,producao,rotulado,v2
0.14,599,2692,909,0,0.7835714285714286,0.39721485411140584,1.0,0.5685809207403891,producao,rotulado,v2
0.15,599,2722,879,0,0.7907142857142857,0.40527740189445194,1.0,0.5767934520943668,producao,rotulado,v2
0.16,599,2743,858,0,0.7957142857142857,0.41111873713109126,1.0,0.5826848249027238,producao,rotulado,v2
0.17,598,2767,834,1,0.8011904761904762,0.4175977653631285,0.998330550918197,0.5888724766125062,producao,rotulado,v2
0.18,598,2789,812,1,0.8064285714285714,0.42411347517730497,0.998330550918197,0.5953210552513688,producao,rotulado,v2
0.19,596,2815,786,3,0.8121428571428572,0.4312590448625181,0.994991652754591,0.601716304896517,producao,rotulado,v2
0.2,594,2828,773,5,0.8147619047619048,0.43452816386247256,0.991652754590985,0.6042726347914548,producao,rotulado,v2
0.21,592,2848,753,7,0.819047619047619,0.4401486988847584,0.988313856427379,0.6090534979423868,producao,rotulado,v2
0.22,592,2864,737,7,0.8228571428571428,0.4454477050413845,0.988313856427379,0.6141078838174274,producao,rotulado,v2
0.23,587,2885,716,12,0.8266666666666667,0.45049884881043745,0.9799666110183639,0.6172450052576236,producao,rotulado,v2
0.24,584,2898,703,15,0.829047619047619,0.45376845376845376,0.9749582637729549,0.6193001060445387,producao,rotulado,v2
0.25,580,2911,690,19,0.8311904761904761,0.4566929133858268,0.9682804674457429,0.6206527554842162,producao,rotulado,v2
0.26,579,2933,668,20,0.8361904761904762,0.46431435445068164,0.9666110183639399,0.6273022751895991,producao,rotulado,v2
0.27,578,2948,653,21,0.8395238095238096,0.4695369618196588,0.9649415692821369,0.6316939890710382,producao,rotulado,v2
0.28,572,2962,639,27,0.8414285714285714,0.47233691164327,0.9549248747913188,0.6320441988950276,producao,rotulado,v2
0.29,570,2970,631,29,0.8428571428571429,0.4746044962531224,0.9515859766277128,0.6333333333333333,producao,rotulado,v2
0.3,570,2978,623,29,0.8447619047619047,0.47778709136630343,0.9515859766277128,0.6361607142857143,producao,rotulado,v2
0.31,567,2985,616,32,0.8457142857142858,0.47928994082840237,0.9465776293823038,0.6363636363636364,producao,rotulado,v2
0.32,563,2991,610,36,0.8461904761904762,0.4799658994032396,0.9398998330550918,0.6354401805869074,producao,rotulado,v2
0.33,562,3000,601,37,0.8480952380952381,0.4832330180567498,0.9382303839732888,0.637911464245176,producao,rotulado,v2
0.34,558,3007,594,41,0.8488095238095238,0.484375,0.9315525876460768,0.6373500856653341,producao,rotulado,v2
0.35000000000000003,555,3012,589,44,0.8492857142857143,0.48513986013986016,0.9265442404006677,0.6368330464716007,producao,rotulado,v2
0.36,553,3016,585,46,0.8497619047619047,0.4859402460456942,0.9232053422370617,0.6367299942429476,producao,rotulado,v2
0.37,547,3025,576,52,0.8504761904761905,0.4870881567230632,0.9131886477462438,0.6353077816492451,producao,rotulado,v2
0.38,539,3034,567,60,0.8507142857142858,0.4873417721518987,0.8998330550918197,0.632258064516129,producao,rotulado,v2
0.39,533,3039,562,66,0.8504761904761905,0.4867579908675799,0.8898163606010017,0.6292798110979929,producao,rotulado,v2
0.4,527,3049,552,72,0.8514285714285714,0.48841519925857274,0.8797996661101837,0.6281287246722288,producao,rotulado,v2
0.41000000000000003,526,3054,547,73,0.8523809523809524,0.4902143522833178,0.8781302170283807,0.6291866028708134,producao,rotulado,v2
0.42,523,3060,541,76,0.8530952380952381,0.49154135338345867,0.8731218697829716,0.6289837642814191,producao,rotulado,v2
0.43,521,3066,535,78,0.854047619047619,0.4933712121212121,0.8697829716193656,0.629607250755287,producao,rotulado,v2
0.44,519,3071,530,80,0.8547619047619047,0.4947569113441373,0.8664440734557596,0.6298543689320388,producao,rotulado,v2
0.45,515,3080,521,84,0.8559523809523809,0.4971042471042471,0.8597662771285476,0.6299694189602446,producao,rotulado,v2
0.46,511,3091,510,88,0.8576190476190476,0.5004897159647405,0.8530884808013356,0.6308641975308642,producao,rotulado,v2
0.47000000000000003,506,3101,500,93,0.8588095238095238,0.5029821073558648,0.8447412353923205,0.6305295950155764,producao,rotulado,v2
0.48,506,3123,478,93,0.8640476190476191,0.5142276422764228,0.8447412353923205,0.6392924826279217,producao,rotulado,v2
0.49,503,3130,471,96,0.865,0.5164271047227926,0.8397328881469115,0.6395422759059123,producao,rotulado,v2
0.5,502,3135,466,97,0.8659523809523809,0.518595041322314,0.8380634390651085,0.6407147415443523,producao,rotulado,v2
0.51,498,3146,455,101,0.8676190476190476,0.5225603357817419,0.8313856427378965,0.6417525773195877,producao,rotulado,v2
0.52,495,3157,444,104,0.8695238095238095,0.5271565495207667,0.8263772954924875,0.6436931079323797,producao,rotulado,v2
0.53,485,3176,425,114,0.8716666666666667,0.532967032967033,0.8096828046744574,0.6428098078197482,producao,rotulado,v2
0.54,480,3194,407,119,0.8747619047619047,0.5411499436302142,0.8013355592654424,0.6460296096904441,producao,rotulado,v2
0.55,473,3209,392,126,0.8766666666666667,0.5468208092485549,0.7896494156928213,0.6461748633879781,producao,rotulado,v2
0.56,464,3227,374,135,0.8788095238095238,0.5536992840095465,0.7746243739565943,0.6457898399443285,producao,rotulado,v2
0.5700000000000001,452,3246,355,147,0.8804761904761905,0.5600991325898389,0.7545909849749582,0.6429587482219061,producao,rotulado,v2
0.58,444,3267,334,155,0.8835714285714286,0.570694087403599,0.7412353923205343,0.644880174291939,producao,rotulado,v2
0.59,435,3281,320,164,0.8847619047619047,0.5761589403973509,0.7262103505843072,0.6425406203840472,producao,rotulado,v2
0.6,428,3286,315,171,0.8842857142857142,0.576043068640646,0.7145242070116862,0.6378539493293591,producao,rotulado,v2
0.61,419,3295,306,180,0.8842857142857142,0.5779310344827586,0.6994991652754591,0.6329305135951662,producao,rotulado,v2
0.62,408,3307,294,191,0.8845238095238095,0.5811965811965812,0.6811352253756261,0.6272098385857033,producao,rotulado,v2
0.63,396,3316,285,203,0.8838095238095238,0.5814977973568282,0.66110183639399,0.61875,producao,rotulado,v2
0.64,393,3327,274,206,0.8857142857142857,0.5892053973013494,0.656093489148581,0.6208530805687204,producao,rotulado,v2
0.65,386,3343,258,213,0.8878571428571429,0.5993788819875776,0.6444073455759599,0.6210780370072405,producao,rotulado,v2
0.66,379,3355,246,220,0.8890476190476191,0.6064,0.6327212020033389,0.619281045751634,producao,rotulado,v2
0.67,373,3368,233,226,0.8907142857142857,0.6155115511551155,0.6227045075125208,0.6190871369294606,producao,rotulado,v2
0.68,366,3376,225,233,0.8909523809523809,0.6192893401015228,0.6110183639398998,0.6151260504201681,producao,rotulado,v2
0.6900000000000001,361,3385,216,238,0.8919047619047619,0.6256499133448874,0.6026711185308848,0.6139455782312925,producao,rotulado,v2
0.7000000000000001,356,3390,211,243,0.8919047619047619,0.6278659611992945,0.5943238731218697,0.6106346483704974,producao,rotulado,v2
0.71,351,3397,204,248,0.8923809523809524,0.6324324324324324,0.5859766277128547,0.608318890814558,producao,rotulado,v2
0.72,349,3406,195,250,0.8940476190476191,0.6415441176470589,0.5826377295492488,0.6106736657917761,producao,rotulado,v2
0.73,338,3416,185,261,0.8938095238095238,0.6462715105162524,0.5642737896494157,0.6024955436720143,producao,rotulado,v2
0.74,328,3424,177,271,0.8933333333333333,0.6495049504950495,0.5475792988313857,0.5942028985507246,producao,rotulado,v2
0.75,317,3434,167,282,0.893095238095238,0.6549586776859504,0.5292153589315526,0.5854108956602031,producao,rotulado,v2
0.76,309,3449,152,290,0.8947619047619048,0.6702819956616052,0.5158597662771286,0.5830188679245283,producao,rotulado,v2
0.77,308,3455,146,291,0.895952380952381,0.6784140969162996,0.5141903171953256,0.5849952516619183,producao,rotulado,v2
0.78,301,3467,134,298,0.8971428571428571,0.6919540229885057,0.5025041736227045,0.5822050290135397,producao,rotulado,v2
0.79,293,3478,123,306,0.8978571428571429,0.7043269230769231,0.48914858096828046,0.5773399014778325,producao,rotulado,v2
0.8,284,3491,110,315,0.8988095238095238,0.7208121827411168,0.4741235392320534,0.5720040281973817,producao,rotulado,v2
0.81,277,3503,98,322,0.9,0.7386666666666667,0.46243739565943237,0.5687885010266941,producao,rotulado,v2
0.8200000000000001,260,3515,86,339,0.8988095238095238,0.7514450867052023,0.4340567612687813,0.5502645502645502,producao,rotulado,v2
0.8300000000000001,248,3526,75,351,0.8985714285714286,0.7678018575851393,0.41402337228714525,0.5379609544468547,producao,rotulado,v2
0.84,235,3536,65,364,0.8978571428571429,0.7833333333333333,0.39232053422370616,0.5228031145717463,producao,rotulado,v2
0.85,226,3552,49,373,0.8995238095238095,0.8218181818181818,0.3772954924874791,0.517162471395881,producao,rotulado,v2
0.86,214,3565,36,385,0.8997619047619048,0.856,0.3572621035058431,0.5041224970553593,producao,rotulado,v2
0.87,187,3571,30,412,0.8947619047619048,0.8617511520737328,0.3121869782971619,0.4583333333333333,producao,rotulado,v2
0.88,158,3578,23,441,0.8895238095238095,0.8729281767955801,0.2637729549248748,0.40512820512820513,producao,rotulado,v2
0.89,143,3587,14,456,0.888095238095238,0.910828025477707,0.2387312186978297,0.3783068783068783,producao,rotulado,v2
0.9,121,3591,10,478,0.8838095238095238,0.9236641221374046,0.2020033388981636,0.3315068493150685,producao,rotulado,v2
0.91,97,3592,9,502,0.8783333333333333,0.9150943396226415,0.16193656093489148,0.275177304964539,producao,rotulado,v2
0.92,82,3597,4,517,0.8759523809523809,0.9534883720930233,0.13689482470784642,0.23941605839416058,producao,rotulado,v2
0.93,59,3600,1,540,0.8711904761904762,0.9833333333333333,0.09849749582637729,0.17905918057663125,producao,rotulado,v2
0.9400000000000001,35,3600,1,564,0.8654761904761905,0.9722222222222222,0.05843071786310518,0.11023622047244094,producao,rotulado,v2
0.9500000000000001,18,3601,0,581,0.8616666666666667,1.0,0.03005008347245409,0.05834683954619125,producao,rotulado,v2
0.96,6,3601,0,593,0.8588095238095238,1.0,0.01001669449081803,0.019834710743801654,producao,rotulado,v2
0.97,1,3601,0,598,0.8576190476190476,1.0,0.001669449081803005,0.0033333333333333335,producao,rotulado,v2
0.98,1,3601,0,598,0.8576190476190476,1.0,0.001669449081803005,0.0033333333333333335,producao,rotulado,v2
0.99,0,3601,0,599,0.8573809523809524,0.0,0.0,0.0,producao,rotulado,v2
1.0,0,3601,0,599,0.8573809523809524,0.0,0.0,0.0,producao,rotulado,v2
0.0,599,0,3601,0,0.14261904761904762,0.14261904761904762,1.0,0.24963534069597834,producao,sem_alvo,v1
0.01,599,428,3173,0,0.24452380952380953,0.1588016967126193,1.0,0.2740791580873942,producao,sem_alvo,v1
0.02,599,681,2920,0,0.3047619047619048,0.17021881216254617,1.0,0.2909179213210296,producao,sem_alvo,v1
0.03,599,903,2698,0,0.3576190476190476,0.18168031543827723,1.0,0.30749486652977415,producao,sem_alvo,v1
0.04,599,1055,2546,0,0.39380952380952383,0.1904610492845787,1.0,0.31997863247863245,producao,sem_alvo,v1
0.05,599,1225,2376,0,0.4342857142857143,0.20134453781512604,1.0,0.33519865696698375,producao,sem_alvo,v1
0.06,599,1382,2219,0,0.4716666666666667,0.21256210078069554,1.0,0.350599941469125,producao,sem_alvo,v1
0.07,599,1556,2045,0,0.513095238095238,0.22655068078668683,1.0,0.36941103916127044,producao,sem_alvo,v1
0.08,599,1677,1924,0,0.5419047619047619,0.2374157748711851,1.0,0.3837283792440743,producao,sem_alvo,v1
0.09,599,1802,1799,0,0.5716666666666667,0.24979149291075897,1.0,0.39973306639973305,producao,sem_alvo,v1
0.1,599,1934,1667,0,0.6030952380952381,0.26434245366284204,1.0,0.4181500872600349,producao,sem_alvo,v1
0.11,599,2044,1557,0,0.6292857142857143,0.27782931354359924,1.0,0.43484573502722323,producao,sem_alvo,v1
0.12,599,2145,1456,0,0.6533333333333333,0.29148418491484185,1.0,0.45139412207987945,producao,sem_alvo,v1
0.13,599,2227,1374,0,0.6728571428571428,0.3035985808413583,1.0,0.46578538102643857,producao,sem_alvo,v1
0.14,599,2291,1310,0,0.6880952380952381,0.3137768465165008,1.0,0.47767145135566186,producao,sem_alvo,v1
0.15,598,2334,1267,1,0.6980952380952381,0.3206434316353887,0.998330550918197,0.48538961038961037,producao,sem_alvo,v1
0.16,598,2379,1222,1,0.7088095238095238,0.32857142857142857,0.998330550918197,0.4944191814799504,producao,sem_alvo,v1
0.17,597,2411,1190,2,0.7161904761904762,0.3340794627867935,0.996661101836394,0.5004191114836547,producao,sem_alvo,v1
0.18,597,2442,1159,2,0.7235714285714285,0.33997722095671984,0.996661101836394,0.5070063694267516,producao,sem_alvo,v1
0.19,597,2480,1121,2,0.7326190476190476,0.34749708963911524,0.996661101836394,0.5153215364695727,producao,sem_alvo,v1
0.2,596,2507,1094,3,0.7388095238095238,0.3526627218934911,0.994991652754591,0.5207514198339886,producao,sem_alvo,v1
0.21,596,2531,1070,3,0.7445238095238095,0.3577430972388956,0.994991652754591,0.5262693156732892,producao,sem_alvo,v1
0.22,596,2554,1047,3,0.75,0.36275106512477173,0.994991652754591,0.5316681534344335,producao,sem_alvo,v1
0.23,595,2586,1015,4,0.7573809523809524,0.3695652173913043,0.993322203672788,0.5387052965142598,producao,sem_alvo,v1
0.24,595,2602,999,4,0.7611904761904762,0.37327478042659973,0.993322203672788,0.5426356589147286,producao,sem_alvo,v1
0.25,595,2627,974,4,0.7671428571428571,0.3792224346717655,0.993322203672788,0.5488929889298892,producao,sem_alvo,v1
0.26,595,2640,961,4,0.7702380952380953,0.3823907455012853,0.993322203672788,0.5522041763341067,producao,sem_alvo,v1
0.27,595,2658,943,4,0.7745238095238095,0.38686605981794536,0.993322203672788,0.5568554047730463,producao,sem_alvo,v1
0.28,594,2666,935,5,0.7761904761904762,0.38848920863309355,0.991652754590985,0.5582706766917294,producao,sem_alvo,v1
0.29,593,2676,925,6,0.7783333333333333,0.3906455862977602,0.989983305509182,0.5602267359470949,producao,sem_alvo,v1
0.3,592,2684,917,7,0.78,0.39231278992710406,0.988313856427379,0.5616698292220114,producao,sem_alvo,v1
0.31,592,2693,908,7,0.7821428571428571,0.39466666666666667,0.988313856427379,0.5640781324440209,producao,sem_alvo,v1
0.32,592,2700,901,7,0.7838095238095238,0.3965170797052914,0.988313856427379,0.5659655831739961,producao,sem_alvo,v1
0.33,591,2710,891,8,0.785952380952381,0.39878542510121456,0.986644407345576,0.5679961556943777,producao,sem_alvo,v1
0.34,591,2717,884,8,0.7876190476190477,0.4006779661016949,0.986644407345576,0.5699132111861138,producao,sem_alvo,v1
0.35000000000000003,590,2726,875,9,0.7895238095238095,0.40273037542662116,0.9849749582637729,0.5717054263565892,producao,sem_alvo,v1
0.36,589,2734,867,10,0.7911904761904762,0.40453296703296704,0.9833055091819699,0.5732360097323601,producao,sem_alvo,v1
0.37,586,2739,862,13,0.7916666666666666,0.4046961325966851,0.9782971619365609,0.5725451880801172,producao,sem_alvo,v1
0.38,586,2744,857,13,0.7928571428571428,0.4060984060984061,0.9782971619365609,0.5739471106758081,producao,sem_alvo,v1
0.39,586,2752,849,13,0.7947619047619048,0.4083623693379791,0.9782971619365609,0.576204523107178,producao,sem_alvo,v1
0.4,584,2764,837,15,0.7971428571428572,0.41097818437719913,0.9749582637729549,0.5782178217821782,producao,sem_alvo,v1
0.41000000000000003,582,2774,827,17,0.799047619047619,0.41305890702625975,0.9716193656093489,0.5796812749003984,producao,sem_alvo,v1
0.42,581,2786,815,18,0.8016666666666666,0.416189111747851,0.9699499165275459,0.5824561403508772,producao,sem_alvo,v1
0.43,580,2800,801,19,0.8047619047619048,0.41998551774076753,0.9682804674457429,0.5858585858585859,producao,sem_alvo,v1
0.44,578,2804,797,21,0.8052380952380952,0.4203636363636364,0.9649415692821369,0.585612968591692,producao,sem_alvo,v1
0.45,577,2818,783,22,0.8083333333333333,0.42426470588235293,0.9632721202003339,0.5890760592138846,producao,sem_alvo,v1
0.46,577,2829,772,22,0.810952380952381,0.42772424017790955,0.9632721202003339,0.5924024640657084,producao,sem_alvo,v1
0.47000000000000003,574,2836,765,25,0.8119047619047619,0.42867811799850636,0.9582637729549248,0.5923632610939112,producao,sem_alvo,v1
0.48,571,2847,754,28,0.8138095238095238,0.4309433962264151,0.9532554257095158,0.5935550935550935,producao,sem_alvo,v1
0.49,567,2856,745,32,0.815,0.4321646341463415,0.9465776293823038,0.5934065934065934,producao,sem_alvo,v1
0.5,566,2867,734,33,0.8173809523809524,0.43538461538461537,0.9449081803005008,0.5961032122169563,producao,sem_alvo,v1
0.51,561,2874,727,38,0.8178571428571428,0.4355590062111801,0.9365609348914858,0.5945945945945946,producao,sem_alvo,v1
0.52,557,2882,719,42,0.8188095238095238,0.43652037617554856,0.9298831385642737,0.5941333333333333,producao,sem_alvo,v1
0.53,555,2894,707,44,0.8211904761904761,0.4397781299524564,0.9265442404006677,0.5964535196131112,producao,sem_alvo,v1
0.54,554,2898,703,45,0.8219047619047619,0.4407319013524264,0.9248747913188647,0.5969827586206896,producao,sem_alvo,v1
0.55,551,2910,691,48,0.824047619047619,0.44363929146537845,0.9198664440734557,0.5985877240630092,producao,sem_alvo,v1
0.56,547,2926,675,52,0.8269047619047619,0.44762684124386254,0.9131886477462438,0.600768808347062,producao,sem_alvo,v1
0.5700000000000001,545,2938,663,54,0.8292857142857143,0.451158940397351,0.9098497495826378,0.6032097399003874,producao,sem_alvo,v1
0.58,541,2947,654,58,0.8304761904761905,0.45271966527196655,0.9031719532554258,0.6031215161649944,producao,sem_alvo,v1
0.59,538,2957,644,61,0.8321428571428572,0.45516074450084604,0.8981636060100167,0.6041549691184728,producao,sem_alvo,v1
0.6,535,2967,634,64,0.8338095238095238,0.4576561163387511,0.8931552587646077,0.6052036199095022,producao,sem_alvo,v1
0.61,532,2979,622,67,0.835952380952381,0.4610051993067591,0.8881469115191987,0.6069594980034227,producao,sem_alvo,v1
0.62,529,2987,614,70,0.8371428571428572,0.46281714785651795,0.8831385642737897,0.6073478760045924,producao,sem_alvo,v1
0.63,528,2999,602,71,0.8397619047619047,0.4672566371681416,0.8814691151919867,0.6107576633892423,producao,sem_alvo,v1
0.64,526,3020,581,73,0.8442857142857143,0.4751580849141825,0.8781302170283807,0.6166471277842908,producao,sem_alvo,v1
0.65,519,3036,565,80,0.8464285714285714,0.47878228782287824,0.8664440734557596,0.6167557932263814,producao,sem_alvo,v1
0.66,505,3039,562,94,0.8438095238095238,0.4732895970009372,0.8430717863105175,0.6062424969987995,producao,sem_alvo,v1
0.67,478,3045,556,121,0.8388095238095238,0.4622823984526112,0.7979966611018364,0.5854255970606246,producao,sem_alvo,v1
0.68,473,3056,545,126,0.8402380952380952,0.46463654223968565,0.7896494156928213,0.5850340136054422,producao,sem_alvo,v1
0.6900000000000001,465,3071,530,134,0.8419047619047619,0.46733668341708545,0.7762938230383973,0.5834378920953576,producao,sem_alvo,v1
0.7000000000000001,459,3090,511,140,0.845,0.4731958762886598,0.7662771285475793,0.5850860420650096,producao,sem_alvo,v1
0.71,454,3104,497,145,0.8471428571428572,0.4773922187171398,0.7579298831385642,0.5858064516129032,producao,sem_alvo,v1
0.72,448,3122,479,151,0.85,0.48327939590075514,0.7479131886477463,0.5871559633027523,producao,sem_alvo,v1
0.73,443,3141,460,156,0.8533333333333334,0.49058693244739754,0.7395659432387313,0.5898801597869507,producao,sem_alvo,v1
0.74,437,3160,441,162,0.8564285714285714,0.4977220956719818,0.7295492487479132,0.5917400135409614,producao,sem_alvo,v1
0.75,429,3174,427,170,0.8578571428571429,0.5011682242990654,0.7161936560934892,0.5896907216494846,producao,sem_alvo,v1
0.76,418,3188,413,181,0.8585714285714285,0.5030084235860409,0.6978297161936561,0.5846153846153846,producao,sem_alvo,v1
0.77,407,3200,401,192,0.8588095238095238,0.5037128712871287,0.679465776293823,0.5785358919687278,producao,sem_alvo,v1
0.78,396,3229,372,203,0.8630952380952381,0.515625,0.66110183639399,0.5793708851499634,producao,sem_alvo,v1
0.79,386,3248,353,213,0.8652380952380953,0.5223274695534507,0.6444073455759599,0.5769805680119582,producao,sem_alvo,v1
0.8,372,3273,328,227,0.8678571428571429,0.5314285714285715,0.6210350584307178,0.5727482678983834,producao,sem_alvo,v1
0.81,359,3293,308,240,0.8695238095238095,0.5382308845577212,0.5993322203672788,0.5671406003159558,producao,sem_alvo,v1
0.8200000000000001,345,3313,288,254,0.8709523809523809,0.5450236966824644,0.5759599332220368,0.560064935064935,producao,sem_alvo,v1
0.8300000000000001,322,3348,253,277,0.8738095238095238,0.56,0.5375626043405676,0.5485519591141397,producao,sem_alvo,v1
0.84,306,3380,221,293,0.8776190476190476,0.5806451612903226,0.5108514190317195,0.5435168738898757,producao,sem_alvo,v1
0.85,300,3403,198,299,0.8816666666666667,0.6024096385542169,0.5008347245409015,0.5469462169553327,producao,sem_alvo,v1
0.86,289,3425,176,310,0.8842857142857142,0.621505376344086,0.48247078464106846,0.543233082706767,producao,sem_alvo,v1
0.87,272,3450,151,327,0.8861904761904762,0.6430260047281324,0.4540901502504174,0.5322896281800391,producao,sem_alvo,v1
0.88,255,3482,119,344,0.8897619047619048,0.6818181818181818,0.4257095158597663,0.5241521068859198,producao,sem_alvo,v1
0.89,234,3516,85,365,0.8928571428571429,0.7335423197492164,0.39065108514190316,0.5098039215686274,producao,sem_alvo,v1
0.9,207,3532,69,392,0.8902380952380953,0.75,0.34557595993322204,0.47314285714285714,producao,sem_alvo,v1
0.91,169,3546,55,430,0.8845238095238095,0.7544642857142857,0.28213689482470783,0.4106925880923451,producao,sem_alvo,v1
0.92,151,3560,41,448,0.8835714285714286,0.7864583333333334,0.25208681135225375,0.38179519595448796,producao,sem_alvo,v1
0.93,135,3568,33,464,0.8816666666666667,0.8035714285714286,0.22537562604340566,0.3520208604954368,producao,sem_alvo,v1
0.9400000000000001,104,3585,16,495,0.8783333333333333,0.8666666666666667,0.17362270450751252,0.28929068150208626,producao,sem_alvo,v1
0.9500000000000001,74,3592,9,525,0.8728571428571429,0.891566265060241,0.12353923205342238,0.21700879765395895,producao,sem_alvo,v1
0.96,36,3595,6,563,0.8645238095238095,0.8571428571428571,0.06010016694490818,0.11232449297971919,producao,sem_alvo,v1
0.97,31,3597,4,568,0.8638095238095238,0.8857142857142857,0.05175292153589316,0.09779179810725552,producao,sem_alvo,v1
0.98,10,3601,0,589,0.8597619047619047,1.0,0.01669449081803005,0.03284072249589491,producao,sem_alvo,v1
0.99,0,3601,0,599,0.8573809523809524,0.0,0.0,0.0,producao,sem_alvo,v1
1.0,0,3601,0,599,0.8573809523809524,0.0,0.0,0.0,producao,sem_alvo,v1
0.0,599,0,3601,0,0.14261904761904762,0.14261904761904762,1.0,0.24963534069597834,producao,sem_alvo,v2
0.01,599,1114,2487,0,0.40785714285714286,0.19410239792611794,1.0,0.32510176390773404,producao,sem_alvo,v2
0.02,599,1464,2137,0,0.4911904761904762,0.2189327485380117,1.0,0.35922038980509746,producao,sem_alvo,v2
0.03,599,1811,1790,0,0.5738095238095238,0.250732524068648,1.0,0.4009370816599732,producao,sem_alvo,v2
0.04,599,2039,1562,0,0.628095238095238,0.2771864877371587,1.0,0.4340579710144927,producao,sem_alvo,v2
0.05,599,2200,1401,0,0.6664285714285715,0.2995,1.0,0.4609465178914967,producao,sem_alvo,v2
0.06,597,2321,1280,2,0.6947619047619048,0.31806073521576983,0.996661101836394,0.48222940226171246,producao,sem_alvo,v2
0.07,596,2405,1196,3,0.7145238095238096,0.3325892857142857,0.994991652754591,0.4985361773316604,producao,sem_alvo,v2
0.08,594,2468,1133,5,0.729047619047619,0.34394904458598724,0.991652754590985,0.5107480653482374,producao,sem_alvo,v2
0.09,593,2525,1076,6,0.7423809523809524,0.35530257639304974,0.989983305509182,0.5229276895943563,producao,sem_alvo,v2
0.1,589,2578,1023,10,0.7540476190476191,0.36538461538461536,0.9833055091819699,0.532790592492085,producao,sem_alvo,v2
0.11,587,2617,984,12,0.7628571428571429,0.3736473583704647,0.9799666110183639,0.5410138248847927,producao,sem_alvo,v2
0.12,584,2643,958,15,0.7683333333333333,0.3787289234760052,0.9749582637729549,0.5455394675385334,producao,sem_alvo,v2
0.13,579,2670,931,20,0.7735714285714286,0.3834437086092715,0.9666110183639399,0.5490753911806543,producao,sem_alvo,v2
0.14,575,2691,910,24,0.7776190476190477,0.3872053872053872,0.9599332220367279,0.5518234165067178,producao,sem_alvo,v2
0.15,573,2709,892,26,0.7814285714285715,0.39112627986348125,0.9565943238731218,0.5552325581395349,producao,sem_alvo,v2
0.16,573,2724,877,26,0.785,0.39517241379310347,0.9565943238731218,0.5592972181551976,producao,sem_alvo,v2
0.17,572,2748,853,27,0.7904761904761904,0.4014035087719298,0.9549248747913188,0.5652173913043478,producao,sem_alvo,v2
0.18,570,2766,835,29,0.7942857142857143,0.40569395017793597,0.9515859766277128,0.5688622754491018,producao,sem_alvo,v2
0.19,566,2795,806,33,0.8002380952380952,0.41253644314868804,0.9449081803005008,0.5743277524099442,producao,sem_alvo,v2
0.2,563,2820,781,36,0.8054761904761905,0.41889880952380953,0.9398998330550918,0.5795162120432321,producao,sem_alvo,v2
0.21,561,2839,762,38,0.8095238095238095,0.42403628117913833,0.9365609348914858,0.5837669094693028,producao,sem_alvo,v2
0.22,558,2851,750,41,0.8116666666666666,0.42660550458715596,0.9315525876460768,0.5852123754588359,producao,sem_alvo,v2
0.23,554,2867,734,45,0.8145238095238095,0.4301242236024845,0.9248747913188647,0.5871754107048225,producao,sem_alvo,v2
0.24,551,2884,717,48,0.8178571428571428,0.43454258675078866,0.9198664440734557,0.5902517407605785,producao,sem_alvo,v2
0.25,548,2894,707,51,0.8195238095238095,0.4366533864541833,0.9148580968280468,0.5911542610571737,producao,sem_alvo,v2
0.26,547,2910,691,52,0.8230952380952381,0.4418416801292407,0.9131886477462438,0.5955362003266195,producao,sem_alvo,v2
0.27,545,2917,684,54,0.8242857142857143,0.4434499593165175,0.9098497495826378,0.5962800875273523,producao,sem_alvo,v2
0.28,543,2929,672,56,0.8266666666666667,0.4469135802469136,0.9065108514190318,0.5986769570011026,producao,sem_alvo,v2
0.29,539,2940,661,60,0.8283333333333334,0.44916666666666666,0.8998330550918197,0.5992217898832685,producao,sem_alvo,v2
0.3,536,2949,652,63,0.8297619047619048,0.4511784511784512,0.8948247078464107,0.599888080581981,producao,sem_alvo,v2
0.31,534,2958,643,65,0.8314285714285714,0.453695836873407,0.8914858096828047,0.6013513513513513,producao,sem_alvo,v2
0.32,530,2960,641,69,0.830952380952381,0.45260461144321096,0.8848080133555927,0.5988700564971752,producao,sem_alvo,v2
0.33,526,2968,633,73,0.8319047619047619,0.453839516824849,0.8781302170283807,0.5984072810011376,producao,sem_alvo,v2
0.34,525,2977,624,74,0.8338095238095238,0.45691906005221933,0.8764607679465777,0.6006864988558352,producao,sem_alvo,v2
0.35000000000000003,520,2981,620,79,0.8335714285714285,0.45614035087719296,0.8681135225375626,0.5980448533640023,producao,sem_alvo,v2
0.36,515,2987,614,84,0.8338095238095238,0.4561558901682905,0.8597662771285476,0.5960648148148148,producao,sem_alvo,v2
0.37,509,2996,605,90,0.8345238095238096,0.45691202872531417,0.8497495826377296,0.5942790426152949,producao,sem_alvo,v2
0.38,507,3003,598,92,0.8357142857142857,0.4588235294117647,0.8464106844741235,0.5950704225352113,producao,sem_alvo,v2
0.39,502,3015,586,97,0.8373809523809523,0.46139705882352944,0.8380634390651085,0.5951393005334914,producao,sem_alvo,v2
0.4,501,3026,575,98,0.8397619047619047,0.4656133828996282,0.8363939899833055,0.5982089552238806,producao,sem_alvo,v2
0.41000000000000003,500,3034,567,99,0.8414285714285714,0.46860356138706655,0.8347245409015025,0.6002400960384153,producao,sem_alvo,v2
0.42,495,3043,558,104,0.8423809523809523,0.4700854700854701,0.8263772954924875,0.5992736077481841,producao,sem_alvo,v2
0.43,492,3048,553,107,0.8428571428571429,0.47081339712918663,0.8213689482470785,0.5985401459854015,producao,sem_alvo,v2
0.44,487,3056,545,112,0.8435714285714285,0.47189922480620156,0.8130217028380634,0.5971796443899449,producao,sem_alvo,v2
0.45,483,3068,533,116,0.8454761904761905,0.47539370078740156,0.8063439065108514,0.5981424148606811,producao,sem_alvo,v2
0.46,478,3082,519,121,0.8476190476190476,0.4794383149448345,0.7979966611018364,0.5989974937343359,producao,sem_alvo,v2
0.47000000000000003,475,3097,504,124,0.8504761904761905,0.4851889683350358,0.7929883138564274,0.6020278833967047,producao,sem_alvo,v2
0.48,469,3110,491,130,0.8521428571428571,0.48854166666666665,0.7829716193656093,0.6016677357280308,producao,sem_alvo,v2
0.49,464,3123,478,135,0.854047619047619,0.49256900212314225,0.7746243739565943,0.6022063595068138,producao,sem_alvo,v2
0.5,462,3137,464,137,0.856904761904762,0.49892008639308855,0.7712854757929883,0.6059016393442623,producao,sem_alvo,v2
0.51,455,3150,451,144,0.8583333333333333,0.5022075055187638,0.7595993322203672,0.6046511627906976,producao,sem_alvo,v2
0.52,452,3164,437,147,0.8609523809523809,0.5084364454443194,0.7545909849749582,0.6075268817204301,producao,sem_alvo,v2
0.53,442,3182,419,157,0.8628571428571429,0.5133565621370499,0.7378964941569283,0.6054794520547945,producao,sem_alvo,v2
0.54,437,3207,394,162,0.8676190476190476,0.5258724428399518,0.7295492487479132,0.6111888111888112,producao,sem_alvo,v2
0.55,432,3223,378,167,0.8702380952380953,0.5333333333333333,0.7212020033388982,0.6132008516678495,producao,sem_alvo,v2
0.56,422,3246,355,177,0.8733333333333333,0.5431145431145431,0.7045075125208681,0.6133720930232558,producao,sem_alvo,v2
0.5700000000000001,413,3269,332,186,0.8766666666666667,0.5543624161073826,0.6894824707846411,0.6145833333333334,producao,sem_alvo,v2
0.58,400,3285,316,199,0.8773809523809524,0.5586592178770949,0.667779632721202,0.6083650190114068,producao,sem_alvo,v2
0.59,393,3302,299,206,0.8797619047619047,0.5679190751445087,0.656093489148581,0.6088303640588691,producao,sem_alvo,v2
0.6,381,3315,286,218,0.88,0.5712143928035982,0.6360601001669449,0.6018957345971564,producao,sem_alvo,v2
0.61,375,3319,282,224,0.8795238095238095,0.5707762557077626,0.6260434056761269,0.5971337579617835,producao,sem_alvo,v2
0.62,363,3330,271,236,0.8792857142857143,0.5725552050473186,0.6060100166944908,0.5888077858880778,producao,sem_alvo,v2
0.63,350,3339,262,249,0.8783333333333333,0.5718954248366013,0.5843071786310517,0.5780346820809249,producao,sem_alvo,v2
0.64,340,3349,252,259,0.8783333333333333,0.5743243243243243,0.5676126878130217,0.5709487825356843,producao,sem_alvo,v2
0.65,331,3364,237,268,0.8797619047619047,0.5827464788732394,0.5525876460767947,0.5672664952870609,producao,sem_alvo,v2
0.66,324,3379,222,275,0.8816666666666667,0.5934065934065934,0.5409015025041736,0.5659388646288209,producao,sem_alvo,v2
0.67,318,3391,210,281,0.883095238095238,0.6022727272727273,0.5308848080133556,0.5643300798580302,producao,sem_alvo,v2
0.68,309,3399,202,290,0.8828571428571429,0.6046966731898239,0.5158597662771286,0.5567567567567567,producao,sem_alvo,v2
0.6900000000000001,306,3410,191,293,0.8847619047619047,0.6156941649899397,0.5108514190317195,0.5583941605839416,producao,sem_alvo,v2
0.7000000000000001,301,3422,179,298,0.8864285714285715,0.6270833333333333,0.5025041736227045,0.5579240037071362,producao,sem_alvo,v2
0.71,294,3433,168,305,0.8873809523809524,0.6363636363636364,0.49081803005008345,0.5541941564561734,producao,sem_alvo,v2
0.72,281,3441,160,318,0.8861904761904762,0.63718820861678,0.4691151919866444,0.5403846153846154,producao,sem_alvo,v2
0.73,267,3447,154,332,0.8842857142857142,0.6342042755344418,0.44574290484140233,0.5235294117647059,producao,sem_alvo,v2
0.74,254,3460,141,345,0.8842857142857142,0.6430379746835443,0.4240400667779633,0.5110663983903421,producao,sem_alvo,v2
0.75,237,3465,136,362,0.8814285714285715,0.6353887399463807,0.39565943238731216,0.4876543209876543,producao,sem_alvo,v2
0.76,222,3472,129,377,0.8795238095238095,0.6324786324786325,0.37061769616026713,0.4673684210526316,producao,sem_alvo,v2
0.77,214,3485,116,385,0.8807142857142857,0.6484848484848484,0.3572621035058431,0.4607104413347686,producao,sem_alvo,v2
0.78,201,3502,99,398,0.8816666666666667,0.67,0.335559265442404,0.4471635150166852,producao,sem_alvo,v2
0.79,190,3514,87,409,0.8819047619047619,0.6859205776173285,0.31719532554257096,0.4337899543378995,producao,sem_alvo,v2
0.8,182,3522,79,417,0.8819047619047619,0.6973180076628352,0.3038397328881469,0.4232558139534884,producao,sem_alvo,v2
0.81,174,3533,68,425,0.8826190476190476,0.71900826446281,0.2904841402337229,0.41379310344827586,producao,sem_alvo,v2
0.8200000000000001,159,3541,60,440,0.8809523809523809,0.726027397260274,0.2654424040066778,0.38875305623471884,producao,sem_alvo,v2
0.8300000000000001,140,3554,47,459,0.8795238095238095,0.7486631016042781,0.2337228714524207,0.356234096692112,producao,sem_alvo,v2
0.84,126,3563,38,473,0.8783333333333333,0.7682926829268293,0.21035058430717862,0.3302752293577982,producao,sem_alvo,v2
0.85,115,3575,26,484,0.8785714285714286,0.8156028368794326,0.19198664440734559,0.3108108108108108,producao,sem_alvo,v2
0.86,109,3580,21,490,0.8783333333333333,0.8384615384615385,0.18196994991652754,0.299039780521262,producao,sem_alvo,v2
0.87,102,3585,16,497,0.8778571428571429,0.864406779661017,0.17028380634390652,0.28451882845188287,producao,sem_alvo,v2
0.88,87,3590,11,512,0.8754761904761905,0.8877551020408163,0.14524207011686144,0.24964131994261118,producao,sem_alvo,v2
0.89,75,3592,9,524,0.8730952380952381,0.8928571428571429,0.12520868113522537,0.21961932650073207,producao,sem_alvo,v2
0.9,64,3595,6,535,0.8711904761904762,0.9142857142857143,0.10684474123539232,0.19133034379671152,producao,sem_alvo,v2
0.91,55,3597,4,544,0.8695238095238095,0.9322033898305084,0.09181969949916527,0.16717325227963525,producao,sem_alvo,v2
0.92,40,3598,3,559,0.8661904761904762,0.9302325581395349,0.0667779632721202,0.12461059190031153,producao,sem_alvo,v2
0.93,20,3599,2,579,0.8616666666666667,0.9090909090909091,0.0333889816360601,0.0644122383252818,producao,sem_alvo,v2
0.9400000000000001,14,3599,2,585,0.8602380952380952,0.875,0.02337228714524207,0.04552845528455285,producao,sem_alvo,v2
0.9500000000000001,10,3601,0,589,0.8597619047619047,1.0,0.01669449081803005,0.03284072249589491,producao,sem_alvo,v2
0.96,5,3601,0,594,0.8585714285714285,1.0,0.008347245409015025,0.016556291390728478,producao,sem_alvo,v2
0.97,1,3601,0,598,0.8576190476190476,1.0,0.001669449081803005,0.0033333333333333335,producao,sem_alvo,v2
0.98,1,3601,0,598,0.8576190476190476,1.0,0.001669449081803005,0.0033333333333333335,producao,sem_alvo,v2
0.99,0,3601,0,599,0.8573809523809524,0.0,0.0,0.0,producao,sem_alvo,v2
1.0,0,3601,0,599,0.8573809523809524,0.0,0.0,0.0,producao,sem_alvo,v2
